
****** Vivado v2025.2 (64-bit)
  **** SW Build 6299465 on Fri Nov 14 12:34:56 MST 2025
  **** IP Build 6300035 on Fri Nov 14 10:48:45 MST 2025
  **** SharedData Build 6298862 on Thu Nov 13 04:50:51 MST 2025
  **** Start of session at: Tue Jul 28 17:22:53 2026
    ** Copyright 1986-2022 Xilinx, Inc. All Rights Reserved.
    ** Copyright 2022-2025 Advanced Micro Devices, Inc. All Rights Reserved.

source run.tcl
# create_project -part xc7a100tcsg324-1 -in_memory sched_probe
# read_verilog -sv batchdnn_pp_scheduler.sv
# read_xdc c.xdc
# synth_design -top batchdnn_pp_scheduler -part xc7a100tcsg324-1 -mode out_of_context 
Command: synth_design -top batchdnn_pp_scheduler -part xc7a100tcsg324-1 -mode out_of_context
Starting synth_design
Attempting to get a license for feature 'Synthesis' and/or device 'xc7a100t'
INFO: [Common 17-349] Got license for feature 'Synthesis' and/or device 'xc7a100t'
INFO: [Device 21-403] Loading part xc7a100tcsg324-1
INFO: [Synth 8-7079] Multithreading enabled for synth_design using a maximum of 7 processes.
INFO: [Synth 8-7078] Launching helper process for spawning children vivado processes
INFO: [Synth 8-7075] Helper process launched with PID 4408
---------------------------------------------------------------------------------
Starting RTL Elaboration : Time (s): cpu = 00:00:03 ; elapsed = 00:00:03 . Memory (MB): peak = 2277.613 ; gain = 487.594 ; free physical = 9438 ; free virtual = 16241
---------------------------------------------------------------------------------
INFO: [Synth 8-6157] synthesizing module 'batchdnn_pp_scheduler' [/tmp/sched_synth_BATCHDNN_PP_7f2q1qva/batchdnn_pp_scheduler.sv:41]
INFO: [Synth 8-6155] done synthesizing module 'batchdnn_pp_scheduler' (0#1) [/tmp/sched_synth_BATCHDNN_PP_7f2q1qva/batchdnn_pp_scheduler.sv:41]
WARNING: [Synth 8-6014] Unused sequential element sched_table_reg[31][valid] was removed.  [/tmp/sched_synth_BATCHDNN_PP_7f2q1qva/batchdnn_pp_scheduler.sv:303]
WARNING: [Synth 8-6014] Unused sequential element sched_table_reg[31][mem_cycles] was removed.  [/tmp/sched_synth_BATCHDNN_PP_7f2q1qva/batchdnn_pp_scheduler.sv:303]
WARNING: [Synth 8-6014] Unused sequential element sched_table_reg[31][compute_cycles] was removed.  [/tmp/sched_synth_BATCHDNN_PP_7f2q1qva/batchdnn_pp_scheduler.sv:303]
WARNING: [Synth 8-6014] Unused sequential element sched_table_reg[31][requested_batch] was removed.  [/tmp/sched_synth_BATCHDNN_PP_7f2q1qva/batchdnn_pp_scheduler.sv:303]
WARNING: [Synth 8-6014] Unused sequential element sched_table_reg[31][max_batch] was removed.  [/tmp/sched_synth_BATCHDNN_PP_7f2q1qva/batchdnn_pp_scheduler.sv:303]
WARNING: [Synth 8-6014] Unused sequential element sched_table_reg[30][valid] was removed.  [/tmp/sched_synth_BATCHDNN_PP_7f2q1qva/batchdnn_pp_scheduler.sv:303]
WARNING: [Synth 8-6014] Unused sequential element sched_table_reg[30][mem_cycles] was removed.  [/tmp/sched_synth_BATCHDNN_PP_7f2q1qva/batchdnn_pp_scheduler.sv:303]
WARNING: [Synth 8-6014] Unused sequential element sched_table_reg[30][compute_cycles] was removed.  [/tmp/sched_synth_BATCHDNN_PP_7f2q1qva/batchdnn_pp_scheduler.sv:303]
WARNING: [Synth 8-6014] Unused sequential element sched_table_reg[30][requested_batch] was removed.  [/tmp/sched_synth_BATCHDNN_PP_7f2q1qva/batchdnn_pp_scheduler.sv:303]
WARNING: [Synth 8-6014] Unused sequential element sched_table_reg[30][max_batch] was removed.  [/tmp/sched_synth_BATCHDNN_PP_7f2q1qva/batchdnn_pp_scheduler.sv:303]
WARNING: [Synth 8-6014] Unused sequential element sched_table_reg[29][valid] was removed.  [/tmp/sched_synth_BATCHDNN_PP_7f2q1qva/batchdnn_pp_scheduler.sv:303]
WARNING: [Synth 8-6014] Unused sequential element sched_table_reg[29][mem_cycles] was removed.  [/tmp/sched_synth_BATCHDNN_PP_7f2q1qva/batchdnn_pp_scheduler.sv:303]
WARNING: [Synth 8-6014] Unused sequential element sched_table_reg[29][compute_cycles] was removed.  [/tmp/sched_synth_BATCHDNN_PP_7f2q1qva/batchdnn_pp_scheduler.sv:303]
WARNING: [Synth 8-6014] Unused sequential element sched_table_reg[29][requested_batch] was removed.  [/tmp/sched_synth_BATCHDNN_PP_7f2q1qva/batchdnn_pp_scheduler.sv:303]
WARNING: [Synth 8-6014] Unused sequential element sched_table_reg[29][max_batch] was removed.  [/tmp/sched_synth_BATCHDNN_PP_7f2q1qva/batchdnn_pp_scheduler.sv:303]
WARNING: [Synth 8-6014] Unused sequential element sched_table_reg[28][valid] was removed.  [/tmp/sched_synth_BATCHDNN_PP_7f2q1qva/batchdnn_pp_scheduler.sv:303]
WARNING: [Synth 8-6014] Unused sequential element sched_table_reg[28][mem_cycles] was removed.  [/tmp/sched_synth_BATCHDNN_PP_7f2q1qva/batchdnn_pp_scheduler.sv:303]
WARNING: [Synth 8-6014] Unused sequential element sched_table_reg[28][compute_cycles] was removed.  [/tmp/sched_synth_BATCHDNN_PP_7f2q1qva/batchdnn_pp_scheduler.sv:303]
WARNING: [Synth 8-6014] Unused sequential element sched_table_reg[28][requested_batch] was removed.  [/tmp/sched_synth_BATCHDNN_PP_7f2q1qva/batchdnn_pp_scheduler.sv:303]
WARNING: [Synth 8-6014] Unused sequential element sched_table_reg[28][max_batch] was removed.  [/tmp/sched_synth_BATCHDNN_PP_7f2q1qva/batchdnn_pp_scheduler.sv:303]
WARNING: [Synth 8-6014] Unused sequential element sched_table_reg[27][valid] was removed.  [/tmp/sched_synth_BATCHDNN_PP_7f2q1qva/batchdnn_pp_scheduler.sv:303]
WARNING: [Synth 8-6014] Unused sequential element sched_table_reg[27][mem_cycles] was removed.  [/tmp/sched_synth_BATCHDNN_PP_7f2q1qva/batchdnn_pp_scheduler.sv:303]
WARNING: [Synth 8-6014] Unused sequential element sched_table_reg[27][compute_cycles] was removed.  [/tmp/sched_synth_BATCHDNN_PP_7f2q1qva/batchdnn_pp_scheduler.sv:303]
WARNING: [Synth 8-6014] Unused sequential element sched_table_reg[27][requested_batch] was removed.  [/tmp/sched_synth_BATCHDNN_PP_7f2q1qva/batchdnn_pp_scheduler.sv:303]
WARNING: [Synth 8-6014] Unused sequential element sched_table_reg[27][max_batch] was removed.  [/tmp/sched_synth_BATCHDNN_PP_7f2q1qva/batchdnn_pp_scheduler.sv:303]
WARNING: [Synth 8-6014] Unused sequential element sched_table_reg[26][valid] was removed.  [/tmp/sched_synth_BATCHDNN_PP_7f2q1qva/batchdnn_pp_scheduler.sv:303]
WARNING: [Synth 8-6014] Unused sequential element sched_table_reg[26][mem_cycles] was removed.  [/tmp/sched_synth_BATCHDNN_PP_7f2q1qva/batchdnn_pp_scheduler.sv:303]
WARNING: [Synth 8-6014] Unused sequential element sched_table_reg[26][compute_cycles] was removed.  [/tmp/sched_synth_BATCHDNN_PP_7f2q1qva/batchdnn_pp_scheduler.sv:303]
WARNING: [Synth 8-6014] Unused sequential element sched_table_reg[26][requested_batch] was removed.  [/tmp/sched_synth_BATCHDNN_PP_7f2q1qva/batchdnn_pp_scheduler.sv:303]
WARNING: [Synth 8-6014] Unused sequential element sched_table_reg[26][max_batch] was removed.  [/tmp/sched_synth_BATCHDNN_PP_7f2q1qva/batchdnn_pp_scheduler.sv:303]
WARNING: [Synth 8-6014] Unused sequential element sched_table_reg[25][valid] was removed.  [/tmp/sched_synth_BATCHDNN_PP_7f2q1qva/batchdnn_pp_scheduler.sv:303]
WARNING: [Synth 8-6014] Unused sequential element sched_table_reg[25][mem_cycles] was removed.  [/tmp/sched_synth_BATCHDNN_PP_7f2q1qva/batchdnn_pp_scheduler.sv:303]
WARNING: [Synth 8-6014] Unused sequential element sched_table_reg[25][compute_cycles] was removed.  [/tmp/sched_synth_BATCHDNN_PP_7f2q1qva/batchdnn_pp_scheduler.sv:303]
WARNING: [Synth 8-6014] Unused sequential element sched_table_reg[25][requested_batch] was removed.  [/tmp/sched_synth_BATCHDNN_PP_7f2q1qva/batchdnn_pp_scheduler.sv:303]
WARNING: [Synth 8-6014] Unused sequential element sched_table_reg[25][max_batch] was removed.  [/tmp/sched_synth_BATCHDNN_PP_7f2q1qva/batchdnn_pp_scheduler.sv:303]
WARNING: [Synth 8-6014] Unused sequential element sched_table_reg[24][valid] was removed.  [/tmp/sched_synth_BATCHDNN_PP_7f2q1qva/batchdnn_pp_scheduler.sv:303]
WARNING: [Synth 8-6014] Unused sequential element sched_table_reg[24][mem_cycles] was removed.  [/tmp/sched_synth_BATCHDNN_PP_7f2q1qva/batchdnn_pp_scheduler.sv:303]
WARNING: [Synth 8-6014] Unused sequential element sched_table_reg[24][compute_cycles] was removed.  [/tmp/sched_synth_BATCHDNN_PP_7f2q1qva/batchdnn_pp_scheduler.sv:303]
WARNING: [Synth 8-6014] Unused sequential element sched_table_reg[24][requested_batch] was removed.  [/tmp/sched_synth_BATCHDNN_PP_7f2q1qva/batchdnn_pp_scheduler.sv:303]
WARNING: [Synth 8-6014] Unused sequential element sched_table_reg[24][max_batch] was removed.  [/tmp/sched_synth_BATCHDNN_PP_7f2q1qva/batchdnn_pp_scheduler.sv:303]
WARNING: [Synth 8-6014] Unused sequential element sched_table_reg[23][valid] was removed.  [/tmp/sched_synth_BATCHDNN_PP_7f2q1qva/batchdnn_pp_scheduler.sv:303]
WARNING: [Synth 8-6014] Unused sequential element sched_table_reg[23][mem_cycles] was removed.  [/tmp/sched_synth_BATCHDNN_PP_7f2q1qva/batchdnn_pp_scheduler.sv:303]
WARNING: [Synth 8-6014] Unused sequential element sched_table_reg[23][compute_cycles] was removed.  [/tmp/sched_synth_BATCHDNN_PP_7f2q1qva/batchdnn_pp_scheduler.sv:303]
WARNING: [Synth 8-6014] Unused sequential element sched_table_reg[23][requested_batch] was removed.  [/tmp/sched_synth_BATCHDNN_PP_7f2q1qva/batchdnn_pp_scheduler.sv:303]
WARNING: [Synth 8-6014] Unused sequential element sched_table_reg[23][max_batch] was removed.  [/tmp/sched_synth_BATCHDNN_PP_7f2q1qva/batchdnn_pp_scheduler.sv:303]
WARNING: [Synth 8-6014] Unused sequential element sched_table_reg[22][valid] was removed.  [/tmp/sched_synth_BATCHDNN_PP_7f2q1qva/batchdnn_pp_scheduler.sv:303]
WARNING: [Synth 8-6014] Unused sequential element sched_table_reg[22][mem_cycles] was removed.  [/tmp/sched_synth_BATCHDNN_PP_7f2q1qva/batchdnn_pp_scheduler.sv:303]
WARNING: [Synth 8-6014] Unused sequential element sched_table_reg[22][compute_cycles] was removed.  [/tmp/sched_synth_BATCHDNN_PP_7f2q1qva/batchdnn_pp_scheduler.sv:303]
WARNING: [Synth 8-6014] Unused sequential element sched_table_reg[22][requested_batch] was removed.  [/tmp/sched_synth_BATCHDNN_PP_7f2q1qva/batchdnn_pp_scheduler.sv:303]
WARNING: [Synth 8-6014] Unused sequential element sched_table_reg[22][max_batch] was removed.  [/tmp/sched_synth_BATCHDNN_PP_7f2q1qva/batchdnn_pp_scheduler.sv:303]
WARNING: [Synth 8-6014] Unused sequential element sched_table_reg[21][valid] was removed.  [/tmp/sched_synth_BATCHDNN_PP_7f2q1qva/batchdnn_pp_scheduler.sv:303]
WARNING: [Synth 8-6014] Unused sequential element sched_table_reg[21][mem_cycles] was removed.  [/tmp/sched_synth_BATCHDNN_PP_7f2q1qva/batchdnn_pp_scheduler.sv:303]
WARNING: [Synth 8-6014] Unused sequential element sched_table_reg[21][compute_cycles] was removed.  [/tmp/sched_synth_BATCHDNN_PP_7f2q1qva/batchdnn_pp_scheduler.sv:303]
WARNING: [Synth 8-6014] Unused sequential element sched_table_reg[21][requested_batch] was removed.  [/tmp/sched_synth_BATCHDNN_PP_7f2q1qva/batchdnn_pp_scheduler.sv:303]
WARNING: [Synth 8-6014] Unused sequential element sched_table_reg[21][max_batch] was removed.  [/tmp/sched_synth_BATCHDNN_PP_7f2q1qva/batchdnn_pp_scheduler.sv:303]
WARNING: [Synth 8-6014] Unused sequential element sched_table_reg[20][valid] was removed.  [/tmp/sched_synth_BATCHDNN_PP_7f2q1qva/batchdnn_pp_scheduler.sv:303]
WARNING: [Synth 8-6014] Unused sequential element sched_table_reg[20][mem_cycles] was removed.  [/tmp/sched_synth_BATCHDNN_PP_7f2q1qva/batchdnn_pp_scheduler.sv:303]
WARNING: [Synth 8-6014] Unused sequential element sched_table_reg[20][compute_cycles] was removed.  [/tmp/sched_synth_BATCHDNN_PP_7f2q1qva/batchdnn_pp_scheduler.sv:303]
WARNING: [Synth 8-6014] Unused sequential element sched_table_reg[20][requested_batch] was removed.  [/tmp/sched_synth_BATCHDNN_PP_7f2q1qva/batchdnn_pp_scheduler.sv:303]
WARNING: [Synth 8-6014] Unused sequential element sched_table_reg[20][max_batch] was removed.  [/tmp/sched_synth_BATCHDNN_PP_7f2q1qva/batchdnn_pp_scheduler.sv:303]
WARNING: [Synth 8-6014] Unused sequential element sched_table_reg[19][valid] was removed.  [/tmp/sched_synth_BATCHDNN_PP_7f2q1qva/batchdnn_pp_scheduler.sv:303]
WARNING: [Synth 8-6014] Unused sequential element sched_table_reg[19][mem_cycles] was removed.  [/tmp/sched_synth_BATCHDNN_PP_7f2q1qva/batchdnn_pp_scheduler.sv:303]
WARNING: [Synth 8-6014] Unused sequential element sched_table_reg[19][compute_cycles] was removed.  [/tmp/sched_synth_BATCHDNN_PP_7f2q1qva/batchdnn_pp_scheduler.sv:303]
WARNING: [Synth 8-6014] Unused sequential element sched_table_reg[19][requested_batch] was removed.  [/tmp/sched_synth_BATCHDNN_PP_7f2q1qva/batchdnn_pp_scheduler.sv:303]
WARNING: [Synth 8-6014] Unused sequential element sched_table_reg[19][max_batch] was removed.  [/tmp/sched_synth_BATCHDNN_PP_7f2q1qva/batchdnn_pp_scheduler.sv:303]
WARNING: [Synth 8-6014] Unused sequential element sched_table_reg[18][valid] was removed.  [/tmp/sched_synth_BATCHDNN_PP_7f2q1qva/batchdnn_pp_scheduler.sv:303]
WARNING: [Synth 8-6014] Unused sequential element sched_table_reg[18][mem_cycles] was removed.  [/tmp/sched_synth_BATCHDNN_PP_7f2q1qva/batchdnn_pp_scheduler.sv:303]
WARNING: [Synth 8-6014] Unused sequential element sched_table_reg[18][compute_cycles] was removed.  [/tmp/sched_synth_BATCHDNN_PP_7f2q1qva/batchdnn_pp_scheduler.sv:303]
WARNING: [Synth 8-6014] Unused sequential element sched_table_reg[18][requested_batch] was removed.  [/tmp/sched_synth_BATCHDNN_PP_7f2q1qva/batchdnn_pp_scheduler.sv:303]
WARNING: [Synth 8-6014] Unused sequential element sched_table_reg[18][max_batch] was removed.  [/tmp/sched_synth_BATCHDNN_PP_7f2q1qva/batchdnn_pp_scheduler.sv:303]
WARNING: [Synth 8-6014] Unused sequential element sched_table_reg[17][valid] was removed.  [/tmp/sched_synth_BATCHDNN_PP_7f2q1qva/batchdnn_pp_scheduler.sv:303]
WARNING: [Synth 8-6014] Unused sequential element sched_table_reg[17][mem_cycles] was removed.  [/tmp/sched_synth_BATCHDNN_PP_7f2q1qva/batchdnn_pp_scheduler.sv:303]
WARNING: [Synth 8-6014] Unused sequential element sched_table_reg[17][compute_cycles] was removed.  [/tmp/sched_synth_BATCHDNN_PP_7f2q1qva/batchdnn_pp_scheduler.sv:303]
WARNING: [Synth 8-6014] Unused sequential element sched_table_reg[17][requested_batch] was removed.  [/tmp/sched_synth_BATCHDNN_PP_7f2q1qva/batchdnn_pp_scheduler.sv:303]
WARNING: [Synth 8-6014] Unused sequential element sched_table_reg[17][max_batch] was removed.  [/tmp/sched_synth_BATCHDNN_PP_7f2q1qva/batchdnn_pp_scheduler.sv:303]
WARNING: [Synth 8-6014] Unused sequential element sched_table_reg[16][valid] was removed.  [/tmp/sched_synth_BATCHDNN_PP_7f2q1qva/batchdnn_pp_scheduler.sv:303]
WARNING: [Synth 8-6014] Unused sequential element sched_table_reg[16][mem_cycles] was removed.  [/tmp/sched_synth_BATCHDNN_PP_7f2q1qva/batchdnn_pp_scheduler.sv:303]
WARNING: [Synth 8-6014] Unused sequential element sched_table_reg[16][compute_cycles] was removed.  [/tmp/sched_synth_BATCHDNN_PP_7f2q1qva/batchdnn_pp_scheduler.sv:303]
WARNING: [Synth 8-6014] Unused sequential element sched_table_reg[16][requested_batch] was removed.  [/tmp/sched_synth_BATCHDNN_PP_7f2q1qva/batchdnn_pp_scheduler.sv:303]
WARNING: [Synth 8-6014] Unused sequential element sched_table_reg[16][max_batch] was removed.  [/tmp/sched_synth_BATCHDNN_PP_7f2q1qva/batchdnn_pp_scheduler.sv:303]
WARNING: [Synth 8-6014] Unused sequential element sched_table_reg[15][valid] was removed.  [/tmp/sched_synth_BATCHDNN_PP_7f2q1qva/batchdnn_pp_scheduler.sv:303]
WARNING: [Synth 8-6014] Unused sequential element sched_table_reg[15][mem_cycles] was removed.  [/tmp/sched_synth_BATCHDNN_PP_7f2q1qva/batchdnn_pp_scheduler.sv:303]
WARNING: [Synth 8-6014] Unused sequential element sched_table_reg[15][compute_cycles] was removed.  [/tmp/sched_synth_BATCHDNN_PP_7f2q1qva/batchdnn_pp_scheduler.sv:303]
WARNING: [Synth 8-6014] Unused sequential element sched_table_reg[15][requested_batch] was removed.  [/tmp/sched_synth_BATCHDNN_PP_7f2q1qva/batchdnn_pp_scheduler.sv:303]
WARNING: [Synth 8-6014] Unused sequential element sched_table_reg[15][max_batch] was removed.  [/tmp/sched_synth_BATCHDNN_PP_7f2q1qva/batchdnn_pp_scheduler.sv:303]
WARNING: [Synth 8-6014] Unused sequential element sched_table_reg[14][valid] was removed.  [/tmp/sched_synth_BATCHDNN_PP_7f2q1qva/batchdnn_pp_scheduler.sv:303]
WARNING: [Synth 8-6014] Unused sequential element sched_table_reg[14][mem_cycles] was removed.  [/tmp/sched_synth_BATCHDNN_PP_7f2q1qva/batchdnn_pp_scheduler.sv:303]
WARNING: [Synth 8-6014] Unused sequential element sched_table_reg[14][compute_cycles] was removed.  [/tmp/sched_synth_BATCHDNN_PP_7f2q1qva/batchdnn_pp_scheduler.sv:303]
WARNING: [Synth 8-6014] Unused sequential element sched_table_reg[14][requested_batch] was removed.  [/tmp/sched_synth_BATCHDNN_PP_7f2q1qva/batchdnn_pp_scheduler.sv:303]
WARNING: [Synth 8-6014] Unused sequential element sched_table_reg[14][max_batch] was removed.  [/tmp/sched_synth_BATCHDNN_PP_7f2q1qva/batchdnn_pp_scheduler.sv:303]
WARNING: [Synth 8-6014] Unused sequential element sched_table_reg[13][valid] was removed.  [/tmp/sched_synth_BATCHDNN_PP_7f2q1qva/batchdnn_pp_scheduler.sv:303]
WARNING: [Synth 8-6014] Unused sequential element sched_table_reg[13][mem_cycles] was removed.  [/tmp/sched_synth_BATCHDNN_PP_7f2q1qva/batchdnn_pp_scheduler.sv:303]
WARNING: [Synth 8-6014] Unused sequential element sched_table_reg[13][compute_cycles] was removed.  [/tmp/sched_synth_BATCHDNN_PP_7f2q1qva/batchdnn_pp_scheduler.sv:303]
WARNING: [Synth 8-6014] Unused sequential element sched_table_reg[13][requested_batch] was removed.  [/tmp/sched_synth_BATCHDNN_PP_7f2q1qva/batchdnn_pp_scheduler.sv:303]
WARNING: [Synth 8-6014] Unused sequential element sched_table_reg[13][max_batch] was removed.  [/tmp/sched_synth_BATCHDNN_PP_7f2q1qva/batchdnn_pp_scheduler.sv:303]
WARNING: [Synth 8-6014] Unused sequential element sched_table_reg[12][valid] was removed.  [/tmp/sched_synth_BATCHDNN_PP_7f2q1qva/batchdnn_pp_scheduler.sv:303]
WARNING: [Synth 8-6014] Unused sequential element sched_table_reg[12][mem_cycles] was removed.  [/tmp/sched_synth_BATCHDNN_PP_7f2q1qva/batchdnn_pp_scheduler.sv:303]
WARNING: [Synth 8-6014] Unused sequential element sched_table_reg[12][compute_cycles] was removed.  [/tmp/sched_synth_BATCHDNN_PP_7f2q1qva/batchdnn_pp_scheduler.sv:303]
WARNING: [Synth 8-6014] Unused sequential element sched_table_reg[12][requested_batch] was removed.  [/tmp/sched_synth_BATCHDNN_PP_7f2q1qva/batchdnn_pp_scheduler.sv:303]
WARNING: [Synth 8-6014] Unused sequential element sched_table_reg[12][max_batch] was removed.  [/tmp/sched_synth_BATCHDNN_PP_7f2q1qva/batchdnn_pp_scheduler.sv:303]
INFO: [Common 17-14] Message 'Synth 8-6014' appears 100 times and further instances of the messages will be disabled. Use the Tcl command set_msg_config to change the current settings.
WARNING: [Synth 8-7137] Register mt_active_layer_reg in module batchdnn_pp_scheduler has both Set and reset with same priority. This may cause simulation mismatches. Consider rewriting code  [/tmp/sched_synth_BATCHDNN_PP_7f2q1qva/batchdnn_pp_scheduler.sv:472]
WARNING: [Synth 8-7137] Register mt_layer_id_reg in module batchdnn_pp_scheduler has both Set and reset with same priority. This may cause simulation mismatches. Consider rewriting code  [/tmp/sched_synth_BATCHDNN_PP_7f2q1qva/batchdnn_pp_scheduler.sv:474]
WARNING: [Synth 8-7137] Register mt_dnn_id_reg in module batchdnn_pp_scheduler has both Set and reset with same priority. This may cause simulation mismatches. Consider rewriting code  [/tmp/sched_synth_BATCHDNN_PP_7f2q1qva/batchdnn_pp_scheduler.sv:475]
WARNING: [Synth 8-7137] Register ct_cq_reg in module batchdnn_pp_scheduler has both Set and reset with same priority. This may cause simulation mismatches. Consider rewriting code 
WARNING: [Synth 8-7137] Register sct_q_reg in module batchdnn_pp_scheduler has both Set and reset with same priority. This may cause simulation mismatches. Consider rewriting code 
WARNING: [Synth 8-7137] Register sct_batch_reg in module batchdnn_pp_scheduler has both Set and reset with same priority. This may cause simulation mismatches. Consider rewriting code 
WARNING: [Synth 8-7137] Register sb_stack_reg[3][15][layer_idx] in module batchdnn_pp_scheduler has both Set and reset with same priority. This may cause simulation mismatches. Consider rewriting code  [/tmp/sched_synth_BATCHDNN_PP_7f2q1qva/batchdnn_pp_scheduler.sv:589]
WARNING: [Synth 8-7137] Register sb_stack_reg[3][15][batch_size] in module batchdnn_pp_scheduler has both Set and reset with same priority. This may cause simulation mismatches. Consider rewriting code  [/tmp/sched_synth_BATCHDNN_PP_7f2q1qva/batchdnn_pp_scheduler.sv:589]
WARNING: [Synth 8-7137] Register sb_stack_reg[3][14][layer_idx] in module batchdnn_pp_scheduler has both Set and reset with same priority. This may cause simulation mismatches. Consider rewriting code  [/tmp/sched_synth_BATCHDNN_PP_7f2q1qva/batchdnn_pp_scheduler.sv:589]
WARNING: [Synth 8-7137] Register sb_stack_reg[3][14][batch_size] in module batchdnn_pp_scheduler has both Set and reset with same priority. This may cause simulation mismatches. Consider rewriting code  [/tmp/sched_synth_BATCHDNN_PP_7f2q1qva/batchdnn_pp_scheduler.sv:589]
WARNING: [Synth 8-7137] Register sb_stack_reg[3][13][layer_idx] in module batchdnn_pp_scheduler has both Set and reset with same priority. This may cause simulation mismatches. Consider rewriting code  [/tmp/sched_synth_BATCHDNN_PP_7f2q1qva/batchdnn_pp_scheduler.sv:589]
WARNING: [Synth 8-7137] Register sb_stack_reg[3][13][batch_size] in module batchdnn_pp_scheduler has both Set and reset with same priority. This may cause simulation mismatches. Consider rewriting code  [/tmp/sched_synth_BATCHDNN_PP_7f2q1qva/batchdnn_pp_scheduler.sv:589]
WARNING: [Synth 8-7137] Register sb_stack_reg[3][12][layer_idx] in module batchdnn_pp_scheduler has both Set and reset with same priority. This may cause simulation mismatches. Consider rewriting code  [/tmp/sched_synth_BATCHDNN_PP_7f2q1qva/batchdnn_pp_scheduler.sv:589]
WARNING: [Synth 8-7137] Register sb_stack_reg[3][12][batch_size] in module batchdnn_pp_scheduler has both Set and reset with same priority. This may cause simulation mismatches. Consider rewriting code  [/tmp/sched_synth_BATCHDNN_PP_7f2q1qva/batchdnn_pp_scheduler.sv:589]
WARNING: [Synth 8-7137] Register sb_stack_reg[3][11][layer_idx] in module batchdnn_pp_scheduler has both Set and reset with same priority. This may cause simulation mismatches. Consider rewriting code  [/tmp/sched_synth_BATCHDNN_PP_7f2q1qva/batchdnn_pp_scheduler.sv:589]
WARNING: [Synth 8-7137] Register sb_stack_reg[3][11][batch_size] in module batchdnn_pp_scheduler has both Set and reset with same priority. This may cause simulation mismatches. Consider rewriting code  [/tmp/sched_synth_BATCHDNN_PP_7f2q1qva/batchdnn_pp_scheduler.sv:589]
WARNING: [Synth 8-7137] Register sb_stack_reg[3][10][layer_idx] in module batchdnn_pp_scheduler has both Set and reset with same priority. This may cause simulation mismatches. Consider rewriting code  [/tmp/sched_synth_BATCHDNN_PP_7f2q1qva/batchdnn_pp_scheduler.sv:589]
WARNING: [Synth 8-7137] Register sb_stack_reg[3][10][batch_size] in module batchdnn_pp_scheduler has both Set and reset with same priority. This may cause simulation mismatches. Consider rewriting code  [/tmp/sched_synth_BATCHDNN_PP_7f2q1qva/batchdnn_pp_scheduler.sv:589]
WARNING: [Synth 8-7137] Register sb_stack_reg[3][9][layer_idx] in module batchdnn_pp_scheduler has both Set and reset with same priority. This may cause simulation mismatches. Consider rewriting code  [/tmp/sched_synth_BATCHDNN_PP_7f2q1qva/batchdnn_pp_scheduler.sv:589]
WARNING: [Synth 8-7137] Register sb_stack_reg[3][9][batch_size] in module batchdnn_pp_scheduler has both Set and reset with same priority. This may cause simulation mismatches. Consider rewriting code  [/tmp/sched_synth_BATCHDNN_PP_7f2q1qva/batchdnn_pp_scheduler.sv:589]
WARNING: [Synth 8-7137] Register sb_stack_reg[3][8][layer_idx] in module batchdnn_pp_scheduler has both Set and reset with same priority. This may cause simulation mismatches. Consider rewriting code  [/tmp/sched_synth_BATCHDNN_PP_7f2q1qva/batchdnn_pp_scheduler.sv:589]
WARNING: [Synth 8-7137] Register sb_stack_reg[3][8][batch_size] in module batchdnn_pp_scheduler has both Set and reset with same priority. This may cause simulation mismatches. Consider rewriting code  [/tmp/sched_synth_BATCHDNN_PP_7f2q1qva/batchdnn_pp_scheduler.sv:589]
WARNING: [Synth 8-7137] Register sb_stack_reg[3][7][layer_idx] in module batchdnn_pp_scheduler has both Set and reset with same priority. This may cause simulation mismatches. Consider rewriting code  [/tmp/sched_synth_BATCHDNN_PP_7f2q1qva/batchdnn_pp_scheduler.sv:589]
WARNING: [Synth 8-7137] Register sb_stack_reg[3][7][batch_size] in module batchdnn_pp_scheduler has both Set and reset with same priority. This may cause simulation mismatches. Consider rewriting code  [/tmp/sched_synth_BATCHDNN_PP_7f2q1qva/batchdnn_pp_scheduler.sv:589]
WARNING: [Synth 8-7137] Register sb_stack_reg[3][6][layer_idx] in module batchdnn_pp_scheduler has both Set and reset with same priority. This may cause simulation mismatches. Consider rewriting code  [/tmp/sched_synth_BATCHDNN_PP_7f2q1qva/batchdnn_pp_scheduler.sv:589]
WARNING: [Synth 8-7137] Register sb_stack_reg[3][6][batch_size] in module batchdnn_pp_scheduler has both Set and reset with same priority. This may cause simulation mismatches. Consider rewriting code  [/tmp/sched_synth_BATCHDNN_PP_7f2q1qva/batchdnn_pp_scheduler.sv:589]
WARNING: [Synth 8-7137] Register sb_stack_reg[3][5][layer_idx] in module batchdnn_pp_scheduler has both Set and reset with same priority. This may cause simulation mismatches. Consider rewriting code  [/tmp/sched_synth_BATCHDNN_PP_7f2q1qva/batchdnn_pp_scheduler.sv:589]
WARNING: [Synth 8-7137] Register sb_stack_reg[3][5][batch_size] in module batchdnn_pp_scheduler has both Set and reset with same priority. This may cause simulation mismatches. Consider rewriting code  [/tmp/sched_synth_BATCHDNN_PP_7f2q1qva/batchdnn_pp_scheduler.sv:589]
WARNING: [Synth 8-7137] Register sb_stack_reg[3][4][layer_idx] in module batchdnn_pp_scheduler has both Set and reset with same priority. This may cause simulation mismatches. Consider rewriting code  [/tmp/sched_synth_BATCHDNN_PP_7f2q1qva/batchdnn_pp_scheduler.sv:589]
WARNING: [Synth 8-7137] Register sb_stack_reg[3][4][batch_size] in module batchdnn_pp_scheduler has both Set and reset with same priority. This may cause simulation mismatches. Consider rewriting code  [/tmp/sched_synth_BATCHDNN_PP_7f2q1qva/batchdnn_pp_scheduler.sv:589]
WARNING: [Synth 8-7137] Register sb_stack_reg[3][3][layer_idx] in module batchdnn_pp_scheduler has both Set and reset with same priority. This may cause simulation mismatches. Consider rewriting code  [/tmp/sched_synth_BATCHDNN_PP_7f2q1qva/batchdnn_pp_scheduler.sv:589]
WARNING: [Synth 8-7137] Register sb_stack_reg[3][3][batch_size] in module batchdnn_pp_scheduler has both Set and reset with same priority. This may cause simulation mismatches. Consider rewriting code  [/tmp/sched_synth_BATCHDNN_PP_7f2q1qva/batchdnn_pp_scheduler.sv:589]
WARNING: [Synth 8-7137] Register sb_stack_reg[3][2][layer_idx] in module batchdnn_pp_scheduler has both Set and reset with same priority. This may cause simulation mismatches. Consider rewriting code  [/tmp/sched_synth_BATCHDNN_PP_7f2q1qva/batchdnn_pp_scheduler.sv:589]
WARNING: [Synth 8-7137] Register sb_stack_reg[3][2][batch_size] in module batchdnn_pp_scheduler has both Set and reset with same priority. This may cause simulation mismatches. Consider rewriting code  [/tmp/sched_synth_BATCHDNN_PP_7f2q1qva/batchdnn_pp_scheduler.sv:589]
WARNING: [Synth 8-7137] Register sb_stack_reg[3][1][layer_idx] in module batchdnn_pp_scheduler has both Set and reset with same priority. This may cause simulation mismatches. Consider rewriting code  [/tmp/sched_synth_BATCHDNN_PP_7f2q1qva/batchdnn_pp_scheduler.sv:589]
WARNING: [Synth 8-7137] Register sb_stack_reg[3][1][batch_size] in module batchdnn_pp_scheduler has both Set and reset with same priority. This may cause simulation mismatches. Consider rewriting code  [/tmp/sched_synth_BATCHDNN_PP_7f2q1qva/batchdnn_pp_scheduler.sv:589]
WARNING: [Synth 8-7137] Register sb_stack_reg[3][0][layer_idx] in module batchdnn_pp_scheduler has both Set and reset with same priority. This may cause simulation mismatches. Consider rewriting code  [/tmp/sched_synth_BATCHDNN_PP_7f2q1qva/batchdnn_pp_scheduler.sv:589]
WARNING: [Synth 8-7137] Register sb_stack_reg[3][0][batch_size] in module batchdnn_pp_scheduler has both Set and reset with same priority. This may cause simulation mismatches. Consider rewriting code  [/tmp/sched_synth_BATCHDNN_PP_7f2q1qva/batchdnn_pp_scheduler.sv:589]
WARNING: [Synth 8-7137] Register sb_stack_reg[2][15][layer_idx] in module batchdnn_pp_scheduler has both Set and reset with same priority. This may cause simulation mismatches. Consider rewriting code  [/tmp/sched_synth_BATCHDNN_PP_7f2q1qva/batchdnn_pp_scheduler.sv:589]
WARNING: [Synth 8-7137] Register sb_stack_reg[2][15][batch_size] in module batchdnn_pp_scheduler has both Set and reset with same priority. This may cause simulation mismatches. Consider rewriting code  [/tmp/sched_synth_BATCHDNN_PP_7f2q1qva/batchdnn_pp_scheduler.sv:589]
WARNING: [Synth 8-7137] Register sb_stack_reg[2][14][layer_idx] in module batchdnn_pp_scheduler has both Set and reset with same priority. This may cause simulation mismatches. Consider rewriting code  [/tmp/sched_synth_BATCHDNN_PP_7f2q1qva/batchdnn_pp_scheduler.sv:589]
WARNING: [Synth 8-7137] Register sb_stack_reg[2][14][batch_size] in module batchdnn_pp_scheduler has both Set and reset with same priority. This may cause simulation mismatches. Consider rewriting code  [/tmp/sched_synth_BATCHDNN_PP_7f2q1qva/batchdnn_pp_scheduler.sv:589]
WARNING: [Synth 8-7137] Register sb_stack_reg[2][13][layer_idx] in module batchdnn_pp_scheduler has both Set and reset with same priority. This may cause simulation mismatches. Consider rewriting code  [/tmp/sched_synth_BATCHDNN_PP_7f2q1qva/batchdnn_pp_scheduler.sv:589]
WARNING: [Synth 8-7137] Register sb_stack_reg[2][13][batch_size] in module batchdnn_pp_scheduler has both Set and reset with same priority. This may cause simulation mismatches. Consider rewriting code  [/tmp/sched_synth_BATCHDNN_PP_7f2q1qva/batchdnn_pp_scheduler.sv:589]
WARNING: [Synth 8-7137] Register sb_stack_reg[2][12][layer_idx] in module batchdnn_pp_scheduler has both Set and reset with same priority. This may cause simulation mismatches. Consider rewriting code  [/tmp/sched_synth_BATCHDNN_PP_7f2q1qva/batchdnn_pp_scheduler.sv:589]
WARNING: [Synth 8-7137] Register sb_stack_reg[2][12][batch_size] in module batchdnn_pp_scheduler has both Set and reset with same priority. This may cause simulation mismatches. Consider rewriting code  [/tmp/sched_synth_BATCHDNN_PP_7f2q1qva/batchdnn_pp_scheduler.sv:589]
WARNING: [Synth 8-7137] Register sb_stack_reg[2][11][layer_idx] in module batchdnn_pp_scheduler has both Set and reset with same priority. This may cause simulation mismatches. Consider rewriting code  [/tmp/sched_synth_BATCHDNN_PP_7f2q1qva/batchdnn_pp_scheduler.sv:589]
WARNING: [Synth 8-7137] Register sb_stack_reg[2][11][batch_size] in module batchdnn_pp_scheduler has both Set and reset with same priority. This may cause simulation mismatches. Consider rewriting code  [/tmp/sched_synth_BATCHDNN_PP_7f2q1qva/batchdnn_pp_scheduler.sv:589]
WARNING: [Synth 8-7137] Register sb_stack_reg[2][10][layer_idx] in module batchdnn_pp_scheduler has both Set and reset with same priority. This may cause simulation mismatches. Consider rewriting code  [/tmp/sched_synth_BATCHDNN_PP_7f2q1qva/batchdnn_pp_scheduler.sv:589]
WARNING: [Synth 8-7137] Register sb_stack_reg[2][10][batch_size] in module batchdnn_pp_scheduler has both Set and reset with same priority. This may cause simulation mismatches. Consider rewriting code  [/tmp/sched_synth_BATCHDNN_PP_7f2q1qva/batchdnn_pp_scheduler.sv:589]
WARNING: [Synth 8-7137] Register sb_stack_reg[2][9][layer_idx] in module batchdnn_pp_scheduler has both Set and reset with same priority. This may cause simulation mismatches. Consider rewriting code  [/tmp/sched_synth_BATCHDNN_PP_7f2q1qva/batchdnn_pp_scheduler.sv:589]
WARNING: [Synth 8-7137] Register sb_stack_reg[2][9][batch_size] in module batchdnn_pp_scheduler has both Set and reset with same priority. This may cause simulation mismatches. Consider rewriting code  [/tmp/sched_synth_BATCHDNN_PP_7f2q1qva/batchdnn_pp_scheduler.sv:589]
WARNING: [Synth 8-7137] Register sb_stack_reg[2][8][layer_idx] in module batchdnn_pp_scheduler has both Set and reset with same priority. This may cause simulation mismatches. Consider rewriting code  [/tmp/sched_synth_BATCHDNN_PP_7f2q1qva/batchdnn_pp_scheduler.sv:589]
WARNING: [Synth 8-7137] Register sb_stack_reg[2][8][batch_size] in module batchdnn_pp_scheduler has both Set and reset with same priority. This may cause simulation mismatches. Consider rewriting code  [/tmp/sched_synth_BATCHDNN_PP_7f2q1qva/batchdnn_pp_scheduler.sv:589]
WARNING: [Synth 8-7137] Register sb_stack_reg[2][7][layer_idx] in module batchdnn_pp_scheduler has both Set and reset with same priority. This may cause simulation mismatches. Consider rewriting code  [/tmp/sched_synth_BATCHDNN_PP_7f2q1qva/batchdnn_pp_scheduler.sv:589]
WARNING: [Synth 8-7137] Register sb_stack_reg[2][7][batch_size] in module batchdnn_pp_scheduler has both Set and reset with same priority. This may cause simulation mismatches. Consider rewriting code  [/tmp/sched_synth_BATCHDNN_PP_7f2q1qva/batchdnn_pp_scheduler.sv:589]
WARNING: [Synth 8-7137] Register sb_stack_reg[2][6][layer_idx] in module batchdnn_pp_scheduler has both Set and reset with same priority. This may cause simulation mismatches. Consider rewriting code  [/tmp/sched_synth_BATCHDNN_PP_7f2q1qva/batchdnn_pp_scheduler.sv:589]
WARNING: [Synth 8-7137] Register sb_stack_reg[2][6][batch_size] in module batchdnn_pp_scheduler has both Set and reset with same priority. This may cause simulation mismatches. Consider rewriting code  [/tmp/sched_synth_BATCHDNN_PP_7f2q1qva/batchdnn_pp_scheduler.sv:589]
WARNING: [Synth 8-7137] Register sb_stack_reg[2][5][layer_idx] in module batchdnn_pp_scheduler has both Set and reset with same priority. This may cause simulation mismatches. Consider rewriting code  [/tmp/sched_synth_BATCHDNN_PP_7f2q1qva/batchdnn_pp_scheduler.sv:589]
WARNING: [Synth 8-7137] Register sb_stack_reg[2][5][batch_size] in module batchdnn_pp_scheduler has both Set and reset with same priority. This may cause simulation mismatches. Consider rewriting code  [/tmp/sched_synth_BATCHDNN_PP_7f2q1qva/batchdnn_pp_scheduler.sv:589]
WARNING: [Synth 8-7137] Register sb_stack_reg[2][4][layer_idx] in module batchdnn_pp_scheduler has both Set and reset with same priority. This may cause simulation mismatches. Consider rewriting code  [/tmp/sched_synth_BATCHDNN_PP_7f2q1qva/batchdnn_pp_scheduler.sv:589]
WARNING: [Synth 8-7137] Register sb_stack_reg[2][4][batch_size] in module batchdnn_pp_scheduler has both Set and reset with same priority. This may cause simulation mismatches. Consider rewriting code  [/tmp/sched_synth_BATCHDNN_PP_7f2q1qva/batchdnn_pp_scheduler.sv:589]
WARNING: [Synth 8-7137] Register sb_stack_reg[2][3][layer_idx] in module batchdnn_pp_scheduler has both Set and reset with same priority. This may cause simulation mismatches. Consider rewriting code  [/tmp/sched_synth_BATCHDNN_PP_7f2q1qva/batchdnn_pp_scheduler.sv:589]
WARNING: [Synth 8-7137] Register sb_stack_reg[2][3][batch_size] in module batchdnn_pp_scheduler has both Set and reset with same priority. This may cause simulation mismatches. Consider rewriting code  [/tmp/sched_synth_BATCHDNN_PP_7f2q1qva/batchdnn_pp_scheduler.sv:589]
WARNING: [Synth 8-7137] Register sb_stack_reg[2][2][layer_idx] in module batchdnn_pp_scheduler has both Set and reset with same priority. This may cause simulation mismatches. Consider rewriting code  [/tmp/sched_synth_BATCHDNN_PP_7f2q1qva/batchdnn_pp_scheduler.sv:589]
WARNING: [Synth 8-7137] Register sb_stack_reg[2][2][batch_size] in module batchdnn_pp_scheduler has both Set and reset with same priority. This may cause simulation mismatches. Consider rewriting code  [/tmp/sched_synth_BATCHDNN_PP_7f2q1qva/batchdnn_pp_scheduler.sv:589]
WARNING: [Synth 8-7137] Register sb_stack_reg[2][1][layer_idx] in module batchdnn_pp_scheduler has both Set and reset with same priority. This may cause simulation mismatches. Consider rewriting code  [/tmp/sched_synth_BATCHDNN_PP_7f2q1qva/batchdnn_pp_scheduler.sv:589]
WARNING: [Synth 8-7137] Register sb_stack_reg[2][1][batch_size] in module batchdnn_pp_scheduler has both Set and reset with same priority. This may cause simulation mismatches. Consider rewriting code  [/tmp/sched_synth_BATCHDNN_PP_7f2q1qva/batchdnn_pp_scheduler.sv:589]
WARNING: [Synth 8-7137] Register sb_stack_reg[2][0][layer_idx] in module batchdnn_pp_scheduler has both Set and reset with same priority. This may cause simulation mismatches. Consider rewriting code  [/tmp/sched_synth_BATCHDNN_PP_7f2q1qva/batchdnn_pp_scheduler.sv:589]
WARNING: [Synth 8-7137] Register sb_stack_reg[2][0][batch_size] in module batchdnn_pp_scheduler has both Set and reset with same priority. This may cause simulation mismatches. Consider rewriting code  [/tmp/sched_synth_BATCHDNN_PP_7f2q1qva/batchdnn_pp_scheduler.sv:589]
WARNING: [Synth 8-7137] Register sb_stack_reg[1][15][layer_idx] in module batchdnn_pp_scheduler has both Set and reset with same priority. This may cause simulation mismatches. Consider rewriting code  [/tmp/sched_synth_BATCHDNN_PP_7f2q1qva/batchdnn_pp_scheduler.sv:589]
WARNING: [Synth 8-7137] Register sb_stack_reg[1][15][batch_size] in module batchdnn_pp_scheduler has both Set and reset with same priority. This may cause simulation mismatches. Consider rewriting code  [/tmp/sched_synth_BATCHDNN_PP_7f2q1qva/batchdnn_pp_scheduler.sv:589]
WARNING: [Synth 8-7137] Register sb_stack_reg[1][14][layer_idx] in module batchdnn_pp_scheduler has both Set and reset with same priority. This may cause simulation mismatches. Consider rewriting code  [/tmp/sched_synth_BATCHDNN_PP_7f2q1qva/batchdnn_pp_scheduler.sv:589]
WARNING: [Synth 8-7137] Register sb_stack_reg[1][14][batch_size] in module batchdnn_pp_scheduler has both Set and reset with same priority. This may cause simulation mismatches. Consider rewriting code  [/tmp/sched_synth_BATCHDNN_PP_7f2q1qva/batchdnn_pp_scheduler.sv:589]
WARNING: [Synth 8-7137] Register sb_stack_reg[1][13][layer_idx] in module batchdnn_pp_scheduler has both Set and reset with same priority. This may cause simulation mismatches. Consider rewriting code  [/tmp/sched_synth_BATCHDNN_PP_7f2q1qva/batchdnn_pp_scheduler.sv:589]
WARNING: [Synth 8-7137] Register sb_stack_reg[1][13][batch_size] in module batchdnn_pp_scheduler has both Set and reset with same priority. This may cause simulation mismatches. Consider rewriting code  [/tmp/sched_synth_BATCHDNN_PP_7f2q1qva/batchdnn_pp_scheduler.sv:589]
WARNING: [Synth 8-7137] Register sb_stack_reg[1][12][layer_idx] in module batchdnn_pp_scheduler has both Set and reset with same priority. This may cause simulation mismatches. Consider rewriting code  [/tmp/sched_synth_BATCHDNN_PP_7f2q1qva/batchdnn_pp_scheduler.sv:589]
WARNING: [Synth 8-7137] Register sb_stack_reg[1][12][batch_size] in module batchdnn_pp_scheduler has both Set and reset with same priority. This may cause simulation mismatches. Consider rewriting code  [/tmp/sched_synth_BATCHDNN_PP_7f2q1qva/batchdnn_pp_scheduler.sv:589]
WARNING: [Synth 8-7137] Register sb_stack_reg[1][11][layer_idx] in module batchdnn_pp_scheduler has both Set and reset with same priority. This may cause simulation mismatches. Consider rewriting code  [/tmp/sched_synth_BATCHDNN_PP_7f2q1qva/batchdnn_pp_scheduler.sv:589]
WARNING: [Synth 8-7137] Register sb_stack_reg[1][11][batch_size] in module batchdnn_pp_scheduler has both Set and reset with same priority. This may cause simulation mismatches. Consider rewriting code  [/tmp/sched_synth_BATCHDNN_PP_7f2q1qva/batchdnn_pp_scheduler.sv:589]
WARNING: [Synth 8-7137] Register sb_stack_reg[1][10][layer_idx] in module batchdnn_pp_scheduler has both Set and reset with same priority. This may cause simulation mismatches. Consider rewriting code  [/tmp/sched_synth_BATCHDNN_PP_7f2q1qva/batchdnn_pp_scheduler.sv:589]
WARNING: [Synth 8-7137] Register sb_stack_reg[1][10][batch_size] in module batchdnn_pp_scheduler has both Set and reset with same priority. This may cause simulation mismatches. Consider rewriting code  [/tmp/sched_synth_BATCHDNN_PP_7f2q1qva/batchdnn_pp_scheduler.sv:589]
WARNING: [Synth 8-7137] Register sb_stack_reg[1][9][layer_idx] in module batchdnn_pp_scheduler has both Set and reset with same priority. This may cause simulation mismatches. Consider rewriting code  [/tmp/sched_synth_BATCHDNN_PP_7f2q1qva/batchdnn_pp_scheduler.sv:589]
WARNING: [Synth 8-7137] Register sb_stack_reg[1][9][batch_size] in module batchdnn_pp_scheduler has both Set and reset with same priority. This may cause simulation mismatches. Consider rewriting code  [/tmp/sched_synth_BATCHDNN_PP_7f2q1qva/batchdnn_pp_scheduler.sv:589]
WARNING: [Synth 8-7137] Register sb_stack_reg[1][8][layer_idx] in module batchdnn_pp_scheduler has both Set and reset with same priority. This may cause simulation mismatches. Consider rewriting code  [/tmp/sched_synth_BATCHDNN_PP_7f2q1qva/batchdnn_pp_scheduler.sv:589]
WARNING: [Synth 8-7137] Register sb_stack_reg[1][8][batch_size] in module batchdnn_pp_scheduler has both Set and reset with same priority. This may cause simulation mismatches. Consider rewriting code  [/tmp/sched_synth_BATCHDNN_PP_7f2q1qva/batchdnn_pp_scheduler.sv:589]
WARNING: [Synth 8-7137] Register sb_stack_reg[1][7][layer_idx] in module batchdnn_pp_scheduler has both Set and reset with same priority. This may cause simulation mismatches. Consider rewriting code  [/tmp/sched_synth_BATCHDNN_PP_7f2q1qva/batchdnn_pp_scheduler.sv:589]
WARNING: [Synth 8-7137] Register sb_stack_reg[1][7][batch_size] in module batchdnn_pp_scheduler has both Set and reset with same priority. This may cause simulation mismatches. Consider rewriting code  [/tmp/sched_synth_BATCHDNN_PP_7f2q1qva/batchdnn_pp_scheduler.sv:589]
WARNING: [Synth 8-7137] Register sb_stack_reg[1][6][layer_idx] in module batchdnn_pp_scheduler has both Set and reset with same priority. This may cause simulation mismatches. Consider rewriting code  [/tmp/sched_synth_BATCHDNN_PP_7f2q1qva/batchdnn_pp_scheduler.sv:589]
WARNING: [Synth 8-7137] Register sb_stack_reg[1][6][batch_size] in module batchdnn_pp_scheduler has both Set and reset with same priority. This may cause simulation mismatches. Consider rewriting code  [/tmp/sched_synth_BATCHDNN_PP_7f2q1qva/batchdnn_pp_scheduler.sv:589]
WARNING: [Synth 8-7137] Register sb_stack_reg[1][5][layer_idx] in module batchdnn_pp_scheduler has both Set and reset with same priority. This may cause simulation mismatches. Consider rewriting code  [/tmp/sched_synth_BATCHDNN_PP_7f2q1qva/batchdnn_pp_scheduler.sv:589]
WARNING: [Synth 8-7137] Register sb_stack_reg[1][5][batch_size] in module batchdnn_pp_scheduler has both Set and reset with same priority. This may cause simulation mismatches. Consider rewriting code  [/tmp/sched_synth_BATCHDNN_PP_7f2q1qva/batchdnn_pp_scheduler.sv:589]
WARNING: [Synth 8-7137] Register sb_stack_reg[1][4][layer_idx] in module batchdnn_pp_scheduler has both Set and reset with same priority. This may cause simulation mismatches. Consider rewriting code  [/tmp/sched_synth_BATCHDNN_PP_7f2q1qva/batchdnn_pp_scheduler.sv:589]
WARNING: [Synth 8-7137] Register sb_stack_reg[1][4][batch_size] in module batchdnn_pp_scheduler has both Set and reset with same priority. This may cause simulation mismatches. Consider rewriting code  [/tmp/sched_synth_BATCHDNN_PP_7f2q1qva/batchdnn_pp_scheduler.sv:589]
WARNING: [Synth 8-7137] Register sb_stack_reg[1][3][layer_idx] in module batchdnn_pp_scheduler has both Set and reset with same priority. This may cause simulation mismatches. Consider rewriting code  [/tmp/sched_synth_BATCHDNN_PP_7f2q1qva/batchdnn_pp_scheduler.sv:589]
WARNING: [Synth 8-7137] Register sb_stack_reg[1][3][batch_size] in module batchdnn_pp_scheduler has both Set and reset with same priority. This may cause simulation mismatches. Consider rewriting code  [/tmp/sched_synth_BATCHDNN_PP_7f2q1qva/batchdnn_pp_scheduler.sv:589]
WARNING: [Synth 8-7137] Register sb_stack_reg[1][2][layer_idx] in module batchdnn_pp_scheduler has both Set and reset with same priority. This may cause simulation mismatches. Consider rewriting code  [/tmp/sched_synth_BATCHDNN_PP_7f2q1qva/batchdnn_pp_scheduler.sv:589]
WARNING: [Synth 8-7137] Register sb_stack_reg[1][2][batch_size] in module batchdnn_pp_scheduler has both Set and reset with same priority. This may cause simulation mismatches. Consider rewriting code  [/tmp/sched_synth_BATCHDNN_PP_7f2q1qva/batchdnn_pp_scheduler.sv:589]
WARNING: [Synth 8-7137] Register sb_stack_reg[1][1][layer_idx] in module batchdnn_pp_scheduler has both Set and reset with same priority. This may cause simulation mismatches. Consider rewriting code  [/tmp/sched_synth_BATCHDNN_PP_7f2q1qva/batchdnn_pp_scheduler.sv:589]
WARNING: [Synth 8-7137] Register sb_stack_reg[1][1][batch_size] in module batchdnn_pp_scheduler has both Set and reset with same priority. This may cause simulation mismatches. Consider rewriting code  [/tmp/sched_synth_BATCHDNN_PP_7f2q1qva/batchdnn_pp_scheduler.sv:589]
INFO: [Common 17-14] Message 'Synth 8-7137' appears 100 times and further instances of the messages will be disabled. Use the Tcl command set_msg_config to change the current settings.
WARNING: [Synth 8-4767] Trying to implement RAM 'mt_cq_reg' in registers. Block RAM or DRAM implementation is not possible; see log for reasons. [/tmp/sched_synth_BATCHDNN_PP_7f2q1qva/batchdnn_pp_scheduler.sv:429]
Reason is one or more of the following :
	1: RAM has too many ports (16). Maximum supported = 16. 
	2: RAM has too many ports (16). Maximum supported = 16. 
	3: RAM has too many ports (16). Maximum supported = 16. 
	4: RAM has too many ports (16). Maximum supported = 16. 
	5: RAM has too many ports (16). Maximum supported = 16. 
	6: RAM has too many ports (16). Maximum supported = 16. 
	7: RAM has too many ports (16). Maximum supported = 16. 
	8: RAM has too many ports (16). Maximum supported = 16. 
	9: RAM has too many ports (16). Maximum supported = 16. 
	10: RAM has too many ports (16). Maximum supported = 16. 
	11: RAM has too many ports (16). Maximum supported = 16. 
	12: RAM has too many ports (16). Maximum supported = 16. 
	13: RAM has too many ports (16). Maximum supported = 16. 
	14: RAM has too many ports (16). Maximum supported = 16. 
	15: RAM has too many ports (16). Maximum supported = 16. 
	16: RAM has too many ports (16). Maximum supported = 16. 
	17: RAM has too many ports (16). Maximum supported = 16. 
	18: Invalid write to RAM. 
	19: RAM has too many ports (16). Maximum supported = 16. 
	20: RAM has too many ports (16). Maximum supported = 16. 
	21: Found multiple writes to the RAM with same address. 
	22: RAM has multiple writes via different ports in same process. If RAM inferencing intended, write to one port per process. 
	23: Invalid write to RAM. 
	24: RAM has too many ports (16). Maximum supported = 16. 
	25: Found multiple writes to the RAM with same address. 
	26: Invalid write to RAM. 
	27: RAM is sensitive to asynchronous reset signal. this RTL style is not supported. 
WARNING: [Synth 8-4767] Trying to implement RAM 'ct_cq_reg' in registers. Block RAM or DRAM implementation is not possible; see log for reasons. [/tmp/sched_synth_BATCHDNN_PP_7f2q1qva/batchdnn_pp_scheduler.sv:488]
Reason is one or more of the following :
	1: RAM is sensitive to asynchronous reset signal. this RTL style is not supported. 
WARNING: [Synth 8-4767] Trying to implement RAM 'sct_q_reg' in registers. Block RAM or DRAM implementation is not possible; see log for reasons. [/tmp/sched_synth_BATCHDNN_PP_7f2q1qva/batchdnn_pp_scheduler.sv:517]
Reason is one or more of the following :
	1: RAM is sensitive to asynchronous reset signal. this RTL style is not supported. 
WARNING: [Synth 8-4767] Trying to implement RAM 'sct_batch_reg' in registers. Block RAM or DRAM implementation is not possible; see log for reasons. [/tmp/sched_synth_BATCHDNN_PP_7f2q1qva/batchdnn_pp_scheduler.sv:518]
Reason is one or more of the following :
	1: RAM is sensitive to asynchronous reset signal. this RTL style is not supported. 
WARNING: [Synth 8-7129] Port st_mem_cycles[31] in module batchdnn_pp_scheduler is either unconnected or has no load
WARNING: [Synth 8-7129] Port st_mem_cycles[30] in module batchdnn_pp_scheduler is either unconnected or has no load
WARNING: [Synth 8-7129] Port st_mem_cycles[29] in module batchdnn_pp_scheduler is either unconnected or has no load
WARNING: [Synth 8-7129] Port st_mem_cycles[28] in module batchdnn_pp_scheduler is either unconnected or has no load
WARNING: [Synth 8-7129] Port st_mem_cycles[27] in module batchdnn_pp_scheduler is either unconnected or has no load
WARNING: [Synth 8-7129] Port st_mem_cycles[26] in module batchdnn_pp_scheduler is either unconnected or has no load
WARNING: [Synth 8-7129] Port st_mem_cycles[25] in module batchdnn_pp_scheduler is either unconnected or has no load
WARNING: [Synth 8-7129] Port st_mem_cycles[24] in module batchdnn_pp_scheduler is either unconnected or has no load
WARNING: [Synth 8-7129] Port st_mem_cycles[23] in module batchdnn_pp_scheduler is either unconnected or has no load
WARNING: [Synth 8-7129] Port st_mem_cycles[22] in module batchdnn_pp_scheduler is either unconnected or has no load
WARNING: [Synth 8-7129] Port st_mem_cycles[21] in module batchdnn_pp_scheduler is either unconnected or has no load
WARNING: [Synth 8-7129] Port st_mem_cycles[20] in module batchdnn_pp_scheduler is either unconnected or has no load
WARNING: [Synth 8-7129] Port st_mem_cycles[19] in module batchdnn_pp_scheduler is either unconnected or has no load
WARNING: [Synth 8-7129] Port st_mem_cycles[18] in module batchdnn_pp_scheduler is either unconnected or has no load
WARNING: [Synth 8-7129] Port st_mem_cycles[17] in module batchdnn_pp_scheduler is either unconnected or has no load
WARNING: [Synth 8-7129] Port st_mem_cycles[16] in module batchdnn_pp_scheduler is either unconnected or has no load
WARNING: [Synth 8-7129] Port st_mem_cycles[15] in module batchdnn_pp_scheduler is either unconnected or has no load
WARNING: [Synth 8-7129] Port st_mem_cycles[14] in module batchdnn_pp_scheduler is either unconnected or has no load
WARNING: [Synth 8-7129] Port st_mem_cycles[13] in module batchdnn_pp_scheduler is either unconnected or has no load
WARNING: [Synth 8-7129] Port st_mem_cycles[12] in module batchdnn_pp_scheduler is either unconnected or has no load
WARNING: [Synth 8-7129] Port st_mem_cycles[11] in module batchdnn_pp_scheduler is either unconnected or has no load
WARNING: [Synth 8-7129] Port st_mem_cycles[10] in module batchdnn_pp_scheduler is either unconnected or has no load
WARNING: [Synth 8-7129] Port st_mem_cycles[9] in module batchdnn_pp_scheduler is either unconnected or has no load
WARNING: [Synth 8-7129] Port st_mem_cycles[8] in module batchdnn_pp_scheduler is either unconnected or has no load
WARNING: [Synth 8-7129] Port st_mem_cycles[7] in module batchdnn_pp_scheduler is either unconnected or has no load
WARNING: [Synth 8-7129] Port st_mem_cycles[6] in module batchdnn_pp_scheduler is either unconnected or has no load
WARNING: [Synth 8-7129] Port st_mem_cycles[5] in module batchdnn_pp_scheduler is either unconnected or has no load
WARNING: [Synth 8-7129] Port st_mem_cycles[4] in module batchdnn_pp_scheduler is either unconnected or has no load
WARNING: [Synth 8-7129] Port st_mem_cycles[3] in module batchdnn_pp_scheduler is either unconnected or has no load
WARNING: [Synth 8-7129] Port st_mem_cycles[2] in module batchdnn_pp_scheduler is either unconnected or has no load
WARNING: [Synth 8-7129] Port st_mem_cycles[1] in module batchdnn_pp_scheduler is either unconnected or has no load
WARNING: [Synth 8-7129] Port st_mem_cycles[0] in module batchdnn_pp_scheduler is either unconnected or has no load
WARNING: [Synth 8-7129] Port st_compute_cycles[31] in module batchdnn_pp_scheduler is either unconnected or has no load
WARNING: [Synth 8-7129] Port st_compute_cycles[30] in module batchdnn_pp_scheduler is either unconnected or has no load
WARNING: [Synth 8-7129] Port st_compute_cycles[29] in module batchdnn_pp_scheduler is either unconnected or has no load
WARNING: [Synth 8-7129] Port st_compute_cycles[28] in module batchdnn_pp_scheduler is either unconnected or has no load
WARNING: [Synth 8-7129] Port st_compute_cycles[27] in module batchdnn_pp_scheduler is either unconnected or has no load
WARNING: [Synth 8-7129] Port st_compute_cycles[26] in module batchdnn_pp_scheduler is either unconnected or has no load
WARNING: [Synth 8-7129] Port st_compute_cycles[25] in module batchdnn_pp_scheduler is either unconnected or has no load
WARNING: [Synth 8-7129] Port st_compute_cycles[24] in module batchdnn_pp_scheduler is either unconnected or has no load
WARNING: [Synth 8-7129] Port st_compute_cycles[23] in module batchdnn_pp_scheduler is either unconnected or has no load
WARNING: [Synth 8-7129] Port st_compute_cycles[22] in module batchdnn_pp_scheduler is either unconnected or has no load
WARNING: [Synth 8-7129] Port st_compute_cycles[21] in module batchdnn_pp_scheduler is either unconnected or has no load
WARNING: [Synth 8-7129] Port st_compute_cycles[20] in module batchdnn_pp_scheduler is either unconnected or has no load
WARNING: [Synth 8-7129] Port st_compute_cycles[19] in module batchdnn_pp_scheduler is either unconnected or has no load
WARNING: [Synth 8-7129] Port st_compute_cycles[18] in module batchdnn_pp_scheduler is either unconnected or has no load
WARNING: [Synth 8-7129] Port st_compute_cycles[17] in module batchdnn_pp_scheduler is either unconnected or has no load
WARNING: [Synth 8-7129] Port st_compute_cycles[16] in module batchdnn_pp_scheduler is either unconnected or has no load
WARNING: [Synth 8-7129] Port st_compute_cycles[15] in module batchdnn_pp_scheduler is either unconnected or has no load
WARNING: [Synth 8-7129] Port st_compute_cycles[14] in module batchdnn_pp_scheduler is either unconnected or has no load
WARNING: [Synth 8-7129] Port st_compute_cycles[13] in module batchdnn_pp_scheduler is either unconnected or has no load
WARNING: [Synth 8-7129] Port st_compute_cycles[12] in module batchdnn_pp_scheduler is either unconnected or has no load
WARNING: [Synth 8-7129] Port st_compute_cycles[11] in module batchdnn_pp_scheduler is either unconnected or has no load
WARNING: [Synth 8-7129] Port st_compute_cycles[10] in module batchdnn_pp_scheduler is either unconnected or has no load
WARNING: [Synth 8-7129] Port st_compute_cycles[9] in module batchdnn_pp_scheduler is either unconnected or has no load
WARNING: [Synth 8-7129] Port st_compute_cycles[8] in module batchdnn_pp_scheduler is either unconnected or has no load
WARNING: [Synth 8-7129] Port st_compute_cycles[7] in module batchdnn_pp_scheduler is either unconnected or has no load
WARNING: [Synth 8-7129] Port st_compute_cycles[6] in module batchdnn_pp_scheduler is either unconnected or has no load
WARNING: [Synth 8-7129] Port st_compute_cycles[5] in module batchdnn_pp_scheduler is either unconnected or has no load
WARNING: [Synth 8-7129] Port st_compute_cycles[4] in module batchdnn_pp_scheduler is either unconnected or has no load
WARNING: [Synth 8-7129] Port st_compute_cycles[3] in module batchdnn_pp_scheduler is either unconnected or has no load
WARNING: [Synth 8-7129] Port st_compute_cycles[2] in module batchdnn_pp_scheduler is either unconnected or has no load
WARNING: [Synth 8-7129] Port st_compute_cycles[1] in module batchdnn_pp_scheduler is either unconnected or has no load
WARNING: [Synth 8-7129] Port st_compute_cycles[0] in module batchdnn_pp_scheduler is either unconnected or has no load
WARNING: [Synth 8-7129] Port st_total_layers[7] in module batchdnn_pp_scheduler is either unconnected or has no load
WARNING: [Synth 8-7129] Port st_total_layers[6] in module batchdnn_pp_scheduler is either unconnected or has no load
WARNING: [Synth 8-7129] Port st_total_layers[5] in module batchdnn_pp_scheduler is either unconnected or has no load
WARNING: [Synth 8-7129] Port st_total_layers[4] in module batchdnn_pp_scheduler is either unconnected or has no load
WARNING: [Synth 8-7129] Port st_total_layers[3] in module batchdnn_pp_scheduler is either unconnected or has no load
WARNING: [Synth 8-7129] Port st_total_layers[2] in module batchdnn_pp_scheduler is either unconnected or has no load
WARNING: [Synth 8-7129] Port st_total_layers[1] in module batchdnn_pp_scheduler is either unconnected or has no load
WARNING: [Synth 8-7129] Port st_total_layers[0] in module batchdnn_pp_scheduler is either unconnected or has no load
---------------------------------------------------------------------------------
Finished RTL Elaboration : Time (s): cpu = 00:00:06 ; elapsed = 00:00:07 . Memory (MB): peak = 2516.691 ; gain = 726.672 ; free physical = 9151 ; free virtual = 15959
---------------------------------------------------------------------------------
---------------------------------------------------------------------------------
Start Handling Custom Attributes
---------------------------------------------------------------------------------
---------------------------------------------------------------------------------
Finished Handling Custom Attributes : Time (s): cpu = 00:00:06 ; elapsed = 00:00:07 . Memory (MB): peak = 2516.691 ; gain = 726.672 ; free physical = 9151 ; free virtual = 15959
---------------------------------------------------------------------------------
---------------------------------------------------------------------------------
Finished RTL Optimization Phase 1 : Time (s): cpu = 00:00:06 ; elapsed = 00:00:07 . Memory (MB): peak = 2516.691 ; gain = 726.672 ; free physical = 9151 ; free virtual = 15959
---------------------------------------------------------------------------------
Netlist sorting complete. Time (s): cpu = 00:00:00.13 ; elapsed = 00:00:00.13 . Memory (MB): peak = 2516.691 ; gain = 0.000 ; free physical = 9163 ; free virtual = 15971
INFO: [Project 1-570] Preparing netlist for logic optimization

Processing XDC Constraints
Initializing timing engine
Parsing XDC File [/tmp/sched_synth_BATCHDNN_PP_7f2q1qva/c.xdc]
Finished Parsing XDC File [/tmp/sched_synth_BATCHDNN_PP_7f2q1qva/c.xdc]
Completed Processing XDC Constraints

Netlist sorting complete. Time (s): cpu = 00:00:00 ; elapsed = 00:00:00 . Memory (MB): peak = 2603.523 ; gain = 0.000 ; free physical = 9170 ; free virtual = 15993
INFO: [Project 1-111] Unisim Transformation Summary:
No Unisim elements were transformed.

Constraint Validation Runtime : Time (s): cpu = 00:00:00.31 ; elapsed = 00:00:00.08 . Memory (MB): peak = 2603.559 ; gain = 0.000 ; free physical = 9169 ; free virtual = 15993
---------------------------------------------------------------------------------
Finished Constraint Validation : Time (s): cpu = 00:00:14 ; elapsed = 00:00:13 . Memory (MB): peak = 2603.559 ; gain = 813.539 ; free physical = 9218 ; free virtual = 16041
---------------------------------------------------------------------------------
---------------------------------------------------------------------------------
Start Loading Part and Timing Information
---------------------------------------------------------------------------------
Loading part: xc7a100tcsg324-1
---------------------------------------------------------------------------------
Finished Loading Part and Timing Information : Time (s): cpu = 00:00:14 ; elapsed = 00:00:13 . Memory (MB): peak = 2611.527 ; gain = 821.508 ; free physical = 9217 ; free virtual = 16040
---------------------------------------------------------------------------------
---------------------------------------------------------------------------------
Start Applying 'set_property' XDC Constraints
---------------------------------------------------------------------------------
---------------------------------------------------------------------------------
Finished applying 'set_property' XDC Constraints : Time (s): cpu = 00:00:14 ; elapsed = 00:00:13 . Memory (MB): peak = 2611.527 ; gain = 821.508 ; free physical = 9217 ; free virtual = 16040
---------------------------------------------------------------------------------
---------------------------------------------------------------------------------
Finished RTL Optimization Phase 2 : Time (s): cpu = 00:00:19 ; elapsed = 00:00:19 . Memory (MB): peak = 2611.527 ; gain = 821.508 ; free physical = 9254 ; free virtual = 16082
---------------------------------------------------------------------------------
---------------------------------------------------------------------------------
Start RTL Component Statistics 
---------------------------------------------------------------------------------
Detailed RTL Component Info : 
+---Adders : 
	   3 Input   33 Bit       Adders := 32    
	   2 Input   32 Bit       Adders := 132   
	   3 Input   32 Bit       Adders := 3     
	   2 Input    9 Bit       Adders := 1     
	   3 Input    8 Bit       Adders := 34    
	   2 Input    8 Bit       Adders := 1     
	   3 Input    6 Bit       Adders := 1     
	   2 Input    6 Bit       Adders := 8     
	   2 Input    5 Bit       Adders := 34    
+---Registers : 
	               32 Bit    Registers := 97    
	                8 Bit    Registers := 295   
	                6 Bit    Registers := 9     
	                4 Bit    Registers := 34    
	                1 Bit    Registers := 3     
+---Multipliers : 
	               8x32  Multipliers := 35    
	               9x32  Multipliers := 32    
+---Muxes : 
	   3 Input  256 Bit        Muxes := 1     
	   2 Input   32 Bit        Muxes := 4     
	   4 Input    8 Bit        Muxes := 108   
	   2 Input    8 Bit        Muxes := 470   
	   2 Input    6 Bit        Muxes := 1     
	   3 Input    6 Bit        Muxes := 1     
	   4 Input    5 Bit        Muxes := 2     
	   2 Input    5 Bit        Muxes := 16    
	   4 Input    4 Bit        Muxes := 1     
	  32 Input    2 Bit        Muxes := 3     
	   2 Input    1 Bit        Muxes := 634   
	  32 Input    1 Bit        Muxes := 31    
---------------------------------------------------------------------------------
Finished RTL Component Statistics 
---------------------------------------------------------------------------------
---------------------------------------------------------------------------------
Start Part Resource Summary
---------------------------------------------------------------------------------
Part Resources:
DSPs: 240 (col length:80)
BRAMs: 270 (col length: RAMB18 80 RAMB36 40)
---------------------------------------------------------------------------------
Finished Part Resource Summary
---------------------------------------------------------------------------------
---------------------------------------------------------------------------------
Start Cross Boundary and Area Optimization
---------------------------------------------------------------------------------
DSP Report: Generating DSP found_cand4, operation Mode is: A*B.
DSP Report: operator found_cand4 is absorbed into DSP found_cand4.
DSP Report: operator found_cand4 is absorbed into DSP found_cand4.
DSP Report: Generating DSP found_cand4, operation Mode is: (PCIN>>17)+A*B.
DSP Report: operator found_cand4 is absorbed into DSP found_cand4.
DSP Report: operator found_cand4 is absorbed into DSP found_cand4.
DSP Report: Generating DSP found_cand3, operation Mode is: A*B.
DSP Report: operator found_cand3 is absorbed into DSP found_cand3.
DSP Report: operator found_cand3 is absorbed into DSP found_cand3.
DSP Report: Generating DSP found_cand3, operation Mode is: (PCIN>>17)+A*B.
DSP Report: operator found_cand3 is absorbed into DSP found_cand3.
DSP Report: operator found_cand3 is absorbed into DSP found_cand3.
DSP Report: Generating DSP found_cand4, operation Mode is: A*B.
DSP Report: operator found_cand4 is absorbed into DSP found_cand4.
DSP Report: operator found_cand4 is absorbed into DSP found_cand4.
DSP Report: Generating DSP found_cand4, operation Mode is: (PCIN>>17)+A*B.
DSP Report: operator found_cand4 is absorbed into DSP found_cand4.
DSP Report: operator found_cand4 is absorbed into DSP found_cand4.
DSP Report: Generating DSP found_cand4, operation Mode is: A*B.
DSP Report: operator found_cand4 is absorbed into DSP found_cand4.
DSP Report: operator found_cand4 is absorbed into DSP found_cand4.
DSP Report: Generating DSP found_cand4, operation Mode is: (PCIN>>17)+A*B.
DSP Report: operator found_cand4 is absorbed into DSP found_cand4.
DSP Report: operator found_cand4 is absorbed into DSP found_cand4.
DSP Report: Generating DSP found_cand4, operation Mode is: A*B.
DSP Report: operator found_cand4 is absorbed into DSP found_cand4.
DSP Report: operator found_cand4 is absorbed into DSP found_cand4.
DSP Report: Generating DSP found_cand4, operation Mode is: (PCIN>>17)+A*B.
DSP Report: operator found_cand4 is absorbed into DSP found_cand4.
DSP Report: operator found_cand4 is absorbed into DSP found_cand4.
DSP Report: Generating DSP found_cand4, operation Mode is: A*B.
DSP Report: operator found_cand4 is absorbed into DSP found_cand4.
DSP Report: operator found_cand4 is absorbed into DSP found_cand4.
DSP Report: Generating DSP found_cand4, operation Mode is: (PCIN>>17)+A*B.
DSP Report: operator found_cand4 is absorbed into DSP found_cand4.
DSP Report: operator found_cand4 is absorbed into DSP found_cand4.
DSP Report: Generating DSP found_cand4, operation Mode is: A*B.
DSP Report: operator found_cand4 is absorbed into DSP found_cand4.
DSP Report: operator found_cand4 is absorbed into DSP found_cand4.
DSP Report: Generating DSP found_cand4, operation Mode is: (PCIN>>17)+A*B.
DSP Report: operator found_cand4 is absorbed into DSP found_cand4.
DSP Report: operator found_cand4 is absorbed into DSP found_cand4.
DSP Report: Generating DSP found_cand4, operation Mode is: A*B.
DSP Report: operator found_cand4 is absorbed into DSP found_cand4.
DSP Report: operator found_cand4 is absorbed into DSP found_cand4.
DSP Report: Generating DSP found_cand4, operation Mode is: (PCIN>>17)+A*B.
DSP Report: operator found_cand4 is absorbed into DSP found_cand4.
DSP Report: operator found_cand4 is absorbed into DSP found_cand4.
DSP Report: Generating DSP found_cand4, operation Mode is: A*B.
DSP Report: operator found_cand4 is absorbed into DSP found_cand4.
DSP Report: operator found_cand4 is absorbed into DSP found_cand4.
DSP Report: Generating DSP found_cand4, operation Mode is: (PCIN>>17)+A*B.
DSP Report: operator found_cand4 is absorbed into DSP found_cand4.
DSP Report: operator found_cand4 is absorbed into DSP found_cand4.
DSP Report: Generating DSP found_cand4, operation Mode is: A*B.
DSP Report: operator found_cand4 is absorbed into DSP found_cand4.
DSP Report: operator found_cand4 is absorbed into DSP found_cand4.
DSP Report: Generating DSP found_cand4, operation Mode is: (PCIN>>17)+A*B.
DSP Report: operator found_cand4 is absorbed into DSP found_cand4.
DSP Report: operator found_cand4 is absorbed into DSP found_cand4.
DSP Report: Generating DSP found_cand4, operation Mode is: A*B.
DSP Report: operator found_cand4 is absorbed into DSP found_cand4.
DSP Report: operator found_cand4 is absorbed into DSP found_cand4.
DSP Report: Generating DSP found_cand4, operation Mode is: (PCIN>>17)+A*B.
DSP Report: operator found_cand4 is absorbed into DSP found_cand4.
DSP Report: operator found_cand4 is absorbed into DSP found_cand4.
WARNING: [Synth 8-7129] Port st_mem_cycles[31] in module batchdnn_pp_scheduler is either unconnected or has no load
WARNING: [Synth 8-7129] Port st_mem_cycles[30] in module batchdnn_pp_scheduler is either unconnected or has no load
WARNING: [Synth 8-7129] Port st_mem_cycles[29] in module batchdnn_pp_scheduler is either unconnected or has no load
WARNING: [Synth 8-7129] Port st_mem_cycles[28] in module batchdnn_pp_scheduler is either unconnected or has no load
WARNING: [Synth 8-7129] Port st_mem_cycles[27] in module batchdnn_pp_scheduler is either unconnected or has no load
WARNING: [Synth 8-7129] Port st_mem_cycles[26] in module batchdnn_pp_scheduler is either unconnected or has no load
WARNING: [Synth 8-7129] Port st_mem_cycles[25] in module batchdnn_pp_scheduler is either unconnected or has no load
WARNING: [Synth 8-7129] Port st_mem_cycles[24] in module batchdnn_pp_scheduler is either unconnected or has no load
WARNING: [Synth 8-7129] Port st_mem_cycles[23] in module batchdnn_pp_scheduler is either unconnected or has no load
WARNING: [Synth 8-7129] Port st_mem_cycles[22] in module batchdnn_pp_scheduler is either unconnected or has no load
WARNING: [Synth 8-7129] Port st_mem_cycles[21] in module batchdnn_pp_scheduler is either unconnected or has no load
WARNING: [Synth 8-7129] Port st_mem_cycles[20] in module batchdnn_pp_scheduler is either unconnected or has no load
WARNING: [Synth 8-7129] Port st_mem_cycles[19] in module batchdnn_pp_scheduler is either unconnected or has no load
WARNING: [Synth 8-7129] Port st_mem_cycles[18] in module batchdnn_pp_scheduler is either unconnected or has no load
WARNING: [Synth 8-7129] Port st_mem_cycles[17] in module batchdnn_pp_scheduler is either unconnected or has no load
WARNING: [Synth 8-7129] Port st_mem_cycles[16] in module batchdnn_pp_scheduler is either unconnected or has no load
WARNING: [Synth 8-7129] Port st_mem_cycles[15] in module batchdnn_pp_scheduler is either unconnected or has no load
WARNING: [Synth 8-7129] Port st_mem_cycles[14] in module batchdnn_pp_scheduler is either unconnected or has no load
WARNING: [Synth 8-7129] Port st_mem_cycles[13] in module batchdnn_pp_scheduler is either unconnected or has no load
WARNING: [Synth 8-7129] Port st_mem_cycles[12] in module batchdnn_pp_scheduler is either unconnected or has no load
WARNING: [Synth 8-7129] Port st_mem_cycles[11] in module batchdnn_pp_scheduler is either unconnected or has no load
WARNING: [Synth 8-7129] Port st_mem_cycles[10] in module batchdnn_pp_scheduler is either unconnected or has no load
WARNING: [Synth 8-7129] Port st_mem_cycles[9] in module batchdnn_pp_scheduler is either unconnected or has no load
WARNING: [Synth 8-7129] Port st_mem_cycles[8] in module batchdnn_pp_scheduler is either unconnected or has no load
WARNING: [Synth 8-7129] Port st_mem_cycles[7] in module batchdnn_pp_scheduler is either unconnected or has no load
WARNING: [Synth 8-7129] Port st_mem_cycles[6] in module batchdnn_pp_scheduler is either unconnected or has no load
WARNING: [Synth 8-7129] Port st_mem_cycles[5] in module batchdnn_pp_scheduler is either unconnected or has no load
WARNING: [Synth 8-7129] Port st_mem_cycles[4] in module batchdnn_pp_scheduler is either unconnected or has no load
INFO: [Common 17-14] Message 'Synth 8-7129' appears 100 times and further instances of the messages will be disabled. Use the Tcl command set_msg_config to change the current settings.
INFO: [Synth 8-12192] Not enough pipeline registers after wide multiplier. Pipeline registers present is 0. Recommended levels of pipeline registers is 2. [/tmp/sched_synth_BATCHDNN_PP_7f2q1qva/batchdnn_pp_scheduler.sv:437]
INFO: [Synth 8-12192] Not enough pipeline registers after wide multiplier. Pipeline registers present is 0. Recommended levels of pipeline registers is 2. [/tmp/sched_synth_BATCHDNN_PP_7f2q1qva/batchdnn_pp_scheduler.sv:437]
INFO: [Synth 8-12192] Not enough pipeline registers after wide multiplier. Pipeline registers present is 0. Recommended levels of pipeline registers is 2. [/tmp/sched_synth_BATCHDNN_PP_7f2q1qva/batchdnn_pp_scheduler.sv:437]
INFO: [Synth 8-12192] Not enough pipeline registers after wide multiplier. Pipeline registers present is 0. Recommended levels of pipeline registers is 2. [/tmp/sched_synth_BATCHDNN_PP_7f2q1qva/batchdnn_pp_scheduler.sv:437]
INFO: [Synth 8-12192] Not enough pipeline registers after wide multiplier. Pipeline registers present is 0. Recommended levels of pipeline registers is 2. [/tmp/sched_synth_BATCHDNN_PP_7f2q1qva/batchdnn_pp_scheduler.sv:437]
INFO: [Synth 8-12192] Not enough pipeline registers after wide multiplier. Pipeline registers present is 0. Recommended levels of pipeline registers is 2. [/tmp/sched_synth_BATCHDNN_PP_7f2q1qva/batchdnn_pp_scheduler.sv:437]
DSP Report: Generating DSP found_cand4, operation Mode is: A*B.
DSP Report: operator found_cand4 is absorbed into DSP found_cand4.
DSP Report: operator found_cand4 is absorbed into DSP found_cand4.
DSP Report: Generating DSP found_cand4, operation Mode is: (PCIN>>17)+A*B.
DSP Report: operator found_cand4 is absorbed into DSP found_cand4.
DSP Report: operator found_cand4 is absorbed into DSP found_cand4.
DSP Report: Generating DSP found_cand4, operation Mode is: A*B.
DSP Report: operator found_cand4 is absorbed into DSP found_cand4.
DSP Report: operator found_cand4 is absorbed into DSP found_cand4.
DSP Report: Generating DSP found_cand4, operation Mode is: (PCIN>>17)+A*B.
DSP Report: operator found_cand4 is absorbed into DSP found_cand4.
DSP Report: operator found_cand4 is absorbed into DSP found_cand4.
DSP Report: Generating DSP found_cand4, operation Mode is: A*B.
DSP Report: operator found_cand4 is absorbed into DSP found_cand4.
DSP Report: operator found_cand4 is absorbed into DSP found_cand4.
DSP Report: Generating DSP found_cand4, operation Mode is: (PCIN>>17)+A*B.
DSP Report: operator found_cand4 is absorbed into DSP found_cand4.
DSP Report: operator found_cand4 is absorbed into DSP found_cand4.
DSP Report: Generating DSP found_cand4, operation Mode is: A*B.
DSP Report: operator found_cand4 is absorbed into DSP found_cand4.
DSP Report: operator found_cand4 is absorbed into DSP found_cand4.
DSP Report: Generating DSP found_cand4, operation Mode is: (PCIN>>17)+A*B.
DSP Report: operator found_cand4 is absorbed into DSP found_cand4.
DSP Report: operator found_cand4 is absorbed into DSP found_cand4.
DSP Report: Generating DSP found_cand4, operation Mode is: A*B.
DSP Report: operator found_cand4 is absorbed into DSP found_cand4.
DSP Report: operator found_cand4 is absorbed into DSP found_cand4.
DSP Report: Generating DSP found_cand4, operation Mode is: (PCIN>>17)+A*B.
DSP Report: operator found_cand4 is absorbed into DSP found_cand4.
DSP Report: operator found_cand4 is absorbed into DSP found_cand4.
DSP Report: Generating DSP found_cand4, operation Mode is: A*B.
DSP Report: operator found_cand4 is absorbed into DSP found_cand4.
DSP Report: operator found_cand4 is absorbed into DSP found_cand4.
DSP Report: Generating DSP found_cand4, operation Mode is: (PCIN>>17)+A*B.
DSP Report: operator found_cand4 is absorbed into DSP found_cand4.
DSP Report: operator found_cand4 is absorbed into DSP found_cand4.
INFO: [Synth 8-12192] Not enough pipeline registers after wide multiplier. Pipeline registers present is 0. Recommended levels of pipeline registers is 2. [/tmp/sched_synth_BATCHDNN_PP_7f2q1qva/batchdnn_pp_scheduler.sv:601]
INFO: [Synth 8-12192] Not enough pipeline registers after wide multiplier. Pipeline registers present is 0. Recommended levels of pipeline registers is 2. [/tmp/sched_synth_BATCHDNN_PP_7f2q1qva/batchdnn_pp_scheduler.sv:601]
INFO: [Synth 8-12192] Not enough pipeline registers after wide multiplier. Pipeline registers present is 0. Recommended levels of pipeline registers is 2. [/tmp/sched_synth_BATCHDNN_PP_7f2q1qva/batchdnn_pp_scheduler.sv:601]
INFO: [Synth 8-12192] Not enough pipeline registers after wide multiplier. Pipeline registers present is 0. Recommended levels of pipeline registers is 2. [/tmp/sched_synth_BATCHDNN_PP_7f2q1qva/batchdnn_pp_scheduler.sv:601]
INFO: [Synth 8-12192] Not enough pipeline registers after wide multiplier. Pipeline registers present is 0. Recommended levels of pipeline registers is 2. [/tmp/sched_synth_BATCHDNN_PP_7f2q1qva/batchdnn_pp_scheduler.sv:601]
INFO: [Synth 8-12192] Not enough pipeline registers after wide multiplier. Pipeline registers present is 0. Recommended levels of pipeline registers is 2. [/tmp/sched_synth_BATCHDNN_PP_7f2q1qva/batchdnn_pp_scheduler.sv:601]
INFO: [Synth 8-12192] Not enough pipeline registers after wide multiplier. Pipeline registers present is 0. Recommended levels of pipeline registers is 2. [/tmp/sched_synth_BATCHDNN_PP_7f2q1qva/batchdnn_pp_scheduler.sv:601]
INFO: [Synth 8-12192] Not enough pipeline registers after wide multiplier. Pipeline registers present is 0. Recommended levels of pipeline registers is 2. [/tmp/sched_synth_BATCHDNN_PP_7f2q1qva/batchdnn_pp_scheduler.sv:601]
INFO: [Synth 8-12192] Not enough pipeline registers after wide multiplier. Pipeline registers present is 0. Recommended levels of pipeline registers is 2. [/tmp/sched_synth_BATCHDNN_PP_7f2q1qva/batchdnn_pp_scheduler.sv:601]
INFO: [Synth 8-12192] Not enough pipeline registers after wide multiplier. Pipeline registers present is 0. Recommended levels of pipeline registers is 2. [/tmp/sched_synth_BATCHDNN_PP_7f2q1qva/batchdnn_pp_scheduler.sv:601]
INFO: [Synth 8-12192] Not enough pipeline registers after wide multiplier. Pipeline registers present is 0. Recommended levels of pipeline registers is 2. [/tmp/sched_synth_BATCHDNN_PP_7f2q1qva/batchdnn_pp_scheduler.sv:601]
INFO: [Synth 8-12192] Not enough pipeline registers after wide multiplier. Pipeline registers present is 0. Recommended levels of pipeline registers is 2. [/tmp/sched_synth_BATCHDNN_PP_7f2q1qva/batchdnn_pp_scheduler.sv:601]
INFO: [Synth 8-12192] Not enough pipeline registers after wide multiplier. Pipeline registers present is 0. Recommended levels of pipeline registers is 2. [/tmp/sched_synth_BATCHDNN_PP_7f2q1qva/batchdnn_pp_scheduler.sv:601]
INFO: [Synth 8-12192] Not enough pipeline registers after wide multiplier. Pipeline registers present is 0. Recommended levels of pipeline registers is 2. [/tmp/sched_synth_BATCHDNN_PP_7f2q1qva/batchdnn_pp_scheduler.sv:601]
INFO: [Synth 8-12192] Not enough pipeline registers after wide multiplier. Pipeline registers present is 0. Recommended levels of pipeline registers is 2. [/tmp/sched_synth_BATCHDNN_PP_7f2q1qva/batchdnn_pp_scheduler.sv:601]
INFO: [Synth 8-12192] Not enough pipeline registers after wide multiplier. Pipeline registers present is 0. Recommended levels of pipeline registers is 2. [/tmp/sched_synth_BATCHDNN_PP_7f2q1qva/batchdnn_pp_scheduler.sv:601]
INFO: [Synth 8-12192] Not enough pipeline registers after wide multiplier. Pipeline registers present is 0. Recommended levels of pipeline registers is 2. [/tmp/sched_synth_BATCHDNN_PP_7f2q1qva/batchdnn_pp_scheduler.sv:601]
INFO: [Synth 8-12192] Not enough pipeline registers after wide multiplier. Pipeline registers present is 0. Recommended levels of pipeline registers is 2. [/tmp/sched_synth_BATCHDNN_PP_7f2q1qva/batchdnn_pp_scheduler.sv:601]
INFO: [Synth 8-12192] Not enough pipeline registers after wide multiplier. Pipeline registers present is 0. Recommended levels of pipeline registers is 2. [/tmp/sched_synth_BATCHDNN_PP_7f2q1qva/batchdnn_pp_scheduler.sv:601]
INFO: [Synth 8-12192] Not enough pipeline registers after wide multiplier. Pipeline registers present is 0. Recommended levels of pipeline registers is 2. [/tmp/sched_synth_BATCHDNN_PP_7f2q1qva/batchdnn_pp_scheduler.sv:601]
INFO: [Synth 8-12192] Not enough pipeline registers after wide multiplier. Pipeline registers present is 0. Recommended levels of pipeline registers is 2. [/tmp/sched_synth_BATCHDNN_PP_7f2q1qva/batchdnn_pp_scheduler.sv:601]
INFO: [Synth 8-12192] Not enough pipeline registers after wide multiplier. Pipeline registers present is 0. Recommended levels of pipeline registers is 2. [/tmp/sched_synth_BATCHDNN_PP_7f2q1qva/batchdnn_pp_scheduler.sv:601]
INFO: [Synth 8-12192] Not enough pipeline registers after wide multiplier. Pipeline registers present is 0. Recommended levels of pipeline registers is 2. [/tmp/sched_synth_BATCHDNN_PP_7f2q1qva/batchdnn_pp_scheduler.sv:601]
INFO: [Synth 8-12192] Not enough pipeline registers after wide multiplier. Pipeline registers present is 0. Recommended levels of pipeline registers is 2. [/tmp/sched_synth_BATCHDNN_PP_7f2q1qva/batchdnn_pp_scheduler.sv:601]
INFO: [Synth 8-12192] Not enough pipeline registers after wide multiplier. Pipeline registers present is 0. Recommended levels of pipeline registers is 2. [/tmp/sched_synth_BATCHDNN_PP_7f2q1qva/batchdnn_pp_scheduler.sv:601]
INFO: [Synth 8-12192] Not enough pipeline registers after wide multiplier. Pipeline registers present is 0. Recommended levels of pipeline registers is 2. [/tmp/sched_synth_BATCHDNN_PP_7f2q1qva/batchdnn_pp_scheduler.sv:601]
INFO: [Synth 8-12192] Not enough pipeline registers after wide multiplier. Pipeline registers present is 0. Recommended levels of pipeline registers is 2. [/tmp/sched_synth_BATCHDNN_PP_7f2q1qva/batchdnn_pp_scheduler.sv:601]
INFO: [Synth 8-12192] Not enough pipeline registers after wide multiplier. Pipeline registers present is 0. Recommended levels of pipeline registers is 2. [/tmp/sched_synth_BATCHDNN_PP_7f2q1qva/batchdnn_pp_scheduler.sv:601]
DSP Report: Generating DSP fits3, operation Mode is: A*B.
DSP Report: operator fits3 is absorbed into DSP fits3.
DSP Report: operator fits3 is absorbed into DSP fits3.
DSP Report: Generating DSP fits3, operation Mode is: (PCIN>>17)+A*B.
DSP Report: operator fits3 is absorbed into DSP fits3.
DSP Report: operator fits3 is absorbed into DSP fits3.
DSP Report: Generating DSP fits3, operation Mode is: A*B.
DSP Report: operator fits3 is absorbed into DSP fits3.
DSP Report: operator fits3 is absorbed into DSP fits3.
DSP Report: Generating DSP fits3, operation Mode is: (PCIN>>17)+A*B.
DSP Report: operator fits3 is absorbed into DSP fits3.
DSP Report: operator fits3 is absorbed into DSP fits3.
DSP Report: Generating DSP fits3, operation Mode is: A*B.
DSP Report: operator fits3 is absorbed into DSP fits3.
DSP Report: operator fits3 is absorbed into DSP fits3.
DSP Report: Generating DSP fits3, operation Mode is: (PCIN>>17)+A*B.
DSP Report: operator fits3 is absorbed into DSP fits3.
DSP Report: operator fits3 is absorbed into DSP fits3.
DSP Report: Generating DSP fits3, operation Mode is: A*B.
DSP Report: operator fits3 is absorbed into DSP fits3.
DSP Report: operator fits3 is absorbed into DSP fits3.
DSP Report: Generating DSP fits3, operation Mode is: (PCIN>>17)+A*B.
DSP Report: operator fits3 is absorbed into DSP fits3.
DSP Report: operator fits3 is absorbed into DSP fits3.
DSP Report: Generating DSP fits3, operation Mode is: A*B.
DSP Report: operator fits3 is absorbed into DSP fits3.
DSP Report: operator fits3 is absorbed into DSP fits3.
DSP Report: Generating DSP fits3, operation Mode is: (PCIN>>17)+A*B.
DSP Report: operator fits3 is absorbed into DSP fits3.
DSP Report: operator fits3 is absorbed into DSP fits3.
DSP Report: Generating DSP fits3, operation Mode is: A*B.
DSP Report: operator fits3 is absorbed into DSP fits3.
DSP Report: operator fits3 is absorbed into DSP fits3.
DSP Report: Generating DSP fits3, operation Mode is: (PCIN>>17)+A*B.
DSP Report: operator fits3 is absorbed into DSP fits3.
DSP Report: operator fits3 is absorbed into DSP fits3.
DSP Report: Generating DSP fits3, operation Mode is: A*B.
DSP Report: operator fits3 is absorbed into DSP fits3.
DSP Report: operator fits3 is absorbed into DSP fits3.
DSP Report: Generating DSP fits3, operation Mode is: (PCIN>>17)+A*B.
DSP Report: operator fits3 is absorbed into DSP fits3.
DSP Report: operator fits3 is absorbed into DSP fits3.
DSP Report: Generating DSP fits3, operation Mode is: A*B.
DSP Report: operator fits3 is absorbed into DSP fits3.
DSP Report: operator fits3 is absorbed into DSP fits3.
DSP Report: Generating DSP fits3, operation Mode is: (PCIN>>17)+A*B.
DSP Report: operator fits3 is absorbed into DSP fits3.
DSP Report: operator fits3 is absorbed into DSP fits3.
DSP Report: Generating DSP fits3, operation Mode is: A*B.
DSP Report: operator fits3 is absorbed into DSP fits3.
DSP Report: operator fits3 is absorbed into DSP fits3.
DSP Report: Generating DSP fits3, operation Mode is: (PCIN>>17)+A*B.
DSP Report: operator fits3 is absorbed into DSP fits3.
DSP Report: operator fits3 is absorbed into DSP fits3.
DSP Report: Generating DSP fits3, operation Mode is: A*B.
DSP Report: operator fits3 is absorbed into DSP fits3.
DSP Report: operator fits3 is absorbed into DSP fits3.
DSP Report: Generating DSP fits3, operation Mode is: (PCIN>>17)+A*B.
DSP Report: operator fits3 is absorbed into DSP fits3.
DSP Report: operator fits3 is absorbed into DSP fits3.
DSP Report: Generating DSP fits3, operation Mode is: A*B.
DSP Report: operator fits3 is absorbed into DSP fits3.
DSP Report: operator fits3 is absorbed into DSP fits3.
DSP Report: Generating DSP fits3, operation Mode is: (PCIN>>17)+A*B.
DSP Report: operator fits3 is absorbed into DSP fits3.
DSP Report: operator fits3 is absorbed into DSP fits3.
DSP Report: Generating DSP fits3, operation Mode is: A*B.
DSP Report: operator fits3 is absorbed into DSP fits3.
DSP Report: operator fits3 is absorbed into DSP fits3.
DSP Report: Generating DSP fits3, operation Mode is: (PCIN>>17)+A*B.
DSP Report: operator fits3 is absorbed into DSP fits3.
DSP Report: operator fits3 is absorbed into DSP fits3.
DSP Report: Generating DSP fits3, operation Mode is: A*B.
DSP Report: operator fits3 is absorbed into DSP fits3.
DSP Report: operator fits3 is absorbed into DSP fits3.
DSP Report: Generating DSP fits3, operation Mode is: (PCIN>>17)+A*B.
DSP Report: operator fits3 is absorbed into DSP fits3.
DSP Report: operator fits3 is absorbed into DSP fits3.
DSP Report: Generating DSP fits3, operation Mode is: A*B.
DSP Report: operator fits3 is absorbed into DSP fits3.
DSP Report: operator fits3 is absorbed into DSP fits3.
DSP Report: Generating DSP fits3, operation Mode is: (PCIN>>17)+A*B.
DSP Report: operator fits3 is absorbed into DSP fits3.
DSP Report: operator fits3 is absorbed into DSP fits3.
DSP Report: Generating DSP fits3, operation Mode is: A*B.
DSP Report: operator fits3 is absorbed into DSP fits3.
DSP Report: operator fits3 is absorbed into DSP fits3.
DSP Report: Generating DSP fits3, operation Mode is: (PCIN>>17)+A*B.
DSP Report: operator fits3 is absorbed into DSP fits3.
DSP Report: operator fits3 is absorbed into DSP fits3.
DSP Report: Generating DSP fits3, operation Mode is: A*B.
DSP Report: operator fits3 is absorbed into DSP fits3.
DSP Report: operator fits3 is absorbed into DSP fits3.
DSP Report: Generating DSP fits3, operation Mode is: (PCIN>>17)+A*B.
DSP Report: operator fits3 is absorbed into DSP fits3.
DSP Report: operator fits3 is absorbed into DSP fits3.
DSP Report: Generating DSP fits3, operation Mode is: A*B.
DSP Report: operator fits3 is absorbed into DSP fits3.
DSP Report: operator fits3 is absorbed into DSP fits3.
DSP Report: Generating DSP fits3, operation Mode is: (PCIN>>17)+A*B.
DSP Report: operator fits3 is absorbed into DSP fits3.
DSP Report: operator fits3 is absorbed into DSP fits3.
DSP Report: Generating DSP fits3, operation Mode is: A*B.
DSP Report: operator fits3 is absorbed into DSP fits3.
DSP Report: operator fits3 is absorbed into DSP fits3.
DSP Report: Generating DSP fits3, operation Mode is: (PCIN>>17)+A*B.
DSP Report: operator fits3 is absorbed into DSP fits3.
DSP Report: operator fits3 is absorbed into DSP fits3.
DSP Report: Generating DSP fits3, operation Mode is: A*B.
DSP Report: operator fits3 is absorbed into DSP fits3.
DSP Report: operator fits3 is absorbed into DSP fits3.
DSP Report: Generating DSP fits3, operation Mode is: (PCIN>>17)+A*B.
DSP Report: operator fits3 is absorbed into DSP fits3.
DSP Report: operator fits3 is absorbed into DSP fits3.
DSP Report: Generating DSP fits3, operation Mode is: A*B.
DSP Report: operator fits3 is absorbed into DSP fits3.
DSP Report: operator fits3 is absorbed into DSP fits3.
DSP Report: Generating DSP fits3, operation Mode is: (PCIN>>17)+A*B.
DSP Report: operator fits3 is absorbed into DSP fits3.
DSP Report: operator fits3 is absorbed into DSP fits3.
DSP Report: Generating DSP fits3, operation Mode is: A*B.
DSP Report: operator fits3 is absorbed into DSP fits3.
DSP Report: operator fits3 is absorbed into DSP fits3.
DSP Report: Generating DSP fits3, operation Mode is: (PCIN>>17)+A*B.
DSP Report: operator fits3 is absorbed into DSP fits3.
DSP Report: operator fits3 is absorbed into DSP fits3.
DSP Report: Generating DSP fits3, operation Mode is: A*B.
DSP Report: operator fits3 is absorbed into DSP fits3.
DSP Report: operator fits3 is absorbed into DSP fits3.
DSP Report: Generating DSP fits3, operation Mode is: (PCIN>>17)+A*B.
DSP Report: operator fits3 is absorbed into DSP fits3.
DSP Report: operator fits3 is absorbed into DSP fits3.
DSP Report: Generating DSP fits3, operation Mode is: A*B.
DSP Report: operator fits3 is absorbed into DSP fits3.
DSP Report: operator fits3 is absorbed into DSP fits3.
DSP Report: Generating DSP fits3, operation Mode is: (PCIN>>17)+A*B.
DSP Report: operator fits3 is absorbed into DSP fits3.
DSP Report: operator fits3 is absorbed into DSP fits3.
DSP Report: Generating DSP fits3, operation Mode is: A*B.
DSP Report: operator fits3 is absorbed into DSP fits3.
DSP Report: operator fits3 is absorbed into DSP fits3.
DSP Report: Generating DSP fits3, operation Mode is: (PCIN>>17)+A*B.
DSP Report: operator fits3 is absorbed into DSP fits3.
DSP Report: operator fits3 is absorbed into DSP fits3.
DSP Report: Generating DSP fits3, operation Mode is: A*B.
DSP Report: operator fits3 is absorbed into DSP fits3.
DSP Report: operator fits3 is absorbed into DSP fits3.
DSP Report: Generating DSP fits3, operation Mode is: (PCIN>>17)+A*B.
DSP Report: operator fits3 is absorbed into DSP fits3.
DSP Report: operator fits3 is absorbed into DSP fits3.
DSP Report: Generating DSP fits3, operation Mode is: A*B.
DSP Report: operator fits3 is absorbed into DSP fits3.
DSP Report: operator fits3 is absorbed into DSP fits3.
DSP Report: Generating DSP fits3, operation Mode is: (PCIN>>17)+A*B.
DSP Report: operator fits3 is absorbed into DSP fits3.
DSP Report: operator fits3 is absorbed into DSP fits3.
DSP Report: Generating DSP fits3, operation Mode is: A*B.
DSP Report: operator fits3 is absorbed into DSP fits3.
DSP Report: operator fits3 is absorbed into DSP fits3.
DSP Report: Generating DSP fits3, operation Mode is: (PCIN>>17)+A*B.
DSP Report: operator fits3 is absorbed into DSP fits3.
DSP Report: operator fits3 is absorbed into DSP fits3.
DSP Report: Generating DSP fits3, operation Mode is: A*B.
DSP Report: operator fits3 is absorbed into DSP fits3.
DSP Report: operator fits3 is absorbed into DSP fits3.
DSP Report: Generating DSP fits3, operation Mode is: (PCIN>>17)+A*B.
DSP Report: operator fits3 is absorbed into DSP fits3.
DSP Report: operator fits3 is absorbed into DSP fits3.
INFO: [Synth 8-12192] Not enough pipeline registers after wide multiplier. Pipeline registers present is 0. Recommended levels of pipeline registers is 2. [/tmp/sched_synth_BATCHDNN_PP_7f2q1qva/batchdnn_pp_scheduler.sv:437]
INFO: [Synth 8-12192] Not enough pipeline registers after wide multiplier. Pipeline registers present is 0. Recommended levels of pipeline registers is 2. [/tmp/sched_synth_BATCHDNN_PP_7f2q1qva/batchdnn_pp_scheduler.sv:437]
INFO: [Synth 8-12192] Not enough pipeline registers after wide multiplier. Pipeline registers present is 0. Recommended levels of pipeline registers is 2. [/tmp/sched_synth_BATCHDNN_PP_7f2q1qva/batchdnn_pp_scheduler.sv:437]
INFO: [Synth 8-12192] Not enough pipeline registers after wide multiplier. Pipeline registers present is 0. Recommended levels of pipeline registers is 2. [/tmp/sched_synth_BATCHDNN_PP_7f2q1qva/batchdnn_pp_scheduler.sv:437]
INFO: [Synth 8-12192] Not enough pipeline registers after wide multiplier. Pipeline registers present is 0. Recommended levels of pipeline registers is 2. [/tmp/sched_synth_BATCHDNN_PP_7f2q1qva/batchdnn_pp_scheduler.sv:437]
INFO: [Synth 8-12192] Not enough pipeline registers after wide multiplier. Pipeline registers present is 0. Recommended levels of pipeline registers is 2. [/tmp/sched_synth_BATCHDNN_PP_7f2q1qva/batchdnn_pp_scheduler.sv:437]
INFO: [Synth 8-12192] Not enough pipeline registers after wide multiplier. Pipeline registers present is 0. Recommended levels of pipeline registers is 2. [/tmp/sched_synth_BATCHDNN_PP_7f2q1qva/batchdnn_pp_scheduler.sv:437]
DSP Report: Generating DSP found_cand4, operation Mode is: A*B.
DSP Report: operator found_cand4 is absorbed into DSP found_cand4.
DSP Report: operator found_cand4 is absorbed into DSP found_cand4.
DSP Report: Generating DSP found_cand4, operation Mode is: (PCIN>>17)+A*B.
DSP Report: operator found_cand4 is absorbed into DSP found_cand4.
DSP Report: operator found_cand4 is absorbed into DSP found_cand4.
DSP Report: Generating DSP found_cand4, operation Mode is: A*B.
DSP Report: operator found_cand4 is absorbed into DSP found_cand4.
DSP Report: operator found_cand4 is absorbed into DSP found_cand4.
DSP Report: Generating DSP found_cand4, operation Mode is: (PCIN>>17)+A*B.
DSP Report: operator found_cand4 is absorbed into DSP found_cand4.
DSP Report: operator found_cand4 is absorbed into DSP found_cand4.
DSP Report: Generating DSP cand4, operation Mode is: A*B.
DSP Report: operator cand4 is absorbed into DSP cand4.
DSP Report: operator cand4 is absorbed into DSP cand4.
DSP Report: Generating DSP cand4, operation Mode is: (PCIN>>17)+A*B.
DSP Report: operator cand4 is absorbed into DSP cand4.
DSP Report: operator cand4 is absorbed into DSP cand4.
DSP Report: Generating DSP found_cand4, operation Mode is: A*B.
DSP Report: operator found_cand4 is absorbed into DSP found_cand4.
DSP Report: operator found_cand4 is absorbed into DSP found_cand4.
DSP Report: Generating DSP found_cand4, operation Mode is: (PCIN>>17)+A*B.
DSP Report: operator found_cand4 is absorbed into DSP found_cand4.
DSP Report: operator found_cand4 is absorbed into DSP found_cand4.
DSP Report: Generating DSP found_cand4, operation Mode is: A*B.
DSP Report: operator found_cand4 is absorbed into DSP found_cand4.
DSP Report: operator found_cand4 is absorbed into DSP found_cand4.
DSP Report: Generating DSP found_cand4, operation Mode is: (PCIN>>17)+A*B.
DSP Report: operator found_cand4 is absorbed into DSP found_cand4.
DSP Report: operator found_cand4 is absorbed into DSP found_cand4.
DSP Report: Generating DSP found_cand4, operation Mode is: A*B.
DSP Report: operator found_cand4 is absorbed into DSP found_cand4.
DSP Report: operator found_cand4 is absorbed into DSP found_cand4.
DSP Report: Generating DSP found_cand4, operation Mode is: (PCIN>>17)+A*B.
DSP Report: operator found_cand4 is absorbed into DSP found_cand4.
DSP Report: operator found_cand4 is absorbed into DSP found_cand4.
DSP Report: Generating DSP found_cand4, operation Mode is: A*B.
DSP Report: operator found_cand4 is absorbed into DSP found_cand4.
DSP Report: operator found_cand4 is absorbed into DSP found_cand4.
DSP Report: Generating DSP found_cand4, operation Mode is: (PCIN>>17)+A*B.
DSP Report: operator found_cand4 is absorbed into DSP found_cand4.
DSP Report: operator found_cand4 is absorbed into DSP found_cand4.
INFO: [Synth 8-12192] Not enough pipeline registers after wide multiplier. Pipeline registers present is 0. Recommended levels of pipeline registers is 2. [/tmp/sched_synth_BATCHDNN_PP_7f2q1qva/batchdnn_pp_scheduler.sv:437]
DSP Report: Generating DSP found_cand4, operation Mode is: A*B.
DSP Report: operator found_cand4 is absorbed into DSP found_cand4.
DSP Report: operator found_cand4 is absorbed into DSP found_cand4.
DSP Report: Generating DSP found_cand4, operation Mode is: (PCIN>>17)+A*B.
DSP Report: operator found_cand4 is absorbed into DSP found_cand4.
DSP Report: operator found_cand4 is absorbed into DSP found_cand4.
INFO: [Synth 8-12192] Not enough pipeline registers after wide multiplier. Pipeline registers present is 0. Recommended levels of pipeline registers is 2. [/tmp/sched_synth_BATCHDNN_PP_7f2q1qva/batchdnn_pp_scheduler.sv:461]
INFO: [Synth 8-12192] Not enough pipeline registers after wide multiplier. Pipeline registers present is 0. Recommended levels of pipeline registers is 2. [/tmp/sched_synth_BATCHDNN_PP_7f2q1qva/batchdnn_pp_scheduler.sv:645]
INFO: [Synth 8-12192] Not enough pipeline registers after wide multiplier. Pipeline registers present is 0. Recommended levels of pipeline registers is 2. [/tmp/sched_synth_BATCHDNN_PP_7f2q1qva/batchdnn_pp_scheduler.sv:680]
INFO: [Synth 8-12192] Not enough pipeline registers after wide multiplier. Pipeline registers present is 0. Recommended levels of pipeline registers is 2. [/tmp/sched_synth_BATCHDNN_PP_7f2q1qva/batchdnn_pp_scheduler.sv:437]
INFO: [Synth 8-12192] Not enough pipeline registers after wide multiplier. Pipeline registers present is 0. Recommended levels of pipeline registers is 2. [/tmp/sched_synth_BATCHDNN_PP_7f2q1qva/batchdnn_pp_scheduler.sv:437]
INFO: [Synth 8-12192] Not enough pipeline registers after wide multiplier. Pipeline registers present is 0. Recommended levels of pipeline registers is 2. [/tmp/sched_synth_BATCHDNN_PP_7f2q1qva/batchdnn_pp_scheduler.sv:437]
INFO: [Synth 8-12192] Not enough pipeline registers after wide multiplier. Pipeline registers present is 0. Recommended levels of pipeline registers is 2. [/tmp/sched_synth_BATCHDNN_PP_7f2q1qva/batchdnn_pp_scheduler.sv:437]
INFO: [Synth 8-12192] Not enough pipeline registers after wide multiplier. Pipeline registers present is 0. Recommended levels of pipeline registers is 2. [/tmp/sched_synth_BATCHDNN_PP_7f2q1qva/batchdnn_pp_scheduler.sv:437]
INFO: [Synth 8-12192] Not enough pipeline registers after wide multiplier. Pipeline registers present is 0. Recommended levels of pipeline registers is 2. [/tmp/sched_synth_BATCHDNN_PP_7f2q1qva/batchdnn_pp_scheduler.sv:437]
INFO: [Synth 8-12192] Not enough pipeline registers after wide multiplier. Pipeline registers present is 0. Recommended levels of pipeline registers is 2. [/tmp/sched_synth_BATCHDNN_PP_7f2q1qva/batchdnn_pp_scheduler.sv:437]
INFO: [Synth 8-12192] Not enough pipeline registers after wide multiplier. Pipeline registers present is 0. Recommended levels of pipeline registers is 2. [/tmp/sched_synth_BATCHDNN_PP_7f2q1qva/batchdnn_pp_scheduler.sv:601]
INFO: [Synth 8-12192] Not enough pipeline registers after wide multiplier. Pipeline registers present is 0. Recommended levels of pipeline registers is 2. [/tmp/sched_synth_BATCHDNN_PP_7f2q1qva/batchdnn_pp_scheduler.sv:601]
INFO: [Synth 8-12192] Not enough pipeline registers after wide multiplier. Pipeline registers present is 0. Recommended levels of pipeline registers is 2. [/tmp/sched_synth_BATCHDNN_PP_7f2q1qva/batchdnn_pp_scheduler.sv:601]
INFO: [Synth 8-12192] Not enough pipeline registers after wide multiplier. Pipeline registers present is 0. Recommended levels of pipeline registers is 2. [/tmp/sched_synth_BATCHDNN_PP_7f2q1qva/batchdnn_pp_scheduler.sv:601]
DSP Report: Generating DSP avail_mem_reg1, operation Mode is: A*B.
DSP Report: operator avail_mem_reg1 is absorbed into DSP avail_mem_reg1.
DSP Report: operator avail_mem_reg1 is absorbed into DSP avail_mem_reg1.
DSP Report: Generating DSP avail_mem_reg1, operation Mode is: (PCIN>>17)+A*B.
DSP Report: operator avail_mem_reg1 is absorbed into DSP avail_mem_reg1.
DSP Report: operator avail_mem_reg1 is absorbed into DSP avail_mem_reg1.
DSP Report: Generating DSP avail_mem_reg2, operation Mode is: A*B.
DSP Report: operator avail_mem_reg2 is absorbed into DSP avail_mem_reg2.
DSP Report: operator avail_mem_reg2 is absorbed into DSP avail_mem_reg2.
DSP Report: Generating DSP avail_mem_reg2, operation Mode is: (PCIN>>17)+A*B.
DSP Report: operator avail_mem_reg2 is absorbed into DSP avail_mem_reg2.
DSP Report: operator avail_mem_reg2 is absorbed into DSP avail_mem_reg2.
DSP Report: Generating DSP avail_mem_reg2, operation Mode is: A*B.
DSP Report: operator avail_mem_reg2 is absorbed into DSP avail_mem_reg2.
DSP Report: operator avail_mem_reg2 is absorbed into DSP avail_mem_reg2.
DSP Report: Generating DSP avail_mem_reg2, operation Mode is: (PCIN>>17)+A*B.
DSP Report: operator avail_mem_reg2 is absorbed into DSP avail_mem_reg2.
DSP Report: operator avail_mem_reg2 is absorbed into DSP avail_mem_reg2.
DSP Report: Generating DSP found_cand4, operation Mode is: A*B.
DSP Report: operator found_cand4 is absorbed into DSP found_cand4.
DSP Report: operator found_cand4 is absorbed into DSP found_cand4.
DSP Report: Generating DSP found_cand4, operation Mode is: (PCIN>>17)+A*B.
DSP Report: operator found_cand4 is absorbed into DSP found_cand4.
DSP Report: operator found_cand4 is absorbed into DSP found_cand4.
DSP Report: Generating DSP found_cand4, operation Mode is: A*B.
DSP Report: operator found_cand4 is absorbed into DSP found_cand4.
DSP Report: operator found_cand4 is absorbed into DSP found_cand4.
DSP Report: Generating DSP found_cand4, operation Mode is: (PCIN>>17)+A*B.
DSP Report: operator found_cand4 is absorbed into DSP found_cand4.
DSP Report: operator found_cand4 is absorbed into DSP found_cand4.
DSP Report: Generating DSP found_cand4, operation Mode is: A*B.
DSP Report: operator found_cand4 is absorbed into DSP found_cand4.
DSP Report: operator found_cand4 is absorbed into DSP found_cand4.
DSP Report: Generating DSP found_cand4, operation Mode is: (PCIN>>17)+A*B.
DSP Report: operator found_cand4 is absorbed into DSP found_cand4.
DSP Report: operator found_cand4 is absorbed into DSP found_cand4.
DSP Report: Generating DSP found_cand4, operation Mode is: A*B.
DSP Report: operator found_cand4 is absorbed into DSP found_cand4.
DSP Report: operator found_cand4 is absorbed into DSP found_cand4.
DSP Report: Generating DSP found_cand4, operation Mode is: (PCIN>>17)+A*B.
DSP Report: operator found_cand4 is absorbed into DSP found_cand4.
DSP Report: operator found_cand4 is absorbed into DSP found_cand4.
DSP Report: Generating DSP found_cand4, operation Mode is: A*B.
DSP Report: operator found_cand4 is absorbed into DSP found_cand4.
DSP Report: operator found_cand4 is absorbed into DSP found_cand4.
DSP Report: Generating DSP found_cand4, operation Mode is: (PCIN>>17)+A*B.
DSP Report: operator found_cand4 is absorbed into DSP found_cand4.
DSP Report: operator found_cand4 is absorbed into DSP found_cand4.
DSP Report: Generating DSP found_cand4, operation Mode is: A*B.
DSP Report: operator found_cand4 is absorbed into DSP found_cand4.
DSP Report: operator found_cand4 is absorbed into DSP found_cand4.
DSP Report: Generating DSP found_cand4, operation Mode is: (PCIN>>17)+A*B.
DSP Report: operator found_cand4 is absorbed into DSP found_cand4.
DSP Report: operator found_cand4 is absorbed into DSP found_cand4.
DSP Report: Generating DSP found_cand4, operation Mode is: A*B.
DSP Report: operator found_cand4 is absorbed into DSP found_cand4.
DSP Report: operator found_cand4 is absorbed into DSP found_cand4.
DSP Report: Generating DSP found_cand4, operation Mode is: (PCIN>>17)+A*B.
DSP Report: operator found_cand4 is absorbed into DSP found_cand4.
DSP Report: operator found_cand4 is absorbed into DSP found_cand4.
DSP Report: Generating DSP fits3, operation Mode is: A*B.
DSP Report: operator fits3 is absorbed into DSP fits3.
DSP Report: operator fits3 is absorbed into DSP fits3.
DSP Report: Generating DSP fits3, operation Mode is: (PCIN>>17)+A*B.
DSP Report: operator fits3 is absorbed into DSP fits3.
DSP Report: operator fits3 is absorbed into DSP fits3.
DSP Report: Generating DSP fits3, operation Mode is: A*B.
DSP Report: operator fits3 is absorbed into DSP fits3.
DSP Report: operator fits3 is absorbed into DSP fits3.
DSP Report: Generating DSP fits3, operation Mode is: (PCIN>>17)+A*B.
DSP Report: operator fits3 is absorbed into DSP fits3.
DSP Report: operator fits3 is absorbed into DSP fits3.
DSP Report: Generating DSP fits3, operation Mode is: A*B.
DSP Report: operator fits3 is absorbed into DSP fits3.
DSP Report: operator fits3 is absorbed into DSP fits3.
DSP Report: Generating DSP fits3, operation Mode is: (PCIN>>17)+A*B.
DSP Report: operator fits3 is absorbed into DSP fits3.
DSP Report: operator fits3 is absorbed into DSP fits3.
DSP Report: Generating DSP fits3, operation Mode is: A*B.
DSP Report: operator fits3 is absorbed into DSP fits3.
DSP Report: operator fits3 is absorbed into DSP fits3.
DSP Report: Generating DSP fits3, operation Mode is: (PCIN>>17)+A*B.
DSP Report: operator fits3 is absorbed into DSP fits3.
DSP Report: operator fits3 is absorbed into DSP fits3.
CRITICAL WARNING: [Synth 8-6859] multi-driven net on pin Q with 1st driver pin 'current_batch_reg[0][7]__0/Q' [/tmp/sched_synth_BATCHDNN_PP_7f2q1qva/batchdnn_pp_scheduler.sv:306]
CRITICAL WARNING: [Synth 8-6859] multi-driven net on pin Q with 2nd driver pin 'GND' [/tmp/sched_synth_BATCHDNN_PP_7f2q1qva/batchdnn_pp_scheduler.sv:306]
CRITICAL WARNING: [Synth 8-6858] multi-driven net Q is connected to at least one constant driver which has been preserved, other driver is ignored [/tmp/sched_synth_BATCHDNN_PP_7f2q1qva/batchdnn_pp_scheduler.sv:306]
CRITICAL WARNING: [Synth 8-6859] multi-driven net on pin Q with 1st driver pin 'current_batch_reg[0][6]__0/Q' [/tmp/sched_synth_BATCHDNN_PP_7f2q1qva/batchdnn_pp_scheduler.sv:306]
CRITICAL WARNING: [Synth 8-6859] multi-driven net on pin Q with 2nd driver pin 'GND' [/tmp/sched_synth_BATCHDNN_PP_7f2q1qva/batchdnn_pp_scheduler.sv:306]
CRITICAL WARNING: [Synth 8-6858] multi-driven net Q is connected to at least one constant driver which has been preserved, other driver is ignored [/tmp/sched_synth_BATCHDNN_PP_7f2q1qva/batchdnn_pp_scheduler.sv:306]
CRITICAL WARNING: [Synth 8-6859] multi-driven net on pin Q with 1st driver pin 'current_batch_reg[0][5]__0/Q' [/tmp/sched_synth_BATCHDNN_PP_7f2q1qva/batchdnn_pp_scheduler.sv:306]
CRITICAL WARNING: [Synth 8-6859] multi-driven net on pin Q with 2nd driver pin 'GND' [/tmp/sched_synth_BATCHDNN_PP_7f2q1qva/batchdnn_pp_scheduler.sv:306]
CRITICAL WARNING: [Synth 8-6858] multi-driven net Q is connected to at least one constant driver which has been preserved, other driver is ignored [/tmp/sched_synth_BATCHDNN_PP_7f2q1qva/batchdnn_pp_scheduler.sv:306]
CRITICAL WARNING: [Synth 8-6859] multi-driven net on pin Q with 1st driver pin 'current_batch_reg[0][4]__0/Q' [/tmp/sched_synth_BATCHDNN_PP_7f2q1qva/batchdnn_pp_scheduler.sv:306]
CRITICAL WARNING: [Synth 8-6859] multi-driven net on pin Q with 2nd driver pin 'GND' [/tmp/sched_synth_BATCHDNN_PP_7f2q1qva/batchdnn_pp_scheduler.sv:306]
CRITICAL WARNING: [Synth 8-6858] multi-driven net Q is connected to at least one constant driver which has been preserved, other driver is ignored [/tmp/sched_synth_BATCHDNN_PP_7f2q1qva/batchdnn_pp_scheduler.sv:306]
CRITICAL WARNING: [Synth 8-6859] multi-driven net on pin Q with 1st driver pin 'current_batch_reg[0][3]__0/Q' [/tmp/sched_synth_BATCHDNN_PP_7f2q1qva/batchdnn_pp_scheduler.sv:306]
CRITICAL WARNING: [Synth 8-6859] multi-driven net on pin Q with 2nd driver pin 'GND' [/tmp/sched_synth_BATCHDNN_PP_7f2q1qva/batchdnn_pp_scheduler.sv:306]
CRITICAL WARNING: [Synth 8-6858] multi-driven net Q is connected to at least one constant driver which has been preserved, other driver is ignored [/tmp/sched_synth_BATCHDNN_PP_7f2q1qva/batchdnn_pp_scheduler.sv:306]
CRITICAL WARNING: [Synth 8-6859] multi-driven net on pin Q with 1st driver pin 'current_batch_reg[0][2]__0/Q' [/tmp/sched_synth_BATCHDNN_PP_7f2q1qva/batchdnn_pp_scheduler.sv:306]
CRITICAL WARNING: [Synth 8-6859] multi-driven net on pin Q with 2nd driver pin 'GND' [/tmp/sched_synth_BATCHDNN_PP_7f2q1qva/batchdnn_pp_scheduler.sv:306]
CRITICAL WARNING: [Synth 8-6858] multi-driven net Q is connected to at least one constant driver which has been preserved, other driver is ignored [/tmp/sched_synth_BATCHDNN_PP_7f2q1qva/batchdnn_pp_scheduler.sv:306]
CRITICAL WARNING: [Synth 8-6859] multi-driven net on pin Q with 1st driver pin 'current_batch_reg[0][1]__0/Q' [/tmp/sched_synth_BATCHDNN_PP_7f2q1qva/batchdnn_pp_scheduler.sv:306]
CRITICAL WARNING: [Synth 8-6859] multi-driven net on pin Q with 2nd driver pin 'GND' [/tmp/sched_synth_BATCHDNN_PP_7f2q1qva/batchdnn_pp_scheduler.sv:306]
CRITICAL WARNING: [Synth 8-6858] multi-driven net Q is connected to at least one constant driver which has been preserved, other driver is ignored [/tmp/sched_synth_BATCHDNN_PP_7f2q1qva/batchdnn_pp_scheduler.sv:306]
CRITICAL WARNING: [Synth 8-6859] multi-driven net on pin Q with 1st driver pin 'current_batch_reg[0][0]__0/Q' [/tmp/sched_synth_BATCHDNN_PP_7f2q1qva/batchdnn_pp_scheduler.sv:306]
CRITICAL WARNING: [Synth 8-6859] multi-driven net on pin Q with 2nd driver pin 'GND' [/tmp/sched_synth_BATCHDNN_PP_7f2q1qva/batchdnn_pp_scheduler.sv:306]
CRITICAL WARNING: [Synth 8-6858] multi-driven net Q is connected to at least one constant driver which has been preserved, other driver is ignored [/tmp/sched_synth_BATCHDNN_PP_7f2q1qva/batchdnn_pp_scheduler.sv:306]
CRITICAL WARNING: [Synth 8-6859] multi-driven net on pin Q with 1st driver pin 'current_batch_reg[1][7]__0/Q' [/tmp/sched_synth_BATCHDNN_PP_7f2q1qva/batchdnn_pp_scheduler.sv:306]
CRITICAL WARNING: [Synth 8-6859] multi-driven net on pin Q with 2nd driver pin 'GND' [/tmp/sched_synth_BATCHDNN_PP_7f2q1qva/batchdnn_pp_scheduler.sv:306]
CRITICAL WARNING: [Synth 8-6858] multi-driven net Q is connected to at least one constant driver which has been preserved, other driver is ignored [/tmp/sched_synth_BATCHDNN_PP_7f2q1qva/batchdnn_pp_scheduler.sv:306]
CRITICAL WARNING: [Synth 8-6859] multi-driven net on pin Q with 1st driver pin 'current_batch_reg[1][6]__0/Q' [/tmp/sched_synth_BATCHDNN_PP_7f2q1qva/batchdnn_pp_scheduler.sv:306]
CRITICAL WARNING: [Synth 8-6859] multi-driven net on pin Q with 2nd driver pin 'GND' [/tmp/sched_synth_BATCHDNN_PP_7f2q1qva/batchdnn_pp_scheduler.sv:306]
CRITICAL WARNING: [Synth 8-6858] multi-driven net Q is connected to at least one constant driver which has been preserved, other driver is ignored [/tmp/sched_synth_BATCHDNN_PP_7f2q1qva/batchdnn_pp_scheduler.sv:306]
CRITICAL WARNING: [Synth 8-6859] multi-driven net on pin Q with 1st driver pin 'current_batch_reg[1][5]__0/Q' [/tmp/sched_synth_BATCHDNN_PP_7f2q1qva/batchdnn_pp_scheduler.sv:306]
CRITICAL WARNING: [Synth 8-6859] multi-driven net on pin Q with 2nd driver pin 'GND' [/tmp/sched_synth_BATCHDNN_PP_7f2q1qva/batchdnn_pp_scheduler.sv:306]
CRITICAL WARNING: [Synth 8-6858] multi-driven net Q is connected to at least one constant driver which has been preserved, other driver is ignored [/tmp/sched_synth_BATCHDNN_PP_7f2q1qva/batchdnn_pp_scheduler.sv:306]
CRITICAL WARNING: [Synth 8-6859] multi-driven net on pin Q with 1st driver pin 'current_batch_reg[1][4]__0/Q' [/tmp/sched_synth_BATCHDNN_PP_7f2q1qva/batchdnn_pp_scheduler.sv:306]
CRITICAL WARNING: [Synth 8-6859] multi-driven net on pin Q with 2nd driver pin 'GND' [/tmp/sched_synth_BATCHDNN_PP_7f2q1qva/batchdnn_pp_scheduler.sv:306]
CRITICAL WARNING: [Synth 8-6858] multi-driven net Q is connected to at least one constant driver which has been preserved, other driver is ignored [/tmp/sched_synth_BATCHDNN_PP_7f2q1qva/batchdnn_pp_scheduler.sv:306]
CRITICAL WARNING: [Synth 8-6859] multi-driven net on pin Q with 1st driver pin 'current_batch_reg[1][3]__0/Q' [/tmp/sched_synth_BATCHDNN_PP_7f2q1qva/batchdnn_pp_scheduler.sv:306]
CRITICAL WARNING: [Synth 8-6859] multi-driven net on pin Q with 2nd driver pin 'GND' [/tmp/sched_synth_BATCHDNN_PP_7f2q1qva/batchdnn_pp_scheduler.sv:306]
CRITICAL WARNING: [Synth 8-6858] multi-driven net Q is connected to at least one constant driver which has been preserved, other driver is ignored [/tmp/sched_synth_BATCHDNN_PP_7f2q1qva/batchdnn_pp_scheduler.sv:306]
CRITICAL WARNING: [Synth 8-6859] multi-driven net on pin Q with 1st driver pin 'current_batch_reg[1][2]__0/Q' [/tmp/sched_synth_BATCHDNN_PP_7f2q1qva/batchdnn_pp_scheduler.sv:306]
CRITICAL WARNING: [Synth 8-6859] multi-driven net on pin Q with 2nd driver pin 'GND' [/tmp/sched_synth_BATCHDNN_PP_7f2q1qva/batchdnn_pp_scheduler.sv:306]
CRITICAL WARNING: [Synth 8-6858] multi-driven net Q is connected to at least one constant driver which has been preserved, other driver is ignored [/tmp/sched_synth_BATCHDNN_PP_7f2q1qva/batchdnn_pp_scheduler.sv:306]
CRITICAL WARNING: [Synth 8-6859] multi-driven net on pin Q with 1st driver pin 'current_batch_reg[1][1]__0/Q' [/tmp/sched_synth_BATCHDNN_PP_7f2q1qva/batchdnn_pp_scheduler.sv:306]
CRITICAL WARNING: [Synth 8-6859] multi-driven net on pin Q with 2nd driver pin 'GND' [/tmp/sched_synth_BATCHDNN_PP_7f2q1qva/batchdnn_pp_scheduler.sv:306]
CRITICAL WARNING: [Synth 8-6858] multi-driven net Q is connected to at least one constant driver which has been preserved, other driver is ignored [/tmp/sched_synth_BATCHDNN_PP_7f2q1qva/batchdnn_pp_scheduler.sv:306]
CRITICAL WARNING: [Synth 8-6859] multi-driven net on pin Q with 1st driver pin 'current_batch_reg[1][0]__0/Q' [/tmp/sched_synth_BATCHDNN_PP_7f2q1qva/batchdnn_pp_scheduler.sv:306]
CRITICAL WARNING: [Synth 8-6859] multi-driven net on pin Q with 2nd driver pin 'GND' [/tmp/sched_synth_BATCHDNN_PP_7f2q1qva/batchdnn_pp_scheduler.sv:306]
CRITICAL WARNING: [Synth 8-6858] multi-driven net Q is connected to at least one constant driver which has been preserved, other driver is ignored [/tmp/sched_synth_BATCHDNN_PP_7f2q1qva/batchdnn_pp_scheduler.sv:306]
CRITICAL WARNING: [Synth 8-6859] multi-driven net on pin Q with 1st driver pin 'current_batch_reg[2][7]__0/Q' [/tmp/sched_synth_BATCHDNN_PP_7f2q1qva/batchdnn_pp_scheduler.sv:306]
CRITICAL WARNING: [Synth 8-6859] multi-driven net on pin Q with 2nd driver pin 'GND' [/tmp/sched_synth_BATCHDNN_PP_7f2q1qva/batchdnn_pp_scheduler.sv:306]
CRITICAL WARNING: [Synth 8-6858] multi-driven net Q is connected to at least one constant driver which has been preserved, other driver is ignored [/tmp/sched_synth_BATCHDNN_PP_7f2q1qva/batchdnn_pp_scheduler.sv:306]
CRITICAL WARNING: [Synth 8-6859] multi-driven net on pin Q with 1st driver pin 'current_batch_reg[2][6]__0/Q' [/tmp/sched_synth_BATCHDNN_PP_7f2q1qva/batchdnn_pp_scheduler.sv:306]
CRITICAL WARNING: [Synth 8-6859] multi-driven net on pin Q with 2nd driver pin 'GND' [/tmp/sched_synth_BATCHDNN_PP_7f2q1qva/batchdnn_pp_scheduler.sv:306]
CRITICAL WARNING: [Synth 8-6858] multi-driven net Q is connected to at least one constant driver which has been preserved, other driver is ignored [/tmp/sched_synth_BATCHDNN_PP_7f2q1qva/batchdnn_pp_scheduler.sv:306]
CRITICAL WARNING: [Synth 8-6859] multi-driven net on pin Q with 1st driver pin 'current_batch_reg[2][5]__0/Q' [/tmp/sched_synth_BATCHDNN_PP_7f2q1qva/batchdnn_pp_scheduler.sv:306]
CRITICAL WARNING: [Synth 8-6859] multi-driven net on pin Q with 2nd driver pin 'GND' [/tmp/sched_synth_BATCHDNN_PP_7f2q1qva/batchdnn_pp_scheduler.sv:306]
CRITICAL WARNING: [Synth 8-6858] multi-driven net Q is connected to at least one constant driver which has been preserved, other driver is ignored [/tmp/sched_synth_BATCHDNN_PP_7f2q1qva/batchdnn_pp_scheduler.sv:306]
CRITICAL WARNING: [Synth 8-6859] multi-driven net on pin Q with 1st driver pin 'current_batch_reg[2][4]__0/Q' [/tmp/sched_synth_BATCHDNN_PP_7f2q1qva/batchdnn_pp_scheduler.sv:306]
CRITICAL WARNING: [Synth 8-6859] multi-driven net on pin Q with 2nd driver pin 'GND' [/tmp/sched_synth_BATCHDNN_PP_7f2q1qva/batchdnn_pp_scheduler.sv:306]
CRITICAL WARNING: [Synth 8-6858] multi-driven net Q is connected to at least one constant driver which has been preserved, other driver is ignored [/tmp/sched_synth_BATCHDNN_PP_7f2q1qva/batchdnn_pp_scheduler.sv:306]
CRITICAL WARNING: [Synth 8-6859] multi-driven net on pin Q with 1st driver pin 'current_batch_reg[2][3]__0/Q' [/tmp/sched_synth_BATCHDNN_PP_7f2q1qva/batchdnn_pp_scheduler.sv:306]
CRITICAL WARNING: [Synth 8-6859] multi-driven net on pin Q with 2nd driver pin 'GND' [/tmp/sched_synth_BATCHDNN_PP_7f2q1qva/batchdnn_pp_scheduler.sv:306]
CRITICAL WARNING: [Synth 8-6858] multi-driven net Q is connected to at least one constant driver which has been preserved, other driver is ignored [/tmp/sched_synth_BATCHDNN_PP_7f2q1qva/batchdnn_pp_scheduler.sv:306]
CRITICAL WARNING: [Synth 8-6859] multi-driven net on pin Q with 1st driver pin 'current_batch_reg[2][2]__0/Q' [/tmp/sched_synth_BATCHDNN_PP_7f2q1qva/batchdnn_pp_scheduler.sv:306]
CRITICAL WARNING: [Synth 8-6859] multi-driven net on pin Q with 2nd driver pin 'GND' [/tmp/sched_synth_BATCHDNN_PP_7f2q1qva/batchdnn_pp_scheduler.sv:306]
CRITICAL WARNING: [Synth 8-6858] multi-driven net Q is connected to at least one constant driver which has been preserved, other driver is ignored [/tmp/sched_synth_BATCHDNN_PP_7f2q1qva/batchdnn_pp_scheduler.sv:306]
CRITICAL WARNING: [Synth 8-6859] multi-driven net on pin Q with 1st driver pin 'current_batch_reg[2][1]__0/Q' [/tmp/sched_synth_BATCHDNN_PP_7f2q1qva/batchdnn_pp_scheduler.sv:306]
CRITICAL WARNING: [Synth 8-6859] multi-driven net on pin Q with 2nd driver pin 'GND' [/tmp/sched_synth_BATCHDNN_PP_7f2q1qva/batchdnn_pp_scheduler.sv:306]
CRITICAL WARNING: [Synth 8-6858] multi-driven net Q is connected to at least one constant driver which has been preserved, other driver is ignored [/tmp/sched_synth_BATCHDNN_PP_7f2q1qva/batchdnn_pp_scheduler.sv:306]
CRITICAL WARNING: [Synth 8-6859] multi-driven net on pin Q with 1st driver pin 'current_batch_reg[2][0]__0/Q' [/tmp/sched_synth_BATCHDNN_PP_7f2q1qva/batchdnn_pp_scheduler.sv:306]
CRITICAL WARNING: [Synth 8-6859] multi-driven net on pin Q with 2nd driver pin 'GND' [/tmp/sched_synth_BATCHDNN_PP_7f2q1qva/batchdnn_pp_scheduler.sv:306]
CRITICAL WARNING: [Synth 8-6858] multi-driven net Q is connected to at least one constant driver which has been preserved, other driver is ignored [/tmp/sched_synth_BATCHDNN_PP_7f2q1qva/batchdnn_pp_scheduler.sv:306]
INFO: [Synth 8-5544] ROM "prev_batch_reg" won't be mapped to Block RAM because address size (2) smaller than threshold (5)
INFO: [Synth 8-3333] propagating constant 0 across sequential element (\mt_cq_head_reg[0] )
INFO: [Synth 8-3333] propagating constant 0 across sequential element (\mt_cq_head_reg[1] )
INFO: [Synth 8-3333] propagating constant 0 across sequential element (\mt_cq_head_reg[2] )
INFO: [Synth 8-3333] propagating constant 0 across sequential element (\mt_cq_head_reg[3] )
INFO: [Synth 8-3333] propagating constant 0 across sequential element (\mt_cq_head_reg[4] )
INFO: [Synth 8-3333] propagating constant 0 across sequential element (i_376/\merge_ctr_reg[0] )
INFO: [Synth 8-3333] propagating constant 0 across sequential element (i_376/\merge_ctr_reg[1] )
INFO: [Synth 8-3333] propagating constant 0 across sequential element (i_376/\merge_ctr_reg[2] )
INFO: [Synth 8-3333] propagating constant 0 across sequential element (i_376/\merge_ctr_reg[3] )
INFO: [Synth 8-3333] propagating constant 0 across sequential element (i_376/\merge_ctr_reg[4] )
INFO: [Synth 8-3333] propagating constant 0 across sequential element (i_376/\merge_ctr_reg[5] )
INFO: [Synth 8-3333] propagating constant 0 across sequential element (i_376/\merge_ctr_reg[6] )
INFO: [Synth 8-3333] propagating constant 0 across sequential element (i_376/\merge_ctr_reg[7] )
INFO: [Synth 8-3333] propagating constant 0 across sequential element (i_376/\merge_ctr_reg[8] )
INFO: [Synth 8-3333] propagating constant 0 across sequential element (i_376/\merge_ctr_reg[9] )
INFO: [Synth 8-3333] propagating constant 0 across sequential element (i_376/\merge_ctr_reg[10] )
INFO: [Synth 8-3333] propagating constant 0 across sequential element (i_376/\merge_ctr_reg[11] )
INFO: [Synth 8-3333] propagating constant 0 across sequential element (i_376/\merge_ctr_reg[12] )
INFO: [Synth 8-3333] propagating constant 0 across sequential element (i_376/\merge_ctr_reg[13] )
INFO: [Synth 8-3333] propagating constant 0 across sequential element (i_376/\merge_ctr_reg[14] )
INFO: [Synth 8-3333] propagating constant 0 across sequential element (i_376/\merge_ctr_reg[15] )
INFO: [Synth 8-3333] propagating constant 0 across sequential element (i_376/\merge_ctr_reg[16] )
INFO: [Synth 8-3333] propagating constant 0 across sequential element (i_376/\merge_ctr_reg[17] )
INFO: [Synth 8-3333] propagating constant 0 across sequential element (i_376/\merge_ctr_reg[18] )
INFO: [Synth 8-3333] propagating constant 0 across sequential element (i_376/\merge_ctr_reg[19] )
INFO: [Synth 8-3333] propagating constant 0 across sequential element (i_376/\merge_ctr_reg[20] )
INFO: [Synth 8-3333] propagating constant 0 across sequential element (i_376/\merge_ctr_reg[21] )
INFO: [Synth 8-3333] propagating constant 0 across sequential element (i_376/\merge_ctr_reg[22] )
INFO: [Synth 8-3333] propagating constant 0 across sequential element (i_376/\merge_ctr_reg[23] )
INFO: [Synth 8-3333] propagating constant 0 across sequential element (i_376/\merge_ctr_reg[24] )
INFO: [Synth 8-3333] propagating constant 0 across sequential element (i_376/\merge_ctr_reg[25] )
INFO: [Synth 8-3333] propagating constant 0 across sequential element (i_376/\merge_ctr_reg[26] )
INFO: [Synth 8-3333] propagating constant 0 across sequential element (i_376/\merge_ctr_reg[27] )
INFO: [Synth 8-3333] propagating constant 0 across sequential element (i_376/\merge_ctr_reg[28] )
INFO: [Synth 8-3333] propagating constant 0 across sequential element (i_376/\merge_ctr_reg[29] )
INFO: [Synth 8-3333] propagating constant 0 across sequential element (i_376/\merge_ctr_reg[30] )
INFO: [Synth 8-3333] propagating constant 0 across sequential element (i_376/\merge_ctr_reg[31] )
INFO: [Synth 8-3886] merging instance 'sb_stack_reg[3][14][layer_idx][0]' (FDE) to 'sb_stack_reg[2][1][layer_idx][0]'
INFO: [Synth 8-3886] merging instance 'sb_stack_reg[2][14][layer_idx][0]' (FDE) to 'sb_stack_reg[2][1][layer_idx][0]'
INFO: [Synth 8-3886] merging instance 'sb_stack_reg[1][14][layer_idx][0]' (FDE) to 'sb_stack_reg[2][1][layer_idx][0]'
INFO: [Synth 8-3886] merging instance 'sb_stack_reg[0][14][layer_idx][0]' (FDE) to 'sb_stack_reg[2][1][layer_idx][0]'
INFO: [Synth 8-3886] merging instance 'sb_stack_reg[3][13][layer_idx][0]' (FDE) to 'sb_stack_reg[2][1][layer_idx][0]'
INFO: [Synth 8-3886] merging instance 'sb_stack_reg[2][13][layer_idx][0]' (FDE) to 'sb_stack_reg[2][1][layer_idx][0]'
INFO: [Synth 8-3886] merging instance 'sb_stack_reg[1][13][layer_idx][0]' (FDE) to 'sb_stack_reg[2][1][layer_idx][0]'
INFO: [Synth 8-3886] merging instance 'sb_stack_reg[0][13][layer_idx][0]' (FDE) to 'sb_stack_reg[2][1][layer_idx][0]'
INFO: [Synth 8-3886] merging instance 'sb_stack_reg[3][12][layer_idx][0]' (FDE) to 'sb_stack_reg[2][1][layer_idx][0]'
INFO: [Synth 8-3886] merging instance 'sb_stack_reg[2][12][layer_idx][0]' (FDE) to 'sb_stack_reg[2][1][layer_idx][0]'
INFO: [Synth 8-3886] merging instance 'sb_stack_reg[1][12][layer_idx][0]' (FDE) to 'sb_stack_reg[2][1][layer_idx][0]'
INFO: [Synth 8-3886] merging instance 'sb_stack_reg[0][12][layer_idx][0]' (FDE) to 'sb_stack_reg[2][1][layer_idx][0]'
INFO: [Synth 8-3886] merging instance 'sb_stack_reg[3][11][layer_idx][0]' (FDE) to 'sb_stack_reg[2][1][layer_idx][0]'
INFO: [Synth 8-3886] merging instance 'sb_stack_reg[2][11][layer_idx][0]' (FDE) to 'sb_stack_reg[2][1][layer_idx][0]'
INFO: [Synth 8-3886] merging instance 'sb_stack_reg[1][11][layer_idx][0]' (FDE) to 'sb_stack_reg[2][1][layer_idx][0]'
INFO: [Synth 8-3886] merging instance 'sb_stack_reg[0][11][layer_idx][0]' (FDE) to 'sb_stack_reg[2][1][layer_idx][0]'
INFO: [Synth 8-3886] merging instance 'sb_stack_reg[3][10][layer_idx][0]' (FDE) to 'sb_stack_reg[2][1][layer_idx][0]'
INFO: [Synth 8-3886] merging instance 'sb_stack_reg[2][10][layer_idx][0]' (FDE) to 'sb_stack_reg[2][1][layer_idx][0]'
INFO: [Synth 8-3886] merging instance 'sb_stack_reg[1][10][layer_idx][0]' (FDE) to 'sb_stack_reg[2][1][layer_idx][0]'
INFO: [Synth 8-3886] merging instance 'sb_stack_reg[0][10][layer_idx][0]' (FDE) to 'sb_stack_reg[2][1][layer_idx][0]'
INFO: [Synth 8-3886] merging instance 'sb_stack_reg[3][9][layer_idx][0]' (FDE) to 'sb_stack_reg[2][1][layer_idx][0]'
INFO: [Synth 8-3886] merging instance 'sb_stack_reg[2][9][layer_idx][0]' (FDE) to 'sb_stack_reg[2][1][layer_idx][0]'
INFO: [Synth 8-3886] merging instance 'sb_stack_reg[1][9][layer_idx][0]' (FDE) to 'sb_stack_reg[2][1][layer_idx][0]'
INFO: [Synth 8-3886] merging instance 'sb_stack_reg[0][9][layer_idx][0]' (FDE) to 'sb_stack_reg[2][1][layer_idx][0]'
INFO: [Synth 8-3886] merging instance 'sb_stack_reg[3][8][layer_idx][0]' (FDE) to 'sb_stack_reg[2][1][layer_idx][0]'
INFO: [Synth 8-3886] merging instance 'sb_stack_reg[2][8][layer_idx][0]' (FDE) to 'sb_stack_reg[2][1][layer_idx][0]'
INFO: [Synth 8-3886] merging instance 'sb_stack_reg[1][8][layer_idx][0]' (FDE) to 'sb_stack_reg[2][1][layer_idx][0]'
INFO: [Synth 8-3886] merging instance 'sb_stack_reg[0][8][layer_idx][0]' (FDE) to 'sb_stack_reg[2][1][layer_idx][0]'
INFO: [Synth 8-3886] merging instance 'sb_stack_reg[3][7][layer_idx][0]' (FDE) to 'sb_stack_reg[2][1][layer_idx][0]'
INFO: [Synth 8-3886] merging instance 'sb_stack_reg[2][7][layer_idx][0]' (FDE) to 'sb_stack_reg[2][1][layer_idx][0]'
INFO: [Synth 8-3886] merging instance 'sb_stack_reg[1][7][layer_idx][0]' (FDE) to 'sb_stack_reg[2][1][layer_idx][0]'
INFO: [Synth 8-3886] merging instance 'sb_stack_reg[0][7][layer_idx][0]' (FDE) to 'sb_stack_reg[2][1][layer_idx][0]'
INFO: [Synth 8-3886] merging instance 'sb_stack_reg[3][6][layer_idx][0]' (FDE) to 'sb_stack_reg[2][1][layer_idx][0]'
INFO: [Synth 8-3886] merging instance 'sb_stack_reg[2][6][layer_idx][0]' (FDE) to 'sb_stack_reg[2][1][layer_idx][0]'
INFO: [Synth 8-3886] merging instance 'sb_stack_reg[1][6][layer_idx][0]' (FDE) to 'sb_stack_reg[2][1][layer_idx][0]'
INFO: [Synth 8-3886] merging instance 'sb_stack_reg[0][6][layer_idx][0]' (FDE) to 'sb_stack_reg[2][1][layer_idx][0]'
INFO: [Synth 8-3886] merging instance 'sb_stack_reg[3][5][layer_idx][0]' (FDE) to 'sb_stack_reg[2][1][layer_idx][0]'
INFO: [Synth 8-3886] merging instance 'sb_stack_reg[2][5][layer_idx][0]' (FDE) to 'sb_stack_reg[2][1][layer_idx][0]'
INFO: [Synth 8-3886] merging instance 'sb_stack_reg[1][5][layer_idx][0]' (FDE) to 'sb_stack_reg[2][1][layer_idx][0]'
INFO: [Synth 8-3886] merging instance 'sb_stack_reg[0][5][layer_idx][0]' (FDE) to 'sb_stack_reg[2][1][layer_idx][0]'
INFO: [Synth 8-3886] merging instance 'sb_stack_reg[3][4][layer_idx][0]' (FDE) to 'sb_stack_reg[2][1][layer_idx][0]'
INFO: [Synth 8-3886] merging instance 'sb_stack_reg[2][4][layer_idx][0]' (FDE) to 'sb_stack_reg[2][1][layer_idx][0]'
INFO: [Synth 8-3886] merging instance 'sb_stack_reg[1][4][layer_idx][0]' (FDE) to 'sb_stack_reg[2][1][layer_idx][0]'
INFO: [Synth 8-3886] merging instance 'sb_stack_reg[0][4][layer_idx][0]' (FDE) to 'sb_stack_reg[2][1][layer_idx][0]'
INFO: [Synth 8-3886] merging instance 'sb_stack_reg[3][3][layer_idx][0]' (FDE) to 'sb_stack_reg[2][1][layer_idx][0]'
INFO: [Synth 8-3886] merging instance 'sb_stack_reg[2][3][layer_idx][0]' (FDE) to 'sb_stack_reg[2][1][layer_idx][0]'
INFO: [Synth 8-3886] merging instance 'sb_stack_reg[1][3][layer_idx][0]' (FDE) to 'sb_stack_reg[2][1][layer_idx][0]'
INFO: [Synth 8-3886] merging instance 'sb_stack_reg[0][3][layer_idx][0]' (FDE) to 'sb_stack_reg[2][1][layer_idx][0]'
INFO: [Synth 8-3886] merging instance 'sb_stack_reg[3][2][layer_idx][0]' (FDE) to 'sb_stack_reg[2][1][layer_idx][0]'
INFO: [Synth 8-3886] merging instance 'sb_stack_reg[2][2][layer_idx][0]' (FDE) to 'sb_stack_reg[2][1][layer_idx][0]'
INFO: [Synth 8-3886] merging instance 'sb_stack_reg[1][2][layer_idx][0]' (FDE) to 'sb_stack_reg[2][1][layer_idx][0]'
INFO: [Synth 8-3886] merging instance 'sb_stack_reg[0][2][layer_idx][0]' (FDE) to 'sb_stack_reg[2][1][layer_idx][0]'
INFO: [Synth 8-3886] merging instance 'sb_stack_reg[3][1][layer_idx][0]' (FDE) to 'sb_stack_reg[2][1][layer_idx][0]'
INFO: [Synth 8-3886] merging instance 'sb_stack_reg[2][1][layer_idx][0]' (FDE) to 'sb_stack_reg[0][1][layer_idx][0]'
INFO: [Synth 8-3886] merging instance 'sb_stack_reg[1][1][layer_idx][0]' (FDE) to 'sb_stack_reg[0][1][layer_idx][0]'
INFO: [Synth 8-3886] merging instance 'sb_stack_reg[0][1][layer_idx][0]' (FDE) to 'sb_stack_reg[2][15][layer_idx][0]'
INFO: [Synth 8-3886] merging instance 'sb_stack_reg[3][15][layer_idx][0]' (FDE) to 'sb_stack_reg[2][15][layer_idx][0]'
INFO: [Synth 8-3886] merging instance 'sb_stack_reg[2][15][layer_idx][0]' (FDE) to 'sb_stack_reg[0][15][layer_idx][0]'
INFO: [Synth 8-3886] merging instance 'sb_stack_reg[1][15][layer_idx][0]' (FDE) to 'sb_stack_reg[0][15][layer_idx][0]'
INFO: [Synth 8-3333] propagating constant 0 across sequential element (\sb_stack_reg[0][15][layer_idx][0] )
INFO: [Synth 8-3886] merging instance 'sb_stack_reg[3][14][layer_idx][1]' (FDE) to 'sb_stack_reg[2][1][layer_idx][1]'
INFO: [Synth 8-3886] merging instance 'sb_stack_reg[2][14][layer_idx][1]' (FDE) to 'sb_stack_reg[2][1][layer_idx][1]'
INFO: [Synth 8-3886] merging instance 'sb_stack_reg[1][14][layer_idx][1]' (FDE) to 'sb_stack_reg[2][1][layer_idx][1]'
INFO: [Synth 8-3886] merging instance 'sb_stack_reg[0][14][layer_idx][1]' (FDE) to 'sb_stack_reg[2][1][layer_idx][1]'
INFO: [Synth 8-3886] merging instance 'sb_stack_reg[3][13][layer_idx][1]' (FDE) to 'sb_stack_reg[2][1][layer_idx][1]'
INFO: [Synth 8-3886] merging instance 'sb_stack_reg[2][13][layer_idx][1]' (FDE) to 'sb_stack_reg[2][1][layer_idx][1]'
INFO: [Synth 8-3886] merging instance 'sb_stack_reg[1][13][layer_idx][1]' (FDE) to 'sb_stack_reg[2][1][layer_idx][1]'
INFO: [Synth 8-3886] merging instance 'sb_stack_reg[0][13][layer_idx][1]' (FDE) to 'sb_stack_reg[2][1][layer_idx][1]'
INFO: [Synth 8-3886] merging instance 'sb_stack_reg[3][12][layer_idx][1]' (FDE) to 'sb_stack_reg[2][1][layer_idx][1]'
INFO: [Synth 8-3886] merging instance 'sb_stack_reg[2][12][layer_idx][1]' (FDE) to 'sb_stack_reg[2][1][layer_idx][1]'
INFO: [Synth 8-3886] merging instance 'sb_stack_reg[1][12][layer_idx][1]' (FDE) to 'sb_stack_reg[2][1][layer_idx][1]'
INFO: [Synth 8-3886] merging instance 'sb_stack_reg[0][12][layer_idx][1]' (FDE) to 'sb_stack_reg[2][1][layer_idx][1]'
INFO: [Synth 8-3886] merging instance 'sb_stack_reg[3][11][layer_idx][1]' (FDE) to 'sb_stack_reg[2][1][layer_idx][1]'
INFO: [Synth 8-3886] merging instance 'sb_stack_reg[2][11][layer_idx][1]' (FDE) to 'sb_stack_reg[2][1][layer_idx][1]'
INFO: [Synth 8-3886] merging instance 'sb_stack_reg[1][11][layer_idx][1]' (FDE) to 'sb_stack_reg[2][1][layer_idx][1]'
INFO: [Synth 8-3886] merging instance 'sb_stack_reg[0][11][layer_idx][1]' (FDE) to 'sb_stack_reg[2][1][layer_idx][1]'
INFO: [Synth 8-3886] merging instance 'sb_stack_reg[3][10][layer_idx][1]' (FDE) to 'sb_stack_reg[2][1][layer_idx][1]'
INFO: [Synth 8-3886] merging instance 'sb_stack_reg[2][10][layer_idx][1]' (FDE) to 'sb_stack_reg[2][1][layer_idx][1]'
INFO: [Synth 8-3886] merging instance 'sb_stack_reg[1][10][layer_idx][1]' (FDE) to 'sb_stack_reg[2][1][layer_idx][1]'
INFO: [Synth 8-3886] merging instance 'sb_stack_reg[0][10][layer_idx][1]' (FDE) to 'sb_stack_reg[2][1][layer_idx][1]'
INFO: [Synth 8-3886] merging instance 'sb_stack_reg[3][9][layer_idx][1]' (FDE) to 'sb_stack_reg[2][1][layer_idx][1]'
INFO: [Synth 8-3886] merging instance 'sb_stack_reg[2][9][layer_idx][1]' (FDE) to 'sb_stack_reg[2][1][layer_idx][1]'
INFO: [Synth 8-3886] merging instance 'sb_stack_reg[1][9][layer_idx][1]' (FDE) to 'sb_stack_reg[2][1][layer_idx][1]'
INFO: [Synth 8-3886] merging instance 'sb_stack_reg[0][9][layer_idx][1]' (FDE) to 'sb_stack_reg[2][1][layer_idx][1]'
INFO: [Synth 8-3886] merging instance 'sb_stack_reg[3][8][layer_idx][1]' (FDE) to 'sb_stack_reg[2][1][layer_idx][1]'
INFO: [Synth 8-3886] merging instance 'sb_stack_reg[2][8][layer_idx][1]' (FDE) to 'sb_stack_reg[2][1][layer_idx][1]'
INFO: [Synth 8-3886] merging instance 'sb_stack_reg[1][8][layer_idx][1]' (FDE) to 'sb_stack_reg[2][1][layer_idx][1]'
INFO: [Synth 8-3886] merging instance 'sb_stack_reg[0][8][layer_idx][1]' (FDE) to 'sb_stack_reg[2][1][layer_idx][1]'
INFO: [Synth 8-3886] merging instance 'sb_stack_reg[3][7][layer_idx][1]' (FDE) to 'sb_stack_reg[2][1][layer_idx][1]'
INFO: [Synth 8-3886] merging instance 'sb_stack_reg[2][7][layer_idx][1]' (FDE) to 'sb_stack_reg[2][1][layer_idx][1]'
INFO: [Synth 8-3886] merging instance 'sb_stack_reg[1][7][layer_idx][1]' (FDE) to 'sb_stack_reg[2][1][layer_idx][1]'
INFO: [Synth 8-3886] merging instance 'sb_stack_reg[0][7][layer_idx][1]' (FDE) to 'sb_stack_reg[2][1][layer_idx][1]'
INFO: [Synth 8-3886] merging instance 'sb_stack_reg[3][6][layer_idx][1]' (FDE) to 'sb_stack_reg[2][1][layer_idx][1]'
INFO: [Synth 8-3886] merging instance 'sb_stack_reg[2][6][layer_idx][1]' (FDE) to 'sb_stack_reg[2][1][layer_idx][1]'
INFO: [Synth 8-3886] merging instance 'sb_stack_reg[1][6][layer_idx][1]' (FDE) to 'sb_stack_reg[2][1][layer_idx][1]'
INFO: [Synth 8-3886] merging instance 'sb_stack_reg[0][6][layer_idx][1]' (FDE) to 'sb_stack_reg[2][1][layer_idx][1]'
INFO: [Synth 8-3886] merging instance 'sb_stack_reg[3][5][layer_idx][1]' (FDE) to 'sb_stack_reg[2][1][layer_idx][1]'
INFO: [Synth 8-3886] merging instance 'sb_stack_reg[2][5][layer_idx][1]' (FDE) to 'sb_stack_reg[2][1][layer_idx][1]'
INFO: [Synth 8-3886] merging instance 'sb_stack_reg[1][5][layer_idx][1]' (FDE) to 'sb_stack_reg[2][1][layer_idx][1]'
INFO: [Synth 8-3886] merging instance 'sb_stack_reg[0][5][layer_idx][1]' (FDE) to 'sb_stack_reg[2][1][layer_idx][1]'
INFO: [Synth 8-3886] merging instance 'sb_stack_reg[3][4][layer_idx][1]' (FDE) to 'sb_stack_reg[2][1][layer_idx][1]'
INFO: [Common 17-14] Message 'Synth 8-3886' appears 100 times and further instances of the messages will be disabled. Use the Tcl command set_msg_config to change the current settings.
INFO: [Common 17-14] Message 'Synth 8-3886' appears 100 times and further instances of the messages will be disabled. Use the Tcl command set_msg_config to change the current settings.
INFO: [Synth 8-3333] propagating constant 0 across sequential element (\sb_stack_reg[0][15][layer_idx][1] )
INFO: [Synth 8-3333] propagating constant 0 across sequential element (\sb_stack_reg[0][15][layer_idx][2] )
INFO: [Synth 8-3333] propagating constant 0 across sequential element (\sb_stack_reg[0][15][layer_idx][3] )
INFO: [Synth 8-3333] propagating constant 0 across sequential element (\sb_stack_reg[0][15][layer_idx][4] )
INFO: [Synth 8-3333] propagating constant 0 across sequential element (\sb_stack_reg[0][15][layer_idx][5] )
INFO: [Synth 8-3333] propagating constant 0 across sequential element (\sb_stack_reg[0][15][layer_idx][6] )
INFO: [Synth 8-3333] propagating constant 0 across sequential element (\sb_stack_reg[0][15][layer_idx][7] )
INFO: [Synth 8-3333] propagating constant 0 across sequential element (\sb_stack_reg[0][15][batch_size][0] )
INFO: [Synth 8-3333] propagating constant 0 across sequential element (\sb_stack_reg[0][15][batch_size][1] )
INFO: [Synth 8-3333] propagating constant 0 across sequential element (\sb_stack_reg[0][15][batch_size][2] )
INFO: [Synth 8-3333] propagating constant 0 across sequential element (\sb_stack_reg[0][15][batch_size][3] )
INFO: [Synth 8-3333] propagating constant 0 across sequential element (\sb_stack_reg[0][15][batch_size][4] )
INFO: [Synth 8-3333] propagating constant 0 across sequential element (\sb_stack_reg[0][15][batch_size][5] )
INFO: [Synth 8-3333] propagating constant 0 across sequential element (\sb_stack_reg[0][15][batch_size][6] )
INFO: [Synth 8-3333] propagating constant 0 across sequential element (\sb_stack_reg[0][15][batch_size][7] )
CRITICAL WARNING: [Synth 8-6859] multi-driven net on pin Q with 1st driver pin 'slice_remaining_reg[3][7]__0/Q' [/tmp/sched_synth_BATCHDNN_PP_7f2q1qva/batchdnn_pp_scheduler.sv:308]
CRITICAL WARNING: [Synth 8-6859] multi-driven net on pin Q with 2nd driver pin 'GND' [/tmp/sched_synth_BATCHDNN_PP_7f2q1qva/batchdnn_pp_scheduler.sv:308]
CRITICAL WARNING: [Synth 8-6858] multi-driven net Q is connected to at least one constant driver which has been preserved, other driver is ignored [/tmp/sched_synth_BATCHDNN_PP_7f2q1qva/batchdnn_pp_scheduler.sv:308]
CRITICAL WARNING: [Synth 8-6859] multi-driven net on pin Q with 1st driver pin 'slice_remaining_reg[3][6]__0/Q' [/tmp/sched_synth_BATCHDNN_PP_7f2q1qva/batchdnn_pp_scheduler.sv:308]
CRITICAL WARNING: [Synth 8-6859] multi-driven net on pin Q with 2nd driver pin 'GND' [/tmp/sched_synth_BATCHDNN_PP_7f2q1qva/batchdnn_pp_scheduler.sv:308]
CRITICAL WARNING: [Synth 8-6858] multi-driven net Q is connected to at least one constant driver which has been preserved, other driver is ignored [/tmp/sched_synth_BATCHDNN_PP_7f2q1qva/batchdnn_pp_scheduler.sv:308]
CRITICAL WARNING: [Synth 8-6859] multi-driven net on pin Q with 1st driver pin 'slice_remaining_reg[3][5]__0/Q' [/tmp/sched_synth_BATCHDNN_PP_7f2q1qva/batchdnn_pp_scheduler.sv:308]
CRITICAL WARNING: [Synth 8-6859] multi-driven net on pin Q with 2nd driver pin 'GND' [/tmp/sched_synth_BATCHDNN_PP_7f2q1qva/batchdnn_pp_scheduler.sv:308]
CRITICAL WARNING: [Synth 8-6858] multi-driven net Q is connected to at least one constant driver which has been preserved, other driver is ignored [/tmp/sched_synth_BATCHDNN_PP_7f2q1qva/batchdnn_pp_scheduler.sv:308]
CRITICAL WARNING: [Synth 8-6859] multi-driven net on pin Q with 1st driver pin 'slice_remaining_reg[3][4]__0/Q' [/tmp/sched_synth_BATCHDNN_PP_7f2q1qva/batchdnn_pp_scheduler.sv:308]
CRITICAL WARNING: [Synth 8-6859] multi-driven net on pin Q with 2nd driver pin 'GND' [/tmp/sched_synth_BATCHDNN_PP_7f2q1qva/batchdnn_pp_scheduler.sv:308]
CRITICAL WARNING: [Synth 8-6858] multi-driven net Q is connected to at least one constant driver which has been preserved, other driver is ignored [/tmp/sched_synth_BATCHDNN_PP_7f2q1qva/batchdnn_pp_scheduler.sv:308]
CRITICAL WARNING: [Synth 8-6859] multi-driven net on pin Q with 1st driver pin 'slice_remaining_reg[3][3]__0/Q' [/tmp/sched_synth_BATCHDNN_PP_7f2q1qva/batchdnn_pp_scheduler.sv:308]
CRITICAL WARNING: [Synth 8-6859] multi-driven net on pin Q with 2nd driver pin 'GND' [/tmp/sched_synth_BATCHDNN_PP_7f2q1qva/batchdnn_pp_scheduler.sv:308]
CRITICAL WARNING: [Synth 8-6858] multi-driven net Q is connected to at least one constant driver which has been preserved, other driver is ignored [/tmp/sched_synth_BATCHDNN_PP_7f2q1qva/batchdnn_pp_scheduler.sv:308]
CRITICAL WARNING: [Synth 8-6859] multi-driven net on pin Q with 1st driver pin 'slice_remaining_reg[3][2]__0/Q' [/tmp/sched_synth_BATCHDNN_PP_7f2q1qva/batchdnn_pp_scheduler.sv:308]
CRITICAL WARNING: [Synth 8-6859] multi-driven net on pin Q with 2nd driver pin 'GND' [/tmp/sched_synth_BATCHDNN_PP_7f2q1qva/batchdnn_pp_scheduler.sv:308]
CRITICAL WARNING: [Synth 8-6858] multi-driven net Q is connected to at least one constant driver which has been preserved, other driver is ignored [/tmp/sched_synth_BATCHDNN_PP_7f2q1qva/batchdnn_pp_scheduler.sv:308]
CRITICAL WARNING: [Synth 8-6859] multi-driven net on pin Q with 1st driver pin 'slice_remaining_reg[3][1]__0/Q' [/tmp/sched_synth_BATCHDNN_PP_7f2q1qva/batchdnn_pp_scheduler.sv:308]
CRITICAL WARNING: [Synth 8-6859] multi-driven net on pin Q with 2nd driver pin 'GND' [/tmp/sched_synth_BATCHDNN_PP_7f2q1qva/batchdnn_pp_scheduler.sv:308]
CRITICAL WARNING: [Synth 8-6858] multi-driven net Q is connected to at least one constant driver which has been preserved, other driver is ignored [/tmp/sched_synth_BATCHDNN_PP_7f2q1qva/batchdnn_pp_scheduler.sv:308]
CRITICAL WARNING: [Synth 8-6859] multi-driven net on pin Q with 1st driver pin 'slice_remaining_reg[3][0]__0/Q' [/tmp/sched_synth_BATCHDNN_PP_7f2q1qva/batchdnn_pp_scheduler.sv:308]
CRITICAL WARNING: [Synth 8-6859] multi-driven net on pin Q with 2nd driver pin 'GND' [/tmp/sched_synth_BATCHDNN_PP_7f2q1qva/batchdnn_pp_scheduler.sv:308]
CRITICAL WARNING: [Synth 8-6858] multi-driven net Q is connected to at least one constant driver which has been preserved, other driver is ignored [/tmp/sched_synth_BATCHDNN_PP_7f2q1qva/batchdnn_pp_scheduler.sv:308]
CRITICAL WARNING: [Synth 8-6859] multi-driven net on pin Q with 1st driver pin 'slice_remaining_reg[2][7]__0/Q' [/tmp/sched_synth_BATCHDNN_PP_7f2q1qva/batchdnn_pp_scheduler.sv:308]
CRITICAL WARNING: [Synth 8-6859] multi-driven net on pin Q with 2nd driver pin 'GND' [/tmp/sched_synth_BATCHDNN_PP_7f2q1qva/batchdnn_pp_scheduler.sv:308]
CRITICAL WARNING: [Synth 8-6858] multi-driven net Q is connected to at least one constant driver which has been preserved, other driver is ignored [/tmp/sched_synth_BATCHDNN_PP_7f2q1qva/batchdnn_pp_scheduler.sv:308]
CRITICAL WARNING: [Synth 8-6859] multi-driven net on pin Q with 1st driver pin 'slice_remaining_reg[2][6]__0/Q' [/tmp/sched_synth_BATCHDNN_PP_7f2q1qva/batchdnn_pp_scheduler.sv:308]
CRITICAL WARNING: [Synth 8-6859] multi-driven net on pin Q with 2nd driver pin 'GND' [/tmp/sched_synth_BATCHDNN_PP_7f2q1qva/batchdnn_pp_scheduler.sv:308]
CRITICAL WARNING: [Synth 8-6858] multi-driven net Q is connected to at least one constant driver which has been preserved, other driver is ignored [/tmp/sched_synth_BATCHDNN_PP_7f2q1qva/batchdnn_pp_scheduler.sv:308]
CRITICAL WARNING: [Synth 8-6859] multi-driven net on pin Q with 1st driver pin 'slice_remaining_reg[2][5]__0/Q' [/tmp/sched_synth_BATCHDNN_PP_7f2q1qva/batchdnn_pp_scheduler.sv:308]
CRITICAL WARNING: [Synth 8-6859] multi-driven net on pin Q with 2nd driver pin 'GND' [/tmp/sched_synth_BATCHDNN_PP_7f2q1qva/batchdnn_pp_scheduler.sv:308]
CRITICAL WARNING: [Synth 8-6858] multi-driven net Q is connected to at least one constant driver which has been preserved, other driver is ignored [/tmp/sched_synth_BATCHDNN_PP_7f2q1qva/batchdnn_pp_scheduler.sv:308]
CRITICAL WARNING: [Synth 8-6859] multi-driven net on pin Q with 1st driver pin 'slice_remaining_reg[2][4]__0/Q' [/tmp/sched_synth_BATCHDNN_PP_7f2q1qva/batchdnn_pp_scheduler.sv:308]
CRITICAL WARNING: [Synth 8-6859] multi-driven net on pin Q with 2nd driver pin 'GND' [/tmp/sched_synth_BATCHDNN_PP_7f2q1qva/batchdnn_pp_scheduler.sv:308]
CRITICAL WARNING: [Synth 8-6858] multi-driven net Q is connected to at least one constant driver which has been preserved, other driver is ignored [/tmp/sched_synth_BATCHDNN_PP_7f2q1qva/batchdnn_pp_scheduler.sv:308]
CRITICAL WARNING: [Synth 8-6859] multi-driven net on pin Q with 1st driver pin 'slice_remaining_reg[2][3]__0/Q' [/tmp/sched_synth_BATCHDNN_PP_7f2q1qva/batchdnn_pp_scheduler.sv:308]
CRITICAL WARNING: [Synth 8-6859] multi-driven net on pin Q with 2nd driver pin 'GND' [/tmp/sched_synth_BATCHDNN_PP_7f2q1qva/batchdnn_pp_scheduler.sv:308]
CRITICAL WARNING: [Synth 8-6858] multi-driven net Q is connected to at least one constant driver which has been preserved, other driver is ignored [/tmp/sched_synth_BATCHDNN_PP_7f2q1qva/batchdnn_pp_scheduler.sv:308]
CRITICAL WARNING: [Synth 8-6859] multi-driven net on pin Q with 1st driver pin 'slice_remaining_reg[2][2]__0/Q' [/tmp/sched_synth_BATCHDNN_PP_7f2q1qva/batchdnn_pp_scheduler.sv:308]
CRITICAL WARNING: [Synth 8-6859] multi-driven net on pin Q with 2nd driver pin 'GND' [/tmp/sched_synth_BATCHDNN_PP_7f2q1qva/batchdnn_pp_scheduler.sv:308]
CRITICAL WARNING: [Synth 8-6858] multi-driven net Q is connected to at least one constant driver which has been preserved, other driver is ignored [/tmp/sched_synth_BATCHDNN_PP_7f2q1qva/batchdnn_pp_scheduler.sv:308]
CRITICAL WARNING: [Synth 8-6859] multi-driven net on pin Q with 1st driver pin 'slice_remaining_reg[2][1]__0/Q' [/tmp/sched_synth_BATCHDNN_PP_7f2q1qva/batchdnn_pp_scheduler.sv:308]
CRITICAL WARNING: [Synth 8-6859] multi-driven net on pin Q with 2nd driver pin 'GND' [/tmp/sched_synth_BATCHDNN_PP_7f2q1qva/batchdnn_pp_scheduler.sv:308]
CRITICAL WARNING: [Synth 8-6858] multi-driven net Q is connected to at least one constant driver which has been preserved, other driver is ignored [/tmp/sched_synth_BATCHDNN_PP_7f2q1qva/batchdnn_pp_scheduler.sv:308]
CRITICAL WARNING: [Synth 8-6859] multi-driven net on pin Q with 1st driver pin 'slice_remaining_reg[2][0]__0/Q' [/tmp/sched_synth_BATCHDNN_PP_7f2q1qva/batchdnn_pp_scheduler.sv:308]
CRITICAL WARNING: [Synth 8-6859] multi-driven net on pin Q with 2nd driver pin 'GND' [/tmp/sched_synth_BATCHDNN_PP_7f2q1qva/batchdnn_pp_scheduler.sv:308]
CRITICAL WARNING: [Synth 8-6858] multi-driven net Q is connected to at least one constant driver which has been preserved, other driver is ignored [/tmp/sched_synth_BATCHDNN_PP_7f2q1qva/batchdnn_pp_scheduler.sv:308]
CRITICAL WARNING: [Synth 8-6859] multi-driven net on pin Q with 1st driver pin 'slice_remaining_reg[1][7]__0/Q' [/tmp/sched_synth_BATCHDNN_PP_7f2q1qva/batchdnn_pp_scheduler.sv:308]
CRITICAL WARNING: [Synth 8-6859] multi-driven net on pin Q with 2nd driver pin 'GND' [/tmp/sched_synth_BATCHDNN_PP_7f2q1qva/batchdnn_pp_scheduler.sv:308]
CRITICAL WARNING: [Synth 8-6858] multi-driven net Q is connected to at least one constant driver which has been preserved, other driver is ignored [/tmp/sched_synth_BATCHDNN_PP_7f2q1qva/batchdnn_pp_scheduler.sv:308]
CRITICAL WARNING: [Synth 8-6859] multi-driven net on pin Q with 1st driver pin 'slice_remaining_reg[1][6]__0/Q' [/tmp/sched_synth_BATCHDNN_PP_7f2q1qva/batchdnn_pp_scheduler.sv:308]
CRITICAL WARNING: [Synth 8-6859] multi-driven net on pin Q with 2nd driver pin 'GND' [/tmp/sched_synth_BATCHDNN_PP_7f2q1qva/batchdnn_pp_scheduler.sv:308]
CRITICAL WARNING: [Synth 8-6858] multi-driven net Q is connected to at least one constant driver which has been preserved, other driver is ignored [/tmp/sched_synth_BATCHDNN_PP_7f2q1qva/batchdnn_pp_scheduler.sv:308]
CRITICAL WARNING: [Synth 8-6859] multi-driven net on pin Q with 1st driver pin 'slice_remaining_reg[1][5]__0/Q' [/tmp/sched_synth_BATCHDNN_PP_7f2q1qva/batchdnn_pp_scheduler.sv:308]
CRITICAL WARNING: [Synth 8-6859] multi-driven net on pin Q with 2nd driver pin 'GND' [/tmp/sched_synth_BATCHDNN_PP_7f2q1qva/batchdnn_pp_scheduler.sv:308]
CRITICAL WARNING: [Synth 8-6858] multi-driven net Q is connected to at least one constant driver which has been preserved, other driver is ignored [/tmp/sched_synth_BATCHDNN_PP_7f2q1qva/batchdnn_pp_scheduler.sv:308]
CRITICAL WARNING: [Synth 8-6859] multi-driven net on pin Q with 1st driver pin 'slice_remaining_reg[1][4]__0/Q' [/tmp/sched_synth_BATCHDNN_PP_7f2q1qva/batchdnn_pp_scheduler.sv:308]
CRITICAL WARNING: [Synth 8-6859] multi-driven net on pin Q with 2nd driver pin 'GND' [/tmp/sched_synth_BATCHDNN_PP_7f2q1qva/batchdnn_pp_scheduler.sv:308]
CRITICAL WARNING: [Synth 8-6858] multi-driven net Q is connected to at least one constant driver which has been preserved, other driver is ignored [/tmp/sched_synth_BATCHDNN_PP_7f2q1qva/batchdnn_pp_scheduler.sv:308]
CRITICAL WARNING: [Synth 8-6859] multi-driven net on pin Q with 1st driver pin 'slice_remaining_reg[1][3]__0/Q' [/tmp/sched_synth_BATCHDNN_PP_7f2q1qva/batchdnn_pp_scheduler.sv:308]
CRITICAL WARNING: [Synth 8-6859] multi-driven net on pin Q with 2nd driver pin 'GND' [/tmp/sched_synth_BATCHDNN_PP_7f2q1qva/batchdnn_pp_scheduler.sv:308]
CRITICAL WARNING: [Synth 8-6858] multi-driven net Q is connected to at least one constant driver which has been preserved, other driver is ignored [/tmp/sched_synth_BATCHDNN_PP_7f2q1qva/batchdnn_pp_scheduler.sv:308]
CRITICAL WARNING: [Synth 8-6859] multi-driven net on pin Q with 1st driver pin 'slice_remaining_reg[1][2]__0/Q' [/tmp/sched_synth_BATCHDNN_PP_7f2q1qva/batchdnn_pp_scheduler.sv:308]
CRITICAL WARNING: [Synth 8-6859] multi-driven net on pin Q with 2nd driver pin 'GND' [/tmp/sched_synth_BATCHDNN_PP_7f2q1qva/batchdnn_pp_scheduler.sv:308]
CRITICAL WARNING: [Synth 8-6858] multi-driven net Q is connected to at least one constant driver which has been preserved, other driver is ignored [/tmp/sched_synth_BATCHDNN_PP_7f2q1qva/batchdnn_pp_scheduler.sv:308]
CRITICAL WARNING: [Synth 8-6859] multi-driven net on pin Q with 1st driver pin 'slice_remaining_reg[1][1]__0/Q' [/tmp/sched_synth_BATCHDNN_PP_7f2q1qva/batchdnn_pp_scheduler.sv:308]
CRITICAL WARNING: [Synth 8-6859] multi-driven net on pin Q with 2nd driver pin 'GND' [/tmp/sched_synth_BATCHDNN_PP_7f2q1qva/batchdnn_pp_scheduler.sv:308]
CRITICAL WARNING: [Synth 8-6858] multi-driven net Q is connected to at least one constant driver which has been preserved, other driver is ignored [/tmp/sched_synth_BATCHDNN_PP_7f2q1qva/batchdnn_pp_scheduler.sv:308]
CRITICAL WARNING: [Synth 8-6859] multi-driven net on pin Q with 1st driver pin 'slice_remaining_reg[1][0]__0/Q' [/tmp/sched_synth_BATCHDNN_PP_7f2q1qva/batchdnn_pp_scheduler.sv:308]
CRITICAL WARNING: [Synth 8-6859] multi-driven net on pin Q with 2nd driver pin 'GND' [/tmp/sched_synth_BATCHDNN_PP_7f2q1qva/batchdnn_pp_scheduler.sv:308]
CRITICAL WARNING: [Synth 8-6858] multi-driven net Q is connected to at least one constant driver which has been preserved, other driver is ignored [/tmp/sched_synth_BATCHDNN_PP_7f2q1qva/batchdnn_pp_scheduler.sv:308]
CRITICAL WARNING: [Synth 8-6859] multi-driven net on pin Q with 1st driver pin 'slice_remaining_reg[0][7]__0/Q' [/tmp/sched_synth_BATCHDNN_PP_7f2q1qva/batchdnn_pp_scheduler.sv:308]
CRITICAL WARNING: [Synth 8-6859] multi-driven net on pin Q with 2nd driver pin 'GND' [/tmp/sched_synth_BATCHDNN_PP_7f2q1qva/batchdnn_pp_scheduler.sv:308]
CRITICAL WARNING: [Synth 8-6858] multi-driven net Q is connected to at least one constant driver which has been preserved, other driver is ignored [/tmp/sched_synth_BATCHDNN_PP_7f2q1qva/batchdnn_pp_scheduler.sv:308]
CRITICAL WARNING: [Synth 8-6859] multi-driven net on pin Q with 1st driver pin 'slice_remaining_reg[0][6]__0/Q' [/tmp/sched_synth_BATCHDNN_PP_7f2q1qva/batchdnn_pp_scheduler.sv:308]
CRITICAL WARNING: [Synth 8-6859] multi-driven net on pin Q with 2nd driver pin 'GND' [/tmp/sched_synth_BATCHDNN_PP_7f2q1qva/batchdnn_pp_scheduler.sv:308]
INFO: [Common 17-14] Message 'Synth 8-6859' appears 100 times and further instances of the messages will be disabled. Use the Tcl command set_msg_config to change the current settings.
CRITICAL WARNING: [Synth 8-6858] multi-driven net Q is connected to at least one constant driver which has been preserved, other driver is ignored [/tmp/sched_synth_BATCHDNN_PP_7f2q1qva/batchdnn_pp_scheduler.sv:308]
CRITICAL WARNING: [Synth 8-6858] multi-driven net Q is connected to at least one constant driver which has been preserved, other driver is ignored [/tmp/sched_synth_BATCHDNN_PP_7f2q1qva/batchdnn_pp_scheduler.sv:308]
CRITICAL WARNING: [Synth 8-6858] multi-driven net Q is connected to at least one constant driver which has been preserved, other driver is ignored [/tmp/sched_synth_BATCHDNN_PP_7f2q1qva/batchdnn_pp_scheduler.sv:308]
CRITICAL WARNING: [Synth 8-6858] multi-driven net Q is connected to at least one constant driver which has been preserved, other driver is ignored [/tmp/sched_synth_BATCHDNN_PP_7f2q1qva/batchdnn_pp_scheduler.sv:308]
CRITICAL WARNING: [Synth 8-6858] multi-driven net Q is connected to at least one constant driver which has been preserved, other driver is ignored [/tmp/sched_synth_BATCHDNN_PP_7f2q1qva/batchdnn_pp_scheduler.sv:308]
CRITICAL WARNING: [Synth 8-6858] multi-driven net Q is connected to at least one constant driver which has been preserved, other driver is ignored [/tmp/sched_synth_BATCHDNN_PP_7f2q1qva/batchdnn_pp_scheduler.sv:308]
CRITICAL WARNING: [Synth 8-6858] multi-driven net Q is connected to at least one constant driver which has been preserved, other driver is ignored [/tmp/sched_synth_BATCHDNN_PP_7f2q1qva/batchdnn_pp_scheduler.sv:308]
CRITICAL WARNING: [Synth 8-6858] multi-driven net Q is connected to at least one constant driver which has been preserved, other driver is ignored [/tmp/sched_synth_BATCHDNN_PP_7f2q1qva/batchdnn_pp_scheduler.sv:310]
CRITICAL WARNING: [Synth 8-6858] multi-driven net Q is connected to at least one constant driver which has been preserved, other driver is ignored [/tmp/sched_synth_BATCHDNN_PP_7f2q1qva/batchdnn_pp_scheduler.sv:310]
CRITICAL WARNING: [Synth 8-6858] multi-driven net Q is connected to at least one constant driver which has been preserved, other driver is ignored [/tmp/sched_synth_BATCHDNN_PP_7f2q1qva/batchdnn_pp_scheduler.sv:310]
CRITICAL WARNING: [Synth 8-6858] multi-driven net Q is connected to at least one constant driver which has been preserved, other driver is ignored [/tmp/sched_synth_BATCHDNN_PP_7f2q1qva/batchdnn_pp_scheduler.sv:310]
CRITICAL WARNING: [Synth 8-6858] multi-driven net Q is connected to at least one constant driver which has been preserved, other driver is ignored [/tmp/sched_synth_BATCHDNN_PP_7f2q1qva/batchdnn_pp_scheduler.sv:310]
CRITICAL WARNING: [Synth 8-6858] multi-driven net Q is connected to at least one constant driver which has been preserved, other driver is ignored [/tmp/sched_synth_BATCHDNN_PP_7f2q1qva/batchdnn_pp_scheduler.sv:310]
CRITICAL WARNING: [Synth 8-6858] multi-driven net Q is connected to at least one constant driver which has been preserved, other driver is ignored [/tmp/sched_synth_BATCHDNN_PP_7f2q1qva/batchdnn_pp_scheduler.sv:310]
CRITICAL WARNING: [Synth 8-6858] multi-driven net Q is connected to at least one constant driver which has been preserved, other driver is ignored [/tmp/sched_synth_BATCHDNN_PP_7f2q1qva/batchdnn_pp_scheduler.sv:310]
CRITICAL WARNING: [Synth 8-6858] multi-driven net Q is connected to at least one constant driver which has been preserved, other driver is ignored [/tmp/sched_synth_BATCHDNN_PP_7f2q1qva/batchdnn_pp_scheduler.sv:310]
CRITICAL WARNING: [Synth 8-6858] multi-driven net Q is connected to at least one constant driver which has been preserved, other driver is ignored [/tmp/sched_synth_BATCHDNN_PP_7f2q1qva/batchdnn_pp_scheduler.sv:310]
CRITICAL WARNING: [Synth 8-6858] multi-driven net Q is connected to at least one constant driver which has been preserved, other driver is ignored [/tmp/sched_synth_BATCHDNN_PP_7f2q1qva/batchdnn_pp_scheduler.sv:310]
CRITICAL WARNING: [Synth 8-6858] multi-driven net Q is connected to at least one constant driver which has been preserved, other driver is ignored [/tmp/sched_synth_BATCHDNN_PP_7f2q1qva/batchdnn_pp_scheduler.sv:310]
CRITICAL WARNING: [Synth 8-6858] multi-driven net Q is connected to at least one constant driver which has been preserved, other driver is ignored [/tmp/sched_synth_BATCHDNN_PP_7f2q1qva/batchdnn_pp_scheduler.sv:310]
CRITICAL WARNING: [Synth 8-6858] multi-driven net Q is connected to at least one constant driver which has been preserved, other driver is ignored [/tmp/sched_synth_BATCHDNN_PP_7f2q1qva/batchdnn_pp_scheduler.sv:310]
CRITICAL WARNING: [Synth 8-6858] multi-driven net Q is connected to at least one constant driver which has been preserved, other driver is ignored [/tmp/sched_synth_BATCHDNN_PP_7f2q1qva/batchdnn_pp_scheduler.sv:310]
CRITICAL WARNING: [Synth 8-6858] multi-driven net Q is connected to at least one constant driver which has been preserved, other driver is ignored [/tmp/sched_synth_BATCHDNN_PP_7f2q1qva/batchdnn_pp_scheduler.sv:310]
CRITICAL WARNING: [Synth 8-6858] multi-driven net Q is connected to at least one constant driver which has been preserved, other driver is ignored [/tmp/sched_synth_BATCHDNN_PP_7f2q1qva/batchdnn_pp_scheduler.sv:310]
INFO: [Common 17-14] Message 'Synth 8-6859' appears 100 times and further instances of the messages will be disabled. Use the Tcl command set_msg_config to change the current settings.
CRITICAL WARNING: [Synth 8-6858] multi-driven net Q is connected to at least one constant driver which has been preserved, other driver is ignored [/tmp/sched_synth_BATCHDNN_PP_7f2q1qva/batchdnn_pp_scheduler.sv:310]
CRITICAL WARNING: [Synth 8-6858] multi-driven net Q is connected to at least one constant driver which has been preserved, other driver is ignored [/tmp/sched_synth_BATCHDNN_PP_7f2q1qva/batchdnn_pp_scheduler.sv:310]
CRITICAL WARNING: [Synth 8-6858] multi-driven net Q is connected to at least one constant driver which has been preserved, other driver is ignored [/tmp/sched_synth_BATCHDNN_PP_7f2q1qva/batchdnn_pp_scheduler.sv:310]
CRITICAL WARNING: [Synth 8-6858] multi-driven net Q is connected to at least one constant driver which has been preserved, other driver is ignored [/tmp/sched_synth_BATCHDNN_PP_7f2q1qva/batchdnn_pp_scheduler.sv:310]
CRITICAL WARNING: [Synth 8-6858] multi-driven net Q is connected to at least one constant driver which has been preserved, other driver is ignored [/tmp/sched_synth_BATCHDNN_PP_7f2q1qva/batchdnn_pp_scheduler.sv:310]
CRITICAL WARNING: [Synth 8-6858] multi-driven net Q is connected to at least one constant driver which has been preserved, other driver is ignored [/tmp/sched_synth_BATCHDNN_PP_7f2q1qva/batchdnn_pp_scheduler.sv:310]
CRITICAL WARNING: [Synth 8-6858] multi-driven net Q is connected to at least one constant driver which has been preserved, other driver is ignored [/tmp/sched_synth_BATCHDNN_PP_7f2q1qva/batchdnn_pp_scheduler.sv:310]
CRITICAL WARNING: [Synth 8-6858] multi-driven net Q is connected to at least one constant driver which has been preserved, other driver is ignored [/tmp/sched_synth_BATCHDNN_PP_7f2q1qva/batchdnn_pp_scheduler.sv:310]
CRITICAL WARNING: [Synth 8-6858] multi-driven net Q is connected to at least one constant driver which has been preserved, other driver is ignored [/tmp/sched_synth_BATCHDNN_PP_7f2q1qva/batchdnn_pp_scheduler.sv:310]
CRITICAL WARNING: [Synth 8-6858] multi-driven net Q is connected to at least one constant driver which has been preserved, other driver is ignored [/tmp/sched_synth_BATCHDNN_PP_7f2q1qva/batchdnn_pp_scheduler.sv:310]
CRITICAL WARNING: [Synth 8-6858] multi-driven net Q is connected to at least one constant driver which has been preserved, other driver is ignored [/tmp/sched_synth_BATCHDNN_PP_7f2q1qva/batchdnn_pp_scheduler.sv:310]
CRITICAL WARNING: [Synth 8-6858] multi-driven net Q is connected to at least one constant driver which has been preserved, other driver is ignored [/tmp/sched_synth_BATCHDNN_PP_7f2q1qva/batchdnn_pp_scheduler.sv:310]
CRITICAL WARNING: [Synth 8-6858] multi-driven net Q is connected to at least one constant driver which has been preserved, other driver is ignored [/tmp/sched_synth_BATCHDNN_PP_7f2q1qva/batchdnn_pp_scheduler.sv:310]
CRITICAL WARNING: [Synth 8-6858] multi-driven net Q is connected to at least one constant driver which has been preserved, other driver is ignored [/tmp/sched_synth_BATCHDNN_PP_7f2q1qva/batchdnn_pp_scheduler.sv:310]
CRITICAL WARNING: [Synth 8-6858] multi-driven net Q is connected to at least one constant driver which has been preserved, other driver is ignored [/tmp/sched_synth_BATCHDNN_PP_7f2q1qva/batchdnn_pp_scheduler.sv:310]
CRITICAL WARNING: [Synth 8-6858] multi-driven net Q is connected to at least one constant driver which has been preserved, other driver is ignored [/tmp/sched_synth_BATCHDNN_PP_7f2q1qva/batchdnn_pp_scheduler.sv:305]
CRITICAL WARNING: [Synth 8-6858] multi-driven net Q is connected to at least one constant driver which has been preserved, other driver is ignored [/tmp/sched_synth_BATCHDNN_PP_7f2q1qva/batchdnn_pp_scheduler.sv:305]
CRITICAL WARNING: [Synth 8-6858] multi-driven net Q is connected to at least one constant driver which has been preserved, other driver is ignored [/tmp/sched_synth_BATCHDNN_PP_7f2q1qva/batchdnn_pp_scheduler.sv:305]
CRITICAL WARNING: [Synth 8-6858] multi-driven net Q is connected to at least one constant driver which has been preserved, other driver is ignored [/tmp/sched_synth_BATCHDNN_PP_7f2q1qva/batchdnn_pp_scheduler.sv:305]
CRITICAL WARNING: [Synth 8-6858] multi-driven net Q is connected to at least one constant driver which has been preserved, other driver is ignored [/tmp/sched_synth_BATCHDNN_PP_7f2q1qva/batchdnn_pp_scheduler.sv:305]
CRITICAL WARNING: [Synth 8-6858] multi-driven net Q is connected to at least one constant driver which has been preserved, other driver is ignored [/tmp/sched_synth_BATCHDNN_PP_7f2q1qva/batchdnn_pp_scheduler.sv:305]
CRITICAL WARNING: [Synth 8-6858] multi-driven net Q is connected to at least one constant driver which has been preserved, other driver is ignored [/tmp/sched_synth_BATCHDNN_PP_7f2q1qva/batchdnn_pp_scheduler.sv:305]
CRITICAL WARNING: [Synth 8-6858] multi-driven net Q is connected to at least one constant driver which has been preserved, other driver is ignored [/tmp/sched_synth_BATCHDNN_PP_7f2q1qva/batchdnn_pp_scheduler.sv:305]
CRITICAL WARNING: [Synth 8-6858] multi-driven net Q is connected to at least one constant driver which has been preserved, other driver is ignored [/tmp/sched_synth_BATCHDNN_PP_7f2q1qva/batchdnn_pp_scheduler.sv:305]
CRITICAL WARNING: [Synth 8-6858] multi-driven net Q is connected to at least one constant driver which has been preserved, other driver is ignored [/tmp/sched_synth_BATCHDNN_PP_7f2q1qva/batchdnn_pp_scheduler.sv:305]
CRITICAL WARNING: [Synth 8-6858] multi-driven net Q is connected to at least one constant driver which has been preserved, other driver is ignored [/tmp/sched_synth_BATCHDNN_PP_7f2q1qva/batchdnn_pp_scheduler.sv:305]
CRITICAL WARNING: [Synth 8-6858] multi-driven net Q is connected to at least one constant driver which has been preserved, other driver is ignored [/tmp/sched_synth_BATCHDNN_PP_7f2q1qva/batchdnn_pp_scheduler.sv:305]
INFO: [Common 17-14] Message 'Synth 8-6858' appears 100 times and further instances of the messages will be disabled. Use the Tcl command set_msg_config to change the current settings.
INFO: [Common 17-14] Message 'Synth 8-6858' appears 100 times and further instances of the messages will be disabled. Use the Tcl command set_msg_config to change the current settings.
---------------------------------------------------------------------------------
Finished Cross Boundary and Area Optimization : Time (s): cpu = 00:00:40 ; elapsed = 00:01:07 . Memory (MB): peak = 2639.461 ; gain = 849.441 ; free physical = 224 ; free virtual = 7062
---------------------------------------------------------------------------------
 Sort Area is batchdnn_pp_scheduler__GB2 fits3_0 : 0 0 : 1729 3407 : Used 1 time 0
 Sort Area is batchdnn_pp_scheduler__GB2 fits3_0 : 0 1 : 1678 3407 : Used 1 time 0
 Sort Area is batchdnn_pp_scheduler__GB2 fits3_10 : 0 0 : 1729 3407 : Used 1 time 0
 Sort Area is batchdnn_pp_scheduler__GB7 fits3_10 : 0 0 : 1729 3407 : Used 1 time 0
 Sort Area is batchdnn_pp_scheduler__GB2 fits3_10 : 0 1 : 1678 3407 : Used 1 time 0
 Sort Area is batchdnn_pp_scheduler__GB7 fits3_10 : 0 1 : 1678 3407 : Used 1 time 0
 Sort Area is batchdnn_pp_scheduler__GB2 fits3_11 : 0 0 : 1729 3407 : Used 1 time 0
 Sort Area is batchdnn_pp_scheduler__GB7 fits3_11 : 0 0 : 1729 3407 : Used 1 time 0
 Sort Area is batchdnn_pp_scheduler__GB2 fits3_11 : 0 1 : 1678 3407 : Used 1 time 0
 Sort Area is batchdnn_pp_scheduler__GB7 fits3_11 : 0 1 : 1678 3407 : Used 1 time 0
 Sort Area is batchdnn_pp_scheduler__GB2 fits3_12 : 0 0 : 1729 3407 : Used 1 time 0
 Sort Area is batchdnn_pp_scheduler__GB2 fits3_12 : 0 1 : 1678 3407 : Used 1 time 0
 Sort Area is batchdnn_pp_scheduler__GB2 fits3_13 : 0 0 : 1729 3407 : Used 1 time 0
 Sort Area is batchdnn_pp_scheduler__GB2 fits3_13 : 0 1 : 1678 3407 : Used 1 time 0
 Sort Area is batchdnn_pp_scheduler__GB2 fits3_14 : 0 0 : 1729 3407 : Used 1 time 0
 Sort Area is batchdnn_pp_scheduler__GB2 fits3_14 : 0 1 : 1678 3407 : Used 1 time 0
 Sort Area is batchdnn_pp_scheduler__GB2 fits3_15 : 0 0 : 1729 3407 : Used 1 time 0
 Sort Area is batchdnn_pp_scheduler__GB2 fits3_15 : 0 1 : 1678 3407 : Used 1 time 0
 Sort Area is batchdnn_pp_scheduler__GB2 fits3_16 : 0 0 : 1729 3407 : Used 1 time 0
 Sort Area is batchdnn_pp_scheduler__GB2 fits3_16 : 0 1 : 1678 3407 : Used 1 time 0
 Sort Area is batchdnn_pp_scheduler__GB2 fits3_17 : 0 0 : 1729 3407 : Used 1 time 0
 Sort Area is batchdnn_pp_scheduler__GB2 fits3_17 : 0 1 : 1678 3407 : Used 1 time 0
 Sort Area is batchdnn_pp_scheduler__GB2 fits3_18 : 0 0 : 1729 3407 : Used 1 time 0
 Sort Area is batchdnn_pp_scheduler__GB2 fits3_18 : 0 1 : 1678 3407 : Used 1 time 0
 Sort Area is batchdnn_pp_scheduler__GB2 fits3_19 : 0 0 : 1729 3407 : Used 1 time 0
 Sort Area is batchdnn_pp_scheduler__GB2 fits3_19 : 0 1 : 1678 3407 : Used 1 time 0
 Sort Area is batchdnn_pp_scheduler__GB2 fits3_1a : 0 0 : 1729 3407 : Used 1 time 0
 Sort Area is batchdnn_pp_scheduler__GB2 fits3_1a : 0 1 : 1678 3407 : Used 1 time 0
 Sort Area is batchdnn_pp_scheduler__GB2 fits3_1b : 0 0 : 1729 3407 : Used 1 time 0
 Sort Area is batchdnn_pp_scheduler__GB2 fits3_1b : 0 1 : 1678 3407 : Used 1 time 0
 Sort Area is batchdnn_pp_scheduler__GB2 fits3_1c : 0 0 : 1729 3407 : Used 1 time 0
 Sort Area is batchdnn_pp_scheduler__GB2 fits3_1c : 0 1 : 1678 3407 : Used 1 time 0
 Sort Area is batchdnn_pp_scheduler__GB2 fits3_1d : 0 0 : 1729 3407 : Used 1 time 0
 Sort Area is batchdnn_pp_scheduler__GB2 fits3_1d : 0 1 : 1678 3407 : Used 1 time 0
 Sort Area is batchdnn_pp_scheduler__GB2 fits3_3 : 0 0 : 1729 3407 : Used 1 time 0
 Sort Area is batchdnn_pp_scheduler__GB2 fits3_3 : 0 1 : 1678 3407 : Used 1 time 0
 Sort Area is batchdnn_pp_scheduler__GB2 fits3_4 : 0 0 : 1729 3407 : Used 1 time 0
 Sort Area is batchdnn_pp_scheduler__GB2 fits3_4 : 0 1 : 1678 3407 : Used 1 time 0
 Sort Area is batchdnn_pp_scheduler__GB2 fits3_5 : 0 0 : 1729 3407 : Used 1 time 0
 Sort Area is batchdnn_pp_scheduler__GB2 fits3_5 : 0 1 : 1678 3407 : Used 1 time 0
 Sort Area is batchdnn_pp_scheduler__GB2 fits3_6 : 0 0 : 1729 3407 : Used 1 time 0
 Sort Area is batchdnn_pp_scheduler__GB2 fits3_6 : 0 1 : 1678 3407 : Used 1 time 0
 Sort Area is batchdnn_pp_scheduler__GB2 fits3_7 : 0 0 : 1729 3407 : Used 1 time 0
 Sort Area is batchdnn_pp_scheduler__GB2 fits3_7 : 0 1 : 1678 3407 : Used 1 time 0
 Sort Area is batchdnn_pp_scheduler__GB2 fits3_8 : 0 0 : 1729 3407 : Used 1 time 0
 Sort Area is batchdnn_pp_scheduler__GB2 fits3_8 : 0 1 : 1678 3407 : Used 1 time 0
 Sort Area is batchdnn_pp_scheduler__GB2 fits3_9 : 0 0 : 1729 3407 : Used 1 time 0
 Sort Area is batchdnn_pp_scheduler__GB2 fits3_9 : 0 1 : 1678 3407 : Used 1 time 0
 Sort Area is batchdnn_pp_scheduler__GB2 fits3_a : 0 0 : 1729 3407 : Used 1 time 0
 Sort Area is batchdnn_pp_scheduler__GB2 fits3_a : 0 1 : 1678 3407 : Used 1 time 0
 Sort Area is batchdnn_pp_scheduler__GB2 fits3_b : 0 0 : 1729 3407 : Used 1 time 0
 Sort Area is batchdnn_pp_scheduler__GB2 fits3_b : 0 1 : 1678 3407 : Used 1 time 0
 Sort Area is batchdnn_pp_scheduler__GB2 fits3_c : 0 0 : 1729 3407 : Used 1 time 0
 Sort Area is batchdnn_pp_scheduler__GB7 fits3_c : 0 0 : 1729 3407 : Used 1 time 0
 Sort Area is batchdnn_pp_scheduler__GB2 fits3_c : 0 1 : 1678 3407 : Used 1 time 0
 Sort Area is batchdnn_pp_scheduler__GB7 fits3_c : 0 1 : 1678 3407 : Used 1 time 0
 Sort Area is batchdnn_pp_scheduler__GB2 fits3_d : 0 0 : 1729 3407 : Used 1 time 0
 Sort Area is batchdnn_pp_scheduler__GB2 fits3_d : 0 1 : 1678 3407 : Used 1 time 0
 Sort Area is batchdnn_pp_scheduler__GB2 fits3_e : 0 0 : 1729 3407 : Used 1 time 0
 Sort Area is batchdnn_pp_scheduler__GB2 fits3_e : 0 1 : 1678 3407 : Used 1 time 0
 Sort Area is batchdnn_pp_scheduler__GB2 fits3_f : 0 0 : 1729 3407 : Used 1 time 0
 Sort Area is batchdnn_pp_scheduler__GB7 fits3_f : 0 0 : 1729 3407 : Used 1 time 0
 Sort Area is batchdnn_pp_scheduler__GB2 fits3_f : 0 1 : 1678 3407 : Used 1 time 0
 Sort Area is batchdnn_pp_scheduler__GB7 fits3_f : 0 1 : 1678 3407 : Used 1 time 0
 Sort Area is batchdnn_pp_scheduler__GB7 avail_mem_reg1_5 : 0 0 : 1623 3199 : Used 1 time 0
 Sort Area is batchdnn_pp_scheduler__GB7 avail_mem_reg1_5 : 0 1 : 1576 3199 : Used 1 time 0
 Sort Area is batchdnn_pp_scheduler__GB7 avail_mem_reg2_3 : 0 0 : 1623 3199 : Used 1 time 0
 Sort Area is batchdnn_pp_scheduler__GB7 avail_mem_reg2_3 : 0 1 : 1576 3199 : Used 1 time 0
 Sort Area is batchdnn_pp_scheduler__GB7 avail_mem_reg2_4 : 0 0 : 1623 3199 : Used 1 time 0
 Sort Area is batchdnn_pp_scheduler__GB7 avail_mem_reg2_4 : 0 1 : 1576 3199 : Used 1 time 0
 Sort Area is batchdnn_pp_scheduler__GB4 cand4_4 : 0 0 : 1623 3199 : Used 1 time 0
 Sort Area is batchdnn_pp_scheduler__GB4 cand4_4 : 0 1 : 1576 3199 : Used 1 time 0
 Sort Area is batchdnn_pp_scheduler__GB3 found_cand3_3 : 0 0 : 1623 3199 : Used 1 time 0
 Sort Area is batchdnn_pp_scheduler__GB3 found_cand3_3 : 0 1 : 1576 3199 : Used 1 time 0
 Sort Area is batchdnn_pp_scheduler__GB3 found_cand4_0 : 0 0 : 1623 3199 : Used 1 time 0
 Sort Area is batchdnn_pp_scheduler__GB5 found_cand4_0 : 0 0 : 1623 3199 : Used 1 time 0
 Sort Area is batchdnn_pp_scheduler__GB4 found_cand4_0 : 0 0 : 1623 3199 : Used 1 time 0
 Sort Area is batchdnn_pp_scheduler__GB1 found_cand4_0 : 0 0 : 1623 3199 : Used 1 time 0
 Sort Area is batchdnn_pp_scheduler__GB7 found_cand4_0 : 0 0 : 1623 3199 : Used 1 time 0
 Sort Area is batchdnn_pp_scheduler__GB3 found_cand4_0 : 0 1 : 1576 3199 : Used 1 time 0
 Sort Area is batchdnn_pp_scheduler__GB5 found_cand4_0 : 0 1 : 1576 3199 : Used 1 time 0
 Sort Area is batchdnn_pp_scheduler__GB4 found_cand4_0 : 0 1 : 1576 3199 : Used 1 time 0
 Sort Area is batchdnn_pp_scheduler__GB1 found_cand4_0 : 0 1 : 1576 3199 : Used 1 time 0
 Sort Area is batchdnn_pp_scheduler__GB7 found_cand4_0 : 0 1 : 1576 3199 : Used 1 time 0
 Sort Area is batchdnn_pp_scheduler__GB4 found_cand4_3 : 0 0 : 1623 3199 : Used 1 time 0
 Sort Area is batchdnn_pp_scheduler__GB1 found_cand4_3 : 0 0 : 1623 3199 : Used 1 time 0
 Sort Area is batchdnn_pp_scheduler__GB4 found_cand4_3 : 0 1 : 1576 3199 : Used 1 time 0
 Sort Area is batchdnn_pp_scheduler__GB1 found_cand4_3 : 0 1 : 1576 3199 : Used 1 time 0
 Sort Area is batchdnn_pp_scheduler__GB3 found_cand4_4 : 0 0 : 1623 3199 : Used 1 time 0
 Sort Area is batchdnn_pp_scheduler__GB1 found_cand4_4 : 0 0 : 1623 3199 : Used 1 time 0
 Sort Area is batchdnn_pp_scheduler__GB3 found_cand4_4 : 0 1 : 1576 3199 : Used 1 time 0
 Sort Area is batchdnn_pp_scheduler__GB1 found_cand4_4 : 0 1 : 1576 3199 : Used 1 time 0
 Sort Area is batchdnn_pp_scheduler__GB3 found_cand4_5 : 0 0 : 1623 3199 : Used 1 time 0
 Sort Area is batchdnn_pp_scheduler__GB4 found_cand4_5 : 0 0 : 1623 3199 : Used 1 time 0
 Sort Area is batchdnn_pp_scheduler__GB1 found_cand4_5 : 0 0 : 1623 3199 : Used 1 time 0
 Sort Area is batchdnn_pp_scheduler__GB3 found_cand4_5 : 0 1 : 1576 3199 : Used 1 time 0
 Sort Area is batchdnn_pp_scheduler__GB4 found_cand4_5 : 0 1 : 1576 3199 : Used 1 time 0
 Sort Area is batchdnn_pp_scheduler__GB1 found_cand4_5 : 0 1 : 1576 3199 : Used 1 time 0
 Sort Area is batchdnn_pp_scheduler__GB3 found_cand4_6 : 0 0 : 1623 3199 : Used 1 time 0
 Sort Area is batchdnn_pp_scheduler__GB4 found_cand4_6 : 0 0 : 1623 3199 : Used 1 time 0
 Sort Area is batchdnn_pp_scheduler__GB1 found_cand4_6 : 0 0 : 1623 3199 : Used 1 time 0
 Sort Area is batchdnn_pp_scheduler__GB7 found_cand4_6 : 0 0 : 1623 3199 : Used 1 time 0
 Sort Area is batchdnn_pp_scheduler__GB3 found_cand4_6 : 0 1 : 1576 3199 : Used 1 time 0
 Sort Area is batchdnn_pp_scheduler__GB4 found_cand4_6 : 0 1 : 1576 3199 : Used 1 time 0
 Sort Area is batchdnn_pp_scheduler__GB1 found_cand4_6 : 0 1 : 1576 3199 : Used 1 time 0
 Sort Area is batchdnn_pp_scheduler__GB7 found_cand4_6 : 0 1 : 1576 3199 : Used 1 time 0
 Sort Area is batchdnn_pp_scheduler__GB3 found_cand4_7 : 0 0 : 1623 3199 : Used 1 time 0
 Sort Area is batchdnn_pp_scheduler__GB4 found_cand4_7 : 0 0 : 1623 3199 : Used 1 time 0
 Sort Area is batchdnn_pp_scheduler__GB1 found_cand4_7 : 0 0 : 1623 3199 : Used 1 time 0
 Sort Area is batchdnn_pp_scheduler__GB7 found_cand4_7 : 0 0 : 1623 3199 : Used 1 time 0
 Sort Area is batchdnn_pp_scheduler__GB3 found_cand4_7 : 0 1 : 1576 3199 : Used 1 time 0
 Sort Area is batchdnn_pp_scheduler__GB4 found_cand4_7 : 0 1 : 1576 3199 : Used 1 time 0
 Sort Area is batchdnn_pp_scheduler__GB1 found_cand4_7 : 0 1 : 1576 3199 : Used 1 time 0
 Sort Area is batchdnn_pp_scheduler__GB7 found_cand4_7 : 0 1 : 1576 3199 : Used 1 time 0
 Sort Area is batchdnn_pp_scheduler__GB3 found_cand4_8 : 0 0 : 1623 3199 : Used 1 time 0
 Sort Area is batchdnn_pp_scheduler__GB4 found_cand4_8 : 0 0 : 1623 3199 : Used 1 time 0
 Sort Area is batchdnn_pp_scheduler__GB7 found_cand4_8 : 0 0 : 1623 3199 : Used 1 time 0
 Sort Area is batchdnn_pp_scheduler__GB3 found_cand4_8 : 0 1 : 1576 3199 : Used 1 time 0
 Sort Area is batchdnn_pp_scheduler__GB4 found_cand4_8 : 0 1 : 1576 3199 : Used 1 time 0
 Sort Area is batchdnn_pp_scheduler__GB7 found_cand4_8 : 0 1 : 1576 3199 : Used 1 time 0
 Sort Area is batchdnn_pp_scheduler__GB3 found_cand4_9 : 0 0 : 1623 3199 : Used 1 time 0
 Sort Area is batchdnn_pp_scheduler__GB7 found_cand4_9 : 0 0 : 1623 3199 : Used 1 time 0
 Sort Area is batchdnn_pp_scheduler__GB3 found_cand4_9 : 0 1 : 1576 3199 : Used 1 time 0
 Sort Area is batchdnn_pp_scheduler__GB7 found_cand4_9 : 0 1 : 1576 3199 : Used 1 time 0
 Sort Area is batchdnn_pp_scheduler__GB3 found_cand4_a : 0 0 : 1623 3199 : Used 1 time 0
 Sort Area is batchdnn_pp_scheduler__GB7 found_cand4_a : 0 0 : 1623 3199 : Used 1 time 0
 Sort Area is batchdnn_pp_scheduler__GB3 found_cand4_a : 0 1 : 1576 3199 : Used 1 time 0
 Sort Area is batchdnn_pp_scheduler__GB7 found_cand4_a : 0 1 : 1576 3199 : Used 1 time 0
 Sort Area is batchdnn_pp_scheduler__GB3 found_cand4_b : 0 0 : 1623 3199 : Used 1 time 0
 Sort Area is batchdnn_pp_scheduler__GB7 found_cand4_b : 0 0 : 1623 3199 : Used 1 time 0
 Sort Area is batchdnn_pp_scheduler__GB3 found_cand4_b : 0 1 : 1576 3199 : Used 1 time 0
 Sort Area is batchdnn_pp_scheduler__GB7 found_cand4_b : 0 1 : 1576 3199 : Used 1 time 0
 Sort Area is batchdnn_pp_scheduler__GB3 found_cand4_c : 0 0 : 1623 3199 : Used 1 time 0
 Sort Area is batchdnn_pp_scheduler__GB3 found_cand4_c : 0 1 : 1576 3199 : Used 1 time 0
---------------------------------------------------------------------------------
Start ROM, RAM, DSP, Shift Register and Retiming Reporting
---------------------------------------------------------------------------------

DSP: Preliminary Mapping Report (see note below. The ' indicates corresponding REG is set)
+---------------------------+----------------+--------+--------+--------+--------+--------+------+------+------+------+-------+------+------+
|Module Name                | DSP Mapping    | A Size | B Size | C Size | D Size | P Size | AREG | BREG | CREG | DREG | ADREG | MREG | PREG | 
+---------------------------+----------------+--------+--------+--------+--------+--------+------+------+------+------+-------+------+------+
|batchdnn_pp_scheduler      | A*B            | 18     | 9      | -      | -      | 48     | 0    | 0    | -    | -    | -     | 0    | 0    | 
|batchdnn_pp_scheduler      | (PCIN>>17)+A*B | 16     | 9      | -      | -      | 48     | 0    | 0    | -    | -    | -     | 0    | 0    | 
|batchdnn_pp_scheduler      | A*B            | 18     | 9      | -      | -      | 48     | 0    | 0    | -    | -    | -     | 0    | 0    | 
|batchdnn_pp_scheduler      | (PCIN>>17)+A*B | 16     | 9      | -      | -      | 48     | 0    | 0    | -    | -    | -     | 0    | 0    | 
|batchdnn_pp_scheduler      | A*B            | 18     | 9      | -      | -      | 48     | 0    | 0    | -    | -    | -     | 0    | 0    | 
|batchdnn_pp_scheduler      | (PCIN>>17)+A*B | 16     | 9      | -      | -      | 48     | 0    | 0    | -    | -    | -     | 0    | 0    | 
|batchdnn_pp_scheduler      | A*B            | 18     | 9      | -      | -      | 48     | 0    | 0    | -    | -    | -     | 0    | 0    | 
|batchdnn_pp_scheduler      | (PCIN>>17)+A*B | 16     | 9      | -      | -      | 48     | 0    | 0    | -    | -    | -     | 0    | 0    | 
|batchdnn_pp_scheduler      | A*B            | 18     | 9      | -      | -      | 48     | 0    | 0    | -    | -    | -     | 0    | 0    | 
|batchdnn_pp_scheduler      | (PCIN>>17)+A*B | 16     | 9      | -      | -      | 48     | 0    | 0    | -    | -    | -     | 0    | 0    | 
|batchdnn_pp_scheduler      | A*B            | 18     | 9      | -      | -      | 48     | 0    | 0    | -    | -    | -     | 0    | 0    | 
|batchdnn_pp_scheduler      | (PCIN>>17)+A*B | 16     | 9      | -      | -      | 48     | 0    | 0    | -    | -    | -     | 0    | 0    | 
|batchdnn_pp_scheduler      | A*B            | 18     | 9      | -      | -      | 48     | 0    | 0    | -    | -    | -     | 0    | 0    | 
|batchdnn_pp_scheduler      | (PCIN>>17)+A*B | 16     | 9      | -      | -      | 48     | 0    | 0    | -    | -    | -     | 0    | 0    | 
|batchdnn_pp_scheduler      | A*B            | 18     | 9      | -      | -      | 48     | 0    | 0    | -    | -    | -     | 0    | 0    | 
|batchdnn_pp_scheduler      | (PCIN>>17)+A*B | 16     | 9      | -      | -      | 48     | 0    | 0    | -    | -    | -     | 0    | 0    | 
|batchdnn_pp_scheduler      | A*B            | 18     | 9      | -      | -      | 48     | 0    | 0    | -    | -    | -     | 0    | 0    | 
|batchdnn_pp_scheduler      | (PCIN>>17)+A*B | 16     | 9      | -      | -      | 48     | 0    | 0    | -    | -    | -     | 0    | 0    | 
|batchdnn_pp_scheduler      | A*B            | 18     | 9      | -      | -      | 48     | 0    | 0    | -    | -    | -     | 0    | 0    | 
|batchdnn_pp_scheduler      | (PCIN>>17)+A*B | 16     | 9      | -      | -      | 48     | 0    | 0    | -    | -    | -     | 0    | 0    | 
|batchdnn_pp_scheduler      | A*B            | 18     | 9      | -      | -      | 48     | 0    | 0    | -    | -    | -     | 0    | 0    | 
|batchdnn_pp_scheduler      | (PCIN>>17)+A*B | 16     | 9      | -      | -      | 48     | 0    | 0    | -    | -    | -     | 0    | 0    | 
|batchdnn_pp_scheduler__GB1 | A*B            | 18     | 9      | -      | -      | 48     | 0    | 0    | -    | -    | -     | 0    | 0    | 
|batchdnn_pp_scheduler__GB1 | (PCIN>>17)+A*B | 16     | 9      | -      | -      | 48     | 0    | 0    | -    | -    | -     | 0    | 0    | 
|batchdnn_pp_scheduler__GB1 | A*B            | 18     | 9      | -      | -      | 48     | 0    | 0    | -    | -    | -     | 0    | 0    | 
|batchdnn_pp_scheduler__GB1 | (PCIN>>17)+A*B | 16     | 9      | -      | -      | 48     | 0    | 0    | -    | -    | -     | 0    | 0    | 
|batchdnn_pp_scheduler__GB1 | A*B            | 18     | 9      | -      | -      | 48     | 0    | 0    | -    | -    | -     | 0    | 0    | 
|batchdnn_pp_scheduler__GB1 | (PCIN>>17)+A*B | 16     | 9      | -      | -      | 48     | 0    | 0    | -    | -    | -     | 0    | 0    | 
|batchdnn_pp_scheduler__GB1 | A*B            | 18     | 9      | -      | -      | 48     | 0    | 0    | -    | -    | -     | 0    | 0    | 
|batchdnn_pp_scheduler__GB1 | (PCIN>>17)+A*B | 16     | 9      | -      | -      | 48     | 0    | 0    | -    | -    | -     | 0    | 0    | 
|batchdnn_pp_scheduler__GB1 | A*B            | 18     | 9      | -      | -      | 48     | 0    | 0    | -    | -    | -     | 0    | 0    | 
|batchdnn_pp_scheduler__GB1 | (PCIN>>17)+A*B | 16     | 9      | -      | -      | 48     | 0    | 0    | -    | -    | -     | 0    | 0    | 
|batchdnn_pp_scheduler__GB1 | A*B            | 18     | 9      | -      | -      | 48     | 0    | 0    | -    | -    | -     | 0    | 0    | 
|batchdnn_pp_scheduler__GB1 | (PCIN>>17)+A*B | 16     | 9      | -      | -      | 48     | 0    | 0    | -    | -    | -     | 0    | 0    | 
|batchdnn_pp_scheduler__GB2 | A*B            | 18     | 10     | -      | -      | 48     | 0    | 0    | -    | -    | -     | 0    | 0    | 
|batchdnn_pp_scheduler__GB2 | (PCIN>>17)+A*B | 16     | 10     | -      | -      | 48     | 0    | 0    | -    | -    | -     | 0    | 0    | 
|batchdnn_pp_scheduler__GB2 | A*B            | 18     | 10     | -      | -      | 48     | 0    | 0    | -    | -    | -     | 0    | 0    | 
|batchdnn_pp_scheduler__GB2 | (PCIN>>17)+A*B | 16     | 10     | -      | -      | 48     | 0    | 0    | -    | -    | -     | 0    | 0    | 
|batchdnn_pp_scheduler__GB2 | A*B            | 18     | 10     | -      | -      | 48     | 0    | 0    | -    | -    | -     | 0    | 0    | 
|batchdnn_pp_scheduler__GB2 | (PCIN>>17)+A*B | 16     | 10     | -      | -      | 48     | 0    | 0    | -    | -    | -     | 0    | 0    | 
|batchdnn_pp_scheduler__GB2 | A*B            | 18     | 10     | -      | -      | 48     | 0    | 0    | -    | -    | -     | 0    | 0    | 
|batchdnn_pp_scheduler__GB2 | (PCIN>>17)+A*B | 16     | 10     | -      | -      | 48     | 0    | 0    | -    | -    | -     | 0    | 0    | 
|batchdnn_pp_scheduler__GB2 | A*B            | 18     | 10     | -      | -      | 48     | 0    | 0    | -    | -    | -     | 0    | 0    | 
|batchdnn_pp_scheduler__GB2 | (PCIN>>17)+A*B | 16     | 10     | -      | -      | 48     | 0    | 0    | -    | -    | -     | 0    | 0    | 
|batchdnn_pp_scheduler__GB2 | A*B            | 18     | 10     | -      | -      | 48     | 0    | 0    | -    | -    | -     | 0    | 0    | 
|batchdnn_pp_scheduler__GB2 | (PCIN>>17)+A*B | 16     | 10     | -      | -      | 48     | 0    | 0    | -    | -    | -     | 0    | 0    | 
|batchdnn_pp_scheduler__GB2 | A*B            | 18     | 10     | -      | -      | 48     | 0    | 0    | -    | -    | -     | 0    | 0    | 
|batchdnn_pp_scheduler__GB2 | (PCIN>>17)+A*B | 16     | 10     | -      | -      | 48     | 0    | 0    | -    | -    | -     | 0    | 0    | 
|batchdnn_pp_scheduler__GB2 | A*B            | 18     | 10     | -      | -      | 48     | 0    | 0    | -    | -    | -     | 0    | 0    | 
|batchdnn_pp_scheduler__GB2 | (PCIN>>17)+A*B | 16     | 10     | -      | -      | 48     | 0    | 0    | -    | -    | -     | 0    | 0    | 
|batchdnn_pp_scheduler__GB2 | A*B            | 18     | 10     | -      | -      | 48     | 0    | 0    | -    | -    | -     | 0    | 0    | 
|batchdnn_pp_scheduler__GB2 | (PCIN>>17)+A*B | 16     | 10     | -      | -      | 48     | 0    | 0    | -    | -    | -     | 0    | 0    | 
|batchdnn_pp_scheduler__GB2 | A*B            | 18     | 10     | -      | -      | 48     | 0    | 0    | -    | -    | -     | 0    | 0    | 
|batchdnn_pp_scheduler__GB2 | (PCIN>>17)+A*B | 16     | 10     | -      | -      | 48     | 0    | 0    | -    | -    | -     | 0    | 0    | 
|batchdnn_pp_scheduler__GB2 | A*B            | 18     | 10     | -      | -      | 48     | 0    | 0    | -    | -    | -     | 0    | 0    | 
|batchdnn_pp_scheduler__GB2 | (PCIN>>17)+A*B | 16     | 10     | -      | -      | 48     | 0    | 0    | -    | -    | -     | 0    | 0    | 
|batchdnn_pp_scheduler__GB2 | A*B            | 18     | 10     | -      | -      | 48     | 0    | 0    | -    | -    | -     | 0    | 0    | 
|batchdnn_pp_scheduler__GB2 | (PCIN>>17)+A*B | 16     | 10     | -      | -      | 48     | 0    | 0    | -    | -    | -     | 0    | 0    | 
|batchdnn_pp_scheduler__GB2 | A*B            | 18     | 10     | -      | -      | 48     | 0    | 0    | -    | -    | -     | 0    | 0    | 
|batchdnn_pp_scheduler__GB2 | (PCIN>>17)+A*B | 16     | 10     | -      | -      | 48     | 0    | 0    | -    | -    | -     | 0    | 0    | 
|batchdnn_pp_scheduler__GB2 | A*B            | 18     | 10     | -      | -      | 48     | 0    | 0    | -    | -    | -     | 0    | 0    | 
|batchdnn_pp_scheduler__GB2 | (PCIN>>17)+A*B | 16     | 10     | -      | -      | 48     | 0    | 0    | -    | -    | -     | 0    | 0    | 
|batchdnn_pp_scheduler__GB2 | A*B            | 18     | 10     | -      | -      | 48     | 0    | 0    | -    | -    | -     | 0    | 0    | 
|batchdnn_pp_scheduler__GB2 | (PCIN>>17)+A*B | 16     | 10     | -      | -      | 48     | 0    | 0    | -    | -    | -     | 0    | 0    | 
|batchdnn_pp_scheduler__GB2 | A*B            | 18     | 10     | -      | -      | 48     | 0    | 0    | -    | -    | -     | 0    | 0    | 
|batchdnn_pp_scheduler__GB2 | (PCIN>>17)+A*B | 16     | 10     | -      | -      | 48     | 0    | 0    | -    | -    | -     | 0    | 0    | 
|batchdnn_pp_scheduler__GB2 | A*B            | 18     | 10     | -      | -      | 48     | 0    | 0    | -    | -    | -     | 0    | 0    | 
|batchdnn_pp_scheduler__GB2 | (PCIN>>17)+A*B | 16     | 10     | -      | -      | 48     | 0    | 0    | -    | -    | -     | 0    | 0    | 
|batchdnn_pp_scheduler__GB2 | A*B            | 18     | 10     | -      | -      | 48     | 0    | 0    | -    | -    | -     | 0    | 0    | 
|batchdnn_pp_scheduler__GB2 | (PCIN>>17)+A*B | 16     | 10     | -      | -      | 48     | 0    | 0    | -    | -    | -     | 0    | 0    | 
|batchdnn_pp_scheduler__GB2 | A*B            | 18     | 10     | -      | -      | 48     | 0    | 0    | -    | -    | -     | 0    | 0    | 
|batchdnn_pp_scheduler__GB2 | (PCIN>>17)+A*B | 16     | 10     | -      | -      | 48     | 0    | 0    | -    | -    | -     | 0    | 0    | 
|batchdnn_pp_scheduler__GB2 | A*B            | 18     | 10     | -      | -      | 48     | 0    | 0    | -    | -    | -     | 0    | 0    | 
|batchdnn_pp_scheduler__GB2 | (PCIN>>17)+A*B | 16     | 10     | -      | -      | 48     | 0    | 0    | -    | -    | -     | 0    | 0    | 
|batchdnn_pp_scheduler__GB2 | A*B            | 18     | 10     | -      | -      | 48     | 0    | 0    | -    | -    | -     | 0    | 0    | 
|batchdnn_pp_scheduler__GB2 | (PCIN>>17)+A*B | 16     | 10     | -      | -      | 48     | 0    | 0    | -    | -    | -     | 0    | 0    | 
|batchdnn_pp_scheduler__GB2 | A*B            | 18     | 10     | -      | -      | 48     | 0    | 0    | -    | -    | -     | 0    | 0    | 
|batchdnn_pp_scheduler__GB2 | (PCIN>>17)+A*B | 16     | 10     | -      | -      | 48     | 0    | 0    | -    | -    | -     | 0    | 0    | 
|batchdnn_pp_scheduler__GB2 | A*B            | 18     | 10     | -      | -      | 48     | 0    | 0    | -    | -    | -     | 0    | 0    | 
|batchdnn_pp_scheduler__GB2 | (PCIN>>17)+A*B | 16     | 10     | -      | -      | 48     | 0    | 0    | -    | -    | -     | 0    | 0    | 
|batchdnn_pp_scheduler__GB2 | A*B            | 18     | 10     | -      | -      | 48     | 0    | 0    | -    | -    | -     | 0    | 0    | 
|batchdnn_pp_scheduler__GB2 | (PCIN>>17)+A*B | 16     | 10     | -      | -      | 48     | 0    | 0    | -    | -    | -     | 0    | 0    | 
|batchdnn_pp_scheduler__GB2 | A*B            | 18     | 10     | -      | -      | 48     | 0    | 0    | -    | -    | -     | 0    | 0    | 
|batchdnn_pp_scheduler__GB2 | (PCIN>>17)+A*B | 16     | 10     | -      | -      | 48     | 0    | 0    | -    | -    | -     | 0    | 0    | 
|batchdnn_pp_scheduler__GB2 | A*B            | 18     | 10     | -      | -      | 48     | 0    | 0    | -    | -    | -     | 0    | 0    | 
|batchdnn_pp_scheduler__GB2 | (PCIN>>17)+A*B | 16     | 10     | -      | -      | 48     | 0    | 0    | -    | -    | -     | 0    | 0    | 
|batchdnn_pp_scheduler__GB2 | A*B            | 18     | 10     | -      | -      | 48     | 0    | 0    | -    | -    | -     | 0    | 0    | 
|batchdnn_pp_scheduler__GB2 | (PCIN>>17)+A*B | 16     | 10     | -      | -      | 48     | 0    | 0    | -    | -    | -     | 0    | 0    | 
|batchdnn_pp_scheduler__GB2 | A*B            | 18     | 10     | -      | -      | 48     | 0    | 0    | -    | -    | -     | 0    | 0    | 
|batchdnn_pp_scheduler__GB2 | (PCIN>>17)+A*B | 16     | 10     | -      | -      | 48     | 0    | 0    | -    | -    | -     | 0    | 0    | 
|batchdnn_pp_scheduler__GB4 | A*B            | 18     | 9      | -      | -      | 48     | 0    | 0    | -    | -    | -     | 0    | 0    | 
|batchdnn_pp_scheduler__GB4 | (PCIN>>17)+A*B | 16     | 9      | -      | -      | 48     | 0    | 0    | -    | -    | -     | 0    | 0    | 
|batchdnn_pp_scheduler__GB4 | A*B            | 18     | 9      | -      | -      | 48     | 0    | 0    | -    | -    | -     | 0    | 0    | 
|batchdnn_pp_scheduler__GB4 | (PCIN>>17)+A*B | 16     | 9      | -      | -      | 48     | 0    | 0    | -    | -    | -     | 0    | 0    | 
|batchdnn_pp_scheduler__GB4 | A*B            | 18     | 9      | -      | -      | 48     | 0    | 0    | -    | -    | -     | 0    | 0    | 
|batchdnn_pp_scheduler__GB4 | (PCIN>>17)+A*B | 16     | 9      | -      | -      | 48     | 0    | 0    | -    | -    | -     | 0    | 0    | 
|batchdnn_pp_scheduler__GB4 | A*B            | 18     | 9      | -      | -      | 48     | 0    | 0    | -    | -    | -     | 0    | 0    | 
|batchdnn_pp_scheduler__GB4 | (PCIN>>17)+A*B | 16     | 9      | -      | -      | 48     | 0    | 0    | -    | -    | -     | 0    | 0    | 
|batchdnn_pp_scheduler__GB4 | A*B            | 18     | 9      | -      | -      | 48     | 0    | 0    | -    | -    | -     | 0    | 0    | 
|batchdnn_pp_scheduler__GB4 | (PCIN>>17)+A*B | 16     | 9      | -      | -      | 48     | 0    | 0    | -    | -    | -     | 0    | 0    | 
|batchdnn_pp_scheduler__GB4 | A*B            | 18     | 9      | -      | -      | 48     | 0    | 0    | -    | -    | -     | 0    | 0    | 
|batchdnn_pp_scheduler__GB4 | (PCIN>>17)+A*B | 16     | 9      | -      | -      | 48     | 0    | 0    | -    | -    | -     | 0    | 0    | 
|batchdnn_pp_scheduler__GB4 | A*B            | 18     | 9      | -      | -      | 48     | 0    | 0    | -    | -    | -     | 0    | 0    | 
|batchdnn_pp_scheduler__GB4 | (PCIN>>17)+A*B | 16     | 9      | -      | -      | 48     | 0    | 0    | -    | -    | -     | 0    | 0    | 
|batchdnn_pp_scheduler__GB5 | A*B            | 18     | 9      | -      | -      | 48     | 0    | 0    | -    | -    | -     | 0    | 0    | 
|batchdnn_pp_scheduler__GB5 | (PCIN>>17)+A*B | 16     | 9      | -      | -      | 48     | 0    | 0    | -    | -    | -     | 0    | 0    | 
|batchdnn_pp_scheduler__GB7 | A*B            | 18     | 9      | -      | -      | 48     | 0    | 0    | -    | -    | -     | 0    | 0    | 
|batchdnn_pp_scheduler__GB7 | (PCIN>>17)+A*B | 16     | 9      | -      | -      | 48     | 0    | 0    | -    | -    | -     | 0    | 0    | 
|batchdnn_pp_scheduler__GB7 | A*B            | 18     | 9      | -      | -      | 48     | 0    | 0    | -    | -    | -     | 0    | 0    | 
|batchdnn_pp_scheduler__GB7 | (PCIN>>17)+A*B | 16     | 9      | -      | -      | 48     | 0    | 0    | -    | -    | -     | 0    | 0    | 
|batchdnn_pp_scheduler__GB7 | A*B            | 18     | 9      | -      | -      | 48     | 0    | 0    | -    | -    | -     | 0    | 0    | 
|batchdnn_pp_scheduler__GB7 | (PCIN>>17)+A*B | 16     | 9      | -      | -      | 48     | 0    | 0    | -    | -    | -     | 0    | 0    | 
|batchdnn_pp_scheduler__GB7 | A*B            | 18     | 9      | -      | -      | 48     | 0    | 0    | -    | -    | -     | 0    | 0    | 
|batchdnn_pp_scheduler__GB7 | (PCIN>>17)+A*B | 16     | 9      | -      | -      | 48     | 0    | 0    | -    | -    | -     | 0    | 0    | 
|batchdnn_pp_scheduler__GB7 | A*B            | 18     | 9      | -      | -      | 48     | 0    | 0    | -    | -    | -     | 0    | 0    | 
|batchdnn_pp_scheduler__GB7 | (PCIN>>17)+A*B | 16     | 9      | -      | -      | 48     | 0    | 0    | -    | -    | -     | 0    | 0    | 
|batchdnn_pp_scheduler__GB7 | A*B            | 18     | 9      | -      | -      | 48     | 0    | 0    | -    | -    | -     | 0    | 0    | 
|batchdnn_pp_scheduler__GB7 | (PCIN>>17)+A*B | 16     | 9      | -      | -      | 48     | 0    | 0    | -    | -    | -     | 0    | 0    | 
|batchdnn_pp_scheduler__GB7 | A*B            | 18     | 9      | -      | -      | 48     | 0    | 0    | -    | -    | -     | 0    | 0    | 
|batchdnn_pp_scheduler__GB7 | (PCIN>>17)+A*B | 16     | 9      | -      | -      | 48     | 0    | 0    | -    | -    | -     | 0    | 0    | 
|batchdnn_pp_scheduler__GB7 | A*B            | 18     | 9      | -      | -      | 48     | 0    | 0    | -    | -    | -     | 0    | 0    | 
|batchdnn_pp_scheduler__GB7 | (PCIN>>17)+A*B | 16     | 9      | -      | -      | 48     | 0    | 0    | -    | -    | -     | 0    | 0    | 
|batchdnn_pp_scheduler__GB7 | A*B            | 18     | 9      | -      | -      | 48     | 0    | 0    | -    | -    | -     | 0    | 0    | 
|batchdnn_pp_scheduler__GB7 | (PCIN>>17)+A*B | 16     | 9      | -      | -      | 48     | 0    | 0    | -    | -    | -     | 0    | 0    | 
|batchdnn_pp_scheduler__GB7 | A*B            | 18     | 9      | -      | -      | 48     | 0    | 0    | -    | -    | -     | 0    | 0    | 
|batchdnn_pp_scheduler__GB7 | (PCIN>>17)+A*B | 16     | 9      | -      | -      | 48     | 0    | 0    | -    | -    | -     | 0    | 0    | 
|batchdnn_pp_scheduler__GB7 | A*B            | 18     | 10     | -      | -      | 48     | 0    | 0    | -    | -    | -     | 0    | 0    | 
|batchdnn_pp_scheduler__GB7 | (PCIN>>17)+A*B | 16     | 10     | -      | -      | 48     | 0    | 0    | -    | -    | -     | 0    | 0    | 
|batchdnn_pp_scheduler__GB7 | A*B            | 18     | 10     | -      | -      | 48     | 0    | 0    | -    | -    | -     | 0    | 0    | 
|batchdnn_pp_scheduler__GB7 | (PCIN>>17)+A*B | 16     | 10     | -      | -      | 48     | 0    | 0    | -    | -    | -     | 0    | 0    | 
|batchdnn_pp_scheduler__GB7 | A*B            | 18     | 10     | -      | -      | 48     | 0    | 0    | -    | -    | -     | 0    | 0    | 
|batchdnn_pp_scheduler__GB7 | (PCIN>>17)+A*B | 16     | 10     | -      | -      | 48     | 0    | 0    | -    | -    | -     | 0    | 0    | 
|batchdnn_pp_scheduler__GB7 | A*B            | 18     | 10     | -      | -      | 48     | 0    | 0    | -    | -    | -     | 0    | 0    | 
|batchdnn_pp_scheduler__GB7 | (PCIN>>17)+A*B | 16     | 10     | -      | -      | 48     | 0    | 0    | -    | -    | -     | 0    | 0    | 
+---------------------------+----------------+--------+--------+--------+--------+--------+------+------+------+------+-------+------+------+

Note: The table above is a preliminary report that shows the DSPs inferred at the current stage of the synthesis flow. Some DSP may be reimplemented as non DSP primitives later in the synthesis flow. Multiple instantiated DSPs are reported only once.
---------------------------------------------------------------------------------
Finished ROM, RAM, DSP, Shift Register and Retiming Reporting
---------------------------------------------------------------------------------
---------------------------------------------------------------------------------
Start Applying XDC Timing Constraints
---------------------------------------------------------------------------------
---------------------------------------------------------------------------------
Finished Applying XDC Timing Constraints : Time (s): cpu = 00:01:52 ; elapsed = 00:01:16 . Memory (MB): peak = 2733.539 ; gain = 943.520 ; free physical = 3324 ; free virtual = 10075
---------------------------------------------------------------------------------
---------------------------------------------------------------------------------
Start Timing Optimization
---------------------------------------------------------------------------------
info: optimization accepted worst group hill climbing move (-81006.0/oG. 1717.0ps)
---------------------------------------------------------------------------------
Finished Timing Optimization : Time (s): cpu = 00:07:34 ; elapsed = 00:07:01 . Memory (MB): peak = 6971.141 ; gain = 5181.121 ; free physical = 256 ; free virtual = 5859
---------------------------------------------------------------------------------
---------------------------------------------------------------------------------
Start Technology Mapping
---------------------------------------------------------------------------------
---------------------------------------------------------------------------------
Finished Technology Mapping : Time (s): cpu = 00:08:19 ; elapsed = 00:07:57 . Memory (MB): peak = 6983.066 ; gain = 5193.047 ; free physical = 430 ; free virtual = 1657
---------------------------------------------------------------------------------
---------------------------------------------------------------------------------
Start IO Insertion
---------------------------------------------------------------------------------
---------------------------------------------------------------------------------
Start Flattening Before IO Insertion
---------------------------------------------------------------------------------
---------------------------------------------------------------------------------
Finished Flattening Before IO Insertion
---------------------------------------------------------------------------------
---------------------------------------------------------------------------------
Start Final Netlist Cleanup
---------------------------------------------------------------------------------
---------------------------------------------------------------------------------
Finished Final Netlist Cleanup
---------------------------------------------------------------------------------
---------------------------------------------------------------------------------
Finished IO Insertion : Time (s): cpu = 00:08:26 ; elapsed = 00:08:06 . Memory (MB): peak = 6983.066 ; gain = 5193.047 ; free physical = 219 ; free virtual = 1642
---------------------------------------------------------------------------------
---------------------------------------------------------------------------------
Start Renaming Generated Instances
---------------------------------------------------------------------------------
---------------------------------------------------------------------------------
Finished Renaming Generated Instances : Time (s): cpu = 00:08:26 ; elapsed = 00:08:06 . Memory (MB): peak = 6983.066 ; gain = 5193.047 ; free physical = 218 ; free virtual = 1642
---------------------------------------------------------------------------------
---------------------------------------------------------------------------------
Start Rebuilding User Hierarchy
---------------------------------------------------------------------------------
---------------------------------------------------------------------------------
Finished Rebuilding User Hierarchy : Time (s): cpu = 00:08:30 ; elapsed = 00:08:09 . Memory (MB): peak = 6983.066 ; gain = 5193.047 ; free physical = 202 ; free virtual = 1627
---------------------------------------------------------------------------------
---------------------------------------------------------------------------------
Start Renaming Generated Ports
---------------------------------------------------------------------------------
---------------------------------------------------------------------------------
Finished Renaming Generated Ports : Time (s): cpu = 00:08:30 ; elapsed = 00:08:09 . Memory (MB): peak = 6983.066 ; gain = 5193.047 ; free physical = 202 ; free virtual = 1627
---------------------------------------------------------------------------------
---------------------------------------------------------------------------------
Start Handling Custom Attributes
---------------------------------------------------------------------------------
---------------------------------------------------------------------------------
Finished Handling Custom Attributes : Time (s): cpu = 00:08:30 ; elapsed = 00:08:10 . Memory (MB): peak = 6983.066 ; gain = 5193.047 ; free physical = 200 ; free virtual = 1624
---------------------------------------------------------------------------------
---------------------------------------------------------------------------------
Start Renaming Generated Nets
---------------------------------------------------------------------------------
---------------------------------------------------------------------------------
Finished Renaming Generated Nets : Time (s): cpu = 00:08:30 ; elapsed = 00:08:10 . Memory (MB): peak = 6983.066 ; gain = 5193.047 ; free physical = 200 ; free virtual = 1624
---------------------------------------------------------------------------------
---------------------------------------------------------------------------------
Start Writing Synthesis Report
---------------------------------------------------------------------------------

DSP Final Report (the ' indicates corresponding REG is set)
+---------------------------+---------------+--------+--------+--------+--------+--------+------+------+------+------+-------+------+------+
|Module Name                | DSP Mapping   | A Size | B Size | C Size | D Size | P Size | AREG | BREG | CREG | DREG | ADREG | MREG | PREG | 
+---------------------------+---------------+--------+--------+--------+--------+--------+------+------+------+------+-------+------+------+
|batchdnn_pp_scheduler__GB5 | A*B           | 17     | 0      | -      | -      | 48     | 0    | 0    | -    | -    | -     | 0    | 0    | 
|batchdnn_pp_scheduler__GB5 | PCIN>>17+A*B  | 15     | 0      | -      | -      | 48     | 0    | 0    | -    | -    | -     | 0    | 0    | 
|batchdnn_pp_scheduler      | A*B           | 17     | 0      | -      | -      | 48     | 0    | 0    | -    | -    | -     | 0    | 0    | 
|batchdnn_pp_scheduler      | PCIN>>17+A*B  | 15     | 0      | -      | -      | 48     | 0    | 0    | -    | -    | -     | 0    | 0    | 
|batchdnn_pp_scheduler__GB7 | A*B           | 17     | 0      | -      | -      | 48     | 0    | 0    | -    | -    | -     | 0    | 0    | 
|batchdnn_pp_scheduler__GB7 | PCIN>>17+A*B  | 15     | 0      | -      | -      | 48     | 0    | 0    | -    | -    | -     | 0    | 0    | 
|batchdnn_pp_scheduler__GB1 | A*B           | 17     | 0      | -      | -      | 48     | 0    | 0    | -    | -    | -     | 0    | 0    | 
|batchdnn_pp_scheduler__GB1 | PCIN>>17+A*B  | 15     | 0      | -      | -      | 48     | 0    | 0    | -    | -    | -     | 0    | 0    | 
|batchdnn_pp_scheduler__GB1 | A*B           | 17     | 0      | -      | -      | 48     | 0    | 0    | -    | -    | -     | 0    | 0    | 
|batchdnn_pp_scheduler__GB1 | PCIN>>17+A*B  | 15     | 0      | -      | -      | 48     | 0    | 0    | -    | -    | -     | 0    | 0    | 
|batchdnn_pp_scheduler__GB1 | A*B           | 17     | 0      | -      | -      | 48     | 0    | 0    | -    | -    | -     | 0    | 0    | 
|batchdnn_pp_scheduler__GB1 | PCIN>>17+A*B  | 15     | 0      | -      | -      | 48     | 0    | 0    | -    | -    | -     | 0    | 0    | 
|batchdnn_pp_scheduler__GB1 | A*B           | 17     | 0      | -      | -      | 48     | 0    | 0    | -    | -    | -     | 0    | 0    | 
|batchdnn_pp_scheduler__GB1 | PCIN>>17+A*B  | 15     | 0      | -      | -      | 48     | 0    | 0    | -    | -    | -     | 0    | 0    | 
|batchdnn_pp_scheduler__GB1 | A*B           | 17     | 0      | -      | -      | 48     | 0    | 0    | -    | -    | -     | 0    | 0    | 
|batchdnn_pp_scheduler__GB1 | PCIN>>17+A*B  | 15     | 0      | -      | -      | 48     | 0    | 0    | -    | -    | -     | 0    | 0    | 
|batchdnn_pp_scheduler__GB1 | A*B           | 17     | 0      | -      | -      | 48     | 0    | 0    | -    | -    | -     | 0    | 0    | 
|batchdnn_pp_scheduler__GB1 | PCIN>>17+A*B  | 15     | 0      | -      | -      | 48     | 0    | 0    | -    | -    | -     | 0    | 0    | 
|batchdnn_pp_scheduler      | A*B           | 17     | 0      | -      | -      | 48     | 0    | 0    | -    | -    | -     | 0    | 0    | 
|batchdnn_pp_scheduler      | PCIN>>17+A*B  | 15     | 0      | -      | -      | 48     | 0    | 0    | -    | -    | -     | 0    | 0    | 
|batchdnn_pp_scheduler      | A*B           | 17     | 0      | -      | -      | 48     | 0    | 0    | -    | -    | -     | 0    | 0    | 
|batchdnn_pp_scheduler      | PCIN>>17+A*B  | 15     | 0      | -      | -      | 48     | 0    | 0    | -    | -    | -     | 0    | 0    | 
|batchdnn_pp_scheduler      | A*B           | 17     | 0      | -      | -      | 48     | 0    | 0    | -    | -    | -     | 0    | 0    | 
|batchdnn_pp_scheduler      | PCIN>>17+A*B  | 15     | 0      | -      | -      | 48     | 0    | 0    | -    | -    | -     | 0    | 0    | 
|batchdnn_pp_scheduler      | A*B           | 17     | 0      | -      | -      | 48     | 0    | 0    | -    | -    | -     | 0    | 0    | 
|batchdnn_pp_scheduler      | PCIN>>17+A*B  | 15     | 0      | -      | -      | 48     | 0    | 0    | -    | -    | -     | 0    | 0    | 
|batchdnn_pp_scheduler      | A*B           | 17     | 0      | -      | -      | 48     | 0    | 0    | -    | -    | -     | 0    | 0    | 
|batchdnn_pp_scheduler      | PCIN>>17+A*B  | 15     | 0      | -      | -      | 48     | 0    | 0    | -    | -    | -     | 0    | 0    | 
|batchdnn_pp_scheduler      | A*B           | 17     | 0      | -      | -      | 48     | 0    | 0    | -    | -    | -     | 0    | 0    | 
|batchdnn_pp_scheduler      | PCIN>>17+A*B  | 15     | 0      | -      | -      | 48     | 0    | 0    | -    | -    | -     | 0    | 0    | 
|batchdnn_pp_scheduler      | A*B           | 17     | 0      | -      | -      | 48     | 0    | 0    | -    | -    | -     | 0    | 0    | 
|batchdnn_pp_scheduler      | PCIN>>17+A*B  | 15     | 0      | -      | -      | 48     | 0    | 0    | -    | -    | -     | 0    | 0    | 
|batchdnn_pp_scheduler      | A*B           | 17     | 0      | -      | -      | 48     | 0    | 0    | -    | -    | -     | 0    | 0    | 
|batchdnn_pp_scheduler      | PCIN>>17+A*B  | 15     | 0      | -      | -      | 48     | 0    | 0    | -    | -    | -     | 0    | 0    | 
|batchdnn_pp_scheduler      | A*B           | 17     | 0      | -      | -      | 48     | 0    | 0    | -    | -    | -     | 0    | 0    | 
|batchdnn_pp_scheduler      | PCIN>>17+A*B  | 15     | 0      | -      | -      | 48     | 0    | 0    | -    | -    | -     | 0    | 0    | 
|batchdnn_pp_scheduler      | A*B           | 17     | 0      | -      | -      | 48     | 0    | 0    | -    | -    | -     | 0    | 0    | 
|batchdnn_pp_scheduler      | PCIN>>17+A*B  | 15     | 0      | -      | -      | 48     | 0    | 0    | -    | -    | -     | 0    | 0    | 
|batchdnn_pp_scheduler__GB4 | A*B           | 17     | 0      | -      | -      | 48     | 0    | 0    | -    | -    | -     | 0    | 0    | 
|batchdnn_pp_scheduler__GB4 | PCIN>>17+A*B  | 15     | 0      | -      | -      | 48     | 0    | 0    | -    | -    | -     | 0    | 0    | 
|batchdnn_pp_scheduler__GB4 | A*B           | 17     | 0      | -      | -      | 48     | 0    | 0    | -    | -    | -     | 0    | 0    | 
|batchdnn_pp_scheduler__GB4 | PCIN>>17+A*B  | 15     | 0      | -      | -      | 48     | 0    | 0    | -    | -    | -     | 0    | 0    | 
|batchdnn_pp_scheduler__GB4 | A*B           | 17     | 0      | -      | -      | 48     | 0    | 0    | -    | -    | -     | 0    | 0    | 
|batchdnn_pp_scheduler__GB4 | PCIN>>17+A*B  | 15     | 0      | -      | -      | 48     | 0    | 0    | -    | -    | -     | 0    | 0    | 
|batchdnn_pp_scheduler__GB4 | A*B           | 17     | 0      | -      | -      | 48     | 0    | 0    | -    | -    | -     | 0    | 0    | 
|batchdnn_pp_scheduler__GB4 | PCIN>>17+A*B  | 15     | 0      | -      | -      | 48     | 0    | 0    | -    | -    | -     | 0    | 0    | 
|batchdnn_pp_scheduler__GB4 | A*B           | 17     | 0      | -      | -      | 48     | 0    | 0    | -    | -    | -     | 0    | 0    | 
|batchdnn_pp_scheduler__GB4 | PCIN>>17+A*B  | 15     | 0      | -      | -      | 48     | 0    | 0    | -    | -    | -     | 0    | 0    | 
|batchdnn_pp_scheduler__GB4 | A*B           | 17     | 0      | -      | -      | 48     | 0    | 0    | -    | -    | -     | 0    | 0    | 
|batchdnn_pp_scheduler__GB4 | PCIN>>17+A*B  | 15     | 0      | -      | -      | 48     | 0    | 0    | -    | -    | -     | 0    | 0    | 
|batchdnn_pp_scheduler__GB4 | A*B           | 17     | 0      | -      | -      | 48     | 0    | 0    | -    | -    | -     | 0    | 0    | 
|batchdnn_pp_scheduler__GB4 | PCIN>>17+A*B  | 15     | 0      | -      | -      | 48     | 0    | 0    | -    | -    | -     | 0    | 0    | 
|batchdnn_pp_scheduler__GB7 | A*B           | 17     | 8      | -      | -      | 48     | 0    | 0    | -    | -    | -     | 0    | 0    | 
|batchdnn_pp_scheduler__GB7 | PCIN>>17+A*B  | 15     | 8      | -      | -      | 48     | 0    | 0    | -    | -    | -     | 0    | 0    | 
|batchdnn_pp_scheduler__GB7 | A*B'          | 17     | 8      | -      | -      | 48     | 0    | 1    | -    | -    | -     | 0    | 0    | 
|batchdnn_pp_scheduler__GB7 | PCIN>>17+A*B' | 15     | 8      | -      | -      | 48     | 0    | 1    | -    | -    | -     | 0    | 0    | 
|batchdnn_pp_scheduler__GB7 | A*B           | 17     | 0      | -      | -      | 48     | 0    | 0    | -    | -    | -     | 0    | 0    | 
|batchdnn_pp_scheduler__GB7 | PCIN>>17+A*B  | 15     | 0      | -      | -      | 48     | 0    | 0    | -    | -    | -     | 0    | 0    | 
|batchdnn_pp_scheduler__GB7 | A*B           | 17     | 0      | -      | -      | 48     | 0    | 0    | -    | -    | -     | 0    | 0    | 
|batchdnn_pp_scheduler__GB7 | PCIN>>17+A*B  | 15     | 0      | -      | -      | 48     | 0    | 0    | -    | -    | -     | 0    | 0    | 
|batchdnn_pp_scheduler__GB7 | A*B           | 17     | 0      | -      | -      | 48     | 0    | 0    | -    | -    | -     | 0    | 0    | 
|batchdnn_pp_scheduler__GB7 | PCIN>>17+A*B  | 15     | 0      | -      | -      | 48     | 0    | 0    | -    | -    | -     | 0    | 0    | 
|batchdnn_pp_scheduler__GB7 | A*B           | 17     | 0      | -      | -      | 48     | 0    | 0    | -    | -    | -     | 0    | 0    | 
|batchdnn_pp_scheduler__GB7 | PCIN>>17+A*B  | 15     | 0      | -      | -      | 48     | 0    | 0    | -    | -    | -     | 0    | 0    | 
|batchdnn_pp_scheduler__GB7 | A*B           | 17     | 0      | -      | -      | 48     | 0    | 0    | -    | -    | -     | 0    | 0    | 
|batchdnn_pp_scheduler__GB7 | PCIN>>17+A*B  | 15     | 0      | -      | -      | 48     | 0    | 0    | -    | -    | -     | 0    | 0    | 
|batchdnn_pp_scheduler__GB7 | A*B           | 17     | 0      | -      | -      | 48     | 0    | 0    | -    | -    | -     | 0    | 0    | 
|batchdnn_pp_scheduler__GB7 | PCIN>>17+A*B  | 15     | 0      | -      | -      | 48     | 0    | 0    | -    | -    | -     | 0    | 0    | 
|batchdnn_pp_scheduler__GB7 | A*B           | 17     | 0      | -      | -      | 48     | 0    | 0    | -    | -    | -     | 0    | 0    | 
|batchdnn_pp_scheduler__GB7 | PCIN>>17+A*B  | 15     | 0      | -      | -      | 48     | 0    | 0    | -    | -    | -     | 0    | 0    | 
+---------------------------+---------------+--------+--------+--------+--------+--------+------+------+------+------+-------+------+------+


Report BlackBoxes: 
+-+--------------+----------+
| |BlackBox name |Instances |
+-+--------------+----------+
+-+--------------+----------+

Report Cell Usage: 
+------+--------+------+
|      |Cell    |Count |
+------+--------+------+
|1     |CARRY4  |  1442|
|2     |DSP48E1 |    70|
|5     |LUT1    |   427|
|6     |LUT2    |  2014|
|7     |LUT3    |  3280|
|8     |LUT4    |  1808|
|9     |LUT5    |  2164|
|10    |LUT6    | 34778|
|11    |MUXF7   |  7895|
|12    |MUXF8   |   783|
|13    |FDCE    |  3723|
|14    |FDPE    |     3|
|15    |FDRE    |  1567|
+------+--------+------+
---------------------------------------------------------------------------------
Finished Writing Synthesis Report : Time (s): cpu = 00:08:30 ; elapsed = 00:08:10 . Memory (MB): peak = 6983.066 ; gain = 5193.047 ; free physical = 199 ; free virtual = 1624
---------------------------------------------------------------------------------
Synthesis finished with 0 errors, 290 critical warnings and 72 warnings.
Synthesis Optimization Runtime : Time (s): cpu = 00:08:27 ; elapsed = 00:08:13 . Memory (MB): peak = 6983.066 ; gain = 5106.180 ; free physical = 7934 ; free virtual = 11789
Synthesis Optimization Complete : Time (s): cpu = 00:08:31 ; elapsed = 00:08:16 . Memory (MB): peak = 6983.066 ; gain = 5193.047 ; free physical = 7937 ; free virtual = 11791
INFO: [Project 1-571] Translating synthesized netlist
Netlist sorting complete. Time (s): cpu = 00:00:00.33 ; elapsed = 00:00:00.33 . Memory (MB): peak = 6983.066 ; gain = 0.000 ; free physical = 7947 ; free virtual = 11801
INFO: [Netlist 29-17] Analyzing 10190 Unisim elements for replacement
INFO: [Netlist 29-28] Unisim Transformation completed in 0 CPU seconds
WARNING: [Netlist 29-101] Netlist 'batchdnn_pp_scheduler' is not ideal for floorplanning, since the cellview 'batchdnn_pp_scheduler' contains a large number of primitives.  Please consider enabling hierarchy in synthesis if you want to do floorplanning.
INFO: [Project 1-570] Preparing netlist for logic optimization
Parsing XDC File [/tmp/sched_synth_BATCHDNN_PP_7f2q1qva/c.xdc]
Finished Parsing XDC File [/tmp/sched_synth_BATCHDNN_PP_7f2q1qva/c.xdc]
INFO: [Opt 31-138] Pushed 0 inverter(s) to 0 load pin(s).
Netlist sorting complete. Time (s): cpu = 00:00:00.01 ; elapsed = 00:00:00.01 . Memory (MB): peak = 7027.168 ; gain = 0.000 ; free physical = 7905 ; free virtual = 11775
INFO: [Project 1-111] Unisim Transformation Summary:
No Unisim elements were transformed.

Synth Design complete | Checksum: 4767f6a3
INFO: [Common 17-83] Releasing license: Synthesis
235 Infos, 305 Warnings, 200 Critical Warnings and 0 Errors encountered.
synth_design completed successfully
synth_design: Time (s): cpu = 00:08:39 ; elapsed = 00:08:26 . Memory (MB): peak = 7027.203 ; gain = 5392.301 ; free physical = 7805 ; free virtual = 11675
INFO: [Common 17-2834] synth_design peak Physical Memory [PSS] (MB): overall = 10796.162; main = 5926.350; forked = 9271.443
INFO: [Common 17-2834] synth_design peak Virtual Memory [VSS] (MB): overall = 19863.781; main = 7027.172; forked = 17228.234
# opt_design
Command: opt_design
Attempting to get a license for feature 'Implementation' and/or device 'xc7a100t'
INFO: [Common 17-349] Got license for feature 'Implementation' and/or device 'xc7a100t'
Running DRC as a precondition to command opt_design

Starting DRC Task
INFO: [DRC 23-27] Running DRC with 8 threads
WARNING: [DRC 23-814] Not all possible (connectivity based) DRCs may have been run because this design is seen as Out of Context.
INFO: [Project 1-461] DRC finished with 0 Errors
INFO: [Project 1-462] Please refer to the DRC report (report_drc) for more information.

Time (s): cpu = 00:00:01 ; elapsed = 00:00:00.45 . Memory (MB): peak = 7027.203 ; gain = 0.000 ; free physical = 7789 ; free virtual = 11664

Starting Cache Timing Information Task
INFO: [Timing 38-35] Done setting XDC timing constraints.
Ending Cache Timing Information Task | Checksum: 202d2eadc

Time (s): cpu = 00:00:07 ; elapsed = 00:00:05 . Memory (MB): peak = 7027.203 ; gain = 0.000 ; free physical = 7721 ; free virtual = 11618

Starting Logic Optimization Task

Phase 1 Initialization

Phase 1.1 Core Generation And Design Setup
Phase 1.1 Core Generation And Design Setup | Checksum: 202d2eadc

Time (s): cpu = 00:00:00.02 ; elapsed = 00:00:00.02 . Memory (MB): peak = 7027.203 ; gain = 0.000 ; free physical = 7733 ; free virtual = 11631

Phase 1.2 Setup Constraints And Sort Netlist
Phase 1.2 Setup Constraints And Sort Netlist | Checksum: 202d2eadc

Time (s): cpu = 00:00:00.04 ; elapsed = 00:00:00.04 . Memory (MB): peak = 7027.203 ; gain = 0.000 ; free physical = 7733 ; free virtual = 11631
Phase 1 Initialization | Checksum: 202d2eadc

Time (s): cpu = 00:00:00.04 ; elapsed = 00:00:00.05 . Memory (MB): peak = 7027.203 ; gain = 0.000 ; free physical = 7733 ; free virtual = 11631

Phase 2 Timer Update And Timing Data Collection

Phase 2.1 Detect if minReqCache needed
Phase 2.1 Detect if minReqCache needed | Checksum: 202d2eadc

Time (s): cpu = 00:00:00.11 ; elapsed = 00:00:00.11 . Memory (MB): peak = 7027.203 ; gain = 0.000 ; free physical = 7733 ; free virtual = 11631

Phase 2.2 Timer Update
Phase 2.2 Timer Update | Checksum: 202d2eadc

Time (s): cpu = 00:00:00.15 ; elapsed = 00:00:00.15 . Memory (MB): peak = 7027.203 ; gain = 0.000 ; free physical = 7733 ; free virtual = 11631
Phase 2 Timer Update And Timing Data Collection | Checksum: 202d2eadc

Time (s): cpu = 00:00:00.15 ; elapsed = 00:00:00.16 . Memory (MB): peak = 7027.203 ; gain = 0.000 ; free physical = 7733 ; free virtual = 11631

Phase 3 Retarget
INFO: [Opt 31-1851] Number of loadless carry chains removed were: 0
INFO: [Opt 31-1834] Total Chains To Be Transformed Were: 0 AND Number of Transformed insts Created are: 0
INFO: [Opt 31-1566] Pulled 2 inverters resulting in an inversion of 170 pins
INFO: [Opt 31-138] Pushed 0 inverter(s) to 0 load pin(s).
INFO: [Opt 31-49] Retargeted 0 cell(s).
Phase 3 Retarget | Checksum: 2059bb011

Time (s): cpu = 00:00:00.96 ; elapsed = 00:00:00.98 . Memory (MB): peak = 7027.203 ; gain = 0.000 ; free physical = 7732 ; free virtual = 11630
Retarget | Checksum: 2059bb011
INFO: [Opt 31-389] Phase Retarget created 0 cells and removed 2 cells

Phase 4 Constant propagation
INFO: [Opt 31-138] Pushed 0 inverter(s) to 0 load pin(s).
Phase 4 Constant propagation | Checksum: 2795afd00

Time (s): cpu = 00:00:01 ; elapsed = 00:00:01 . Memory (MB): peak = 7027.203 ; gain = 0.000 ; free physical = 7732 ; free virtual = 11630
Constant propagation | Checksum: 2795afd00
INFO: [Opt 31-389] Phase Constant propagation created 0 cells and removed 0 cells

Phase 5 Sweep
INFO: [Constraints 18-11670] Building netlist checker database with flags, 0x8
Done building netlist checker database: Time (s): cpu = 00:00:00.01 ; elapsed = 00:00:00.01 . Memory (MB): peak = 7027.203 ; gain = 0.000 ; free physical = 7731 ; free virtual = 11630
Phase 5 Sweep | Checksum: 29e8d327d

Time (s): cpu = 00:00:02 ; elapsed = 00:00:02 . Memory (MB): peak = 7027.203 ; gain = 0.000 ; free physical = 7731 ; free virtual = 11630
Sweep | Checksum: 29e8d327d
INFO: [Opt 31-389] Phase Sweep created 0 cells and removed 0 cells

Phase 6 BUFG optimization
Phase 6 BUFG optimization | Checksum: 29e8d327d

Time (s): cpu = 00:00:02 ; elapsed = 00:00:02 . Memory (MB): peak = 7059.184 ; gain = 31.980 ; free physical = 7731 ; free virtual = 11630
BUFG optimization | Checksum: 29e8d327d
INFO: [Opt 31-662] Phase BUFG optimization created 0 cells of which 0 are BUFGs and removed 0 cells.

Phase 7 Shift Register Optimization
INFO: [Opt 31-1064] SRL Remap converted 0 SRLs to 0 registers and converted 0 registers of register chains to 0 SRLs
Phase 7 Shift Register Optimization | Checksum: 29e8d327d

Time (s): cpu = 00:00:02 ; elapsed = 00:00:02 . Memory (MB): peak = 7059.184 ; gain = 31.980 ; free physical = 7731 ; free virtual = 11630
Shift Register Optimization | Checksum: 29e8d327d
INFO: [Opt 31-389] Phase Shift Register Optimization created 0 cells and removed 0 cells

Phase 8 Post Processing Netlist
Phase 8 Post Processing Netlist | Checksum: 29e8d327d

Time (s): cpu = 00:00:02 ; elapsed = 00:00:02 . Memory (MB): peak = 7059.184 ; gain = 31.980 ; free physical = 7731 ; free virtual = 11630
Post Processing Netlist | Checksum: 29e8d327d
INFO: [Opt 31-389] Phase Post Processing Netlist created 0 cells and removed 0 cells

Phase 9 Finalization

Phase 9.1 Finalizing Design Cores and Updating Shapes
Phase 9.1 Finalizing Design Cores and Updating Shapes | Checksum: 31af0325a

Time (s): cpu = 00:00:03 ; elapsed = 00:00:03 . Memory (MB): peak = 7059.184 ; gain = 31.980 ; free physical = 7731 ; free virtual = 11630

Phase 9.2 Verifying Netlist Connectivity

Starting Connectivity Check Task

Time (s): cpu = 00:00:00.07 ; elapsed = 00:00:00.07 . Memory (MB): peak = 7059.184 ; gain = 0.000 ; free physical = 7732 ; free virtual = 11631
Phase 9.2 Verifying Netlist Connectivity | Checksum: 31af0325a

Time (s): cpu = 00:00:03 ; elapsed = 00:00:03 . Memory (MB): peak = 7059.184 ; gain = 31.980 ; free physical = 7732 ; free virtual = 11631
Phase 9 Finalization | Checksum: 31af0325a

Time (s): cpu = 00:00:03 ; elapsed = 00:00:03 . Memory (MB): peak = 7059.184 ; gain = 31.980 ; free physical = 7732 ; free virtual = 11631
Opt_design Change Summary
=========================


-------------------------------------------------------------------------------------------------------------------------
|  Phase                        |  #Cells created  |  #Cells Removed  |  #Constrained objects preventing optimizations  |
-------------------------------------------------------------------------------------------------------------------------
|  Retarget                     |               0  |               2  |                                              0  |
|  Constant propagation         |               0  |               0  |                                              0  |
|  Sweep                        |               0  |               0  |                                              0  |
|  BUFG optimization            |               0  |               0  |                                              0  |
|  Shift Register Optimization  |               0  |               0  |                                              0  |
|  Post Processing Netlist      |               0  |               0  |                                              0  |
-------------------------------------------------------------------------------------------------------------------------


Ending Logic Optimization Task | Checksum: 31af0325a

Time (s): cpu = 00:00:03 ; elapsed = 00:00:03 . Memory (MB): peak = 7059.184 ; gain = 31.980 ; free physical = 7732 ; free virtual = 11631

Starting Power Optimization Task
INFO: [Pwropt 34-132] Skipping clock gating for clocks with a period < 2.00 ns.
Ending Power Optimization Task | Checksum: 31af0325a

Time (s): cpu = 00:00:00.02 ; elapsed = 00:00:00.02 . Memory (MB): peak = 7059.184 ; gain = 0.000 ; free physical = 7731 ; free virtual = 11631

Starting Final Cleanup Task
Ending Final Cleanup Task | Checksum: 31af0325a

Time (s): cpu = 00:00:00 ; elapsed = 00:00:00.01 . Memory (MB): peak = 7059.184 ; gain = 0.000 ; free physical = 7731 ; free virtual = 11631
Netlist sorting complete. Time (s): cpu = 00:00:00.02 ; elapsed = 00:00:00.01 . Memory (MB): peak = 7059.184 ; gain = 0.000 ; free physical = 7731 ; free virtual = 11631
INFO: [Common 17-83] Releasing license: Implementation
21 Infos, 1 Warnings, 0 Critical Warnings and 0 Errors encountered.
opt_design completed successfully
opt_design: Time (s): cpu = 00:00:12 ; elapsed = 00:00:10 . Memory (MB): peak = 7059.184 ; gain = 31.980 ; free physical = 7731 ; free virtual = 11631
# report_utilization    -file util.rpt
# report_power          -file power.rpt
Command: report_power -file power.rpt
INFO: [Timing 38-35] Done setting XDC timing constraints.
Running Vector-less Activity Propagation...
WARNING: [Timing 38-242] The property HD.CLK_SRC of clock port "clk" is not set. In out-of-context mode, this prevents timing estimation for clock delay/skew
Resolution: Set the HD.CLK_SRC property of the out-of-context port to the location of the clock buffer instance in the top-level design

Finished Running Vector-less Activity Propagation
1 Infos, 1 Warnings, 0 Critical Warnings and 0 Errors encountered.
report_power completed successfully
report_power: Time (s): cpu = 00:00:52 ; elapsed = 00:00:19 . Memory (MB): peak = 7099.203 ; gain = 40.020 ; free physical = 7713 ; free virtual = 11643
# report_timing_summary -file timing.rpt
INFO: [Timing 38-91] UpdateTimingParams: Speed grade: -1, Delay Type: min_max.
INFO: [Timing 38-191] Multithreading enabled for timing update using a maximum of 8 CPUs
# puts "SCHED_PROBE_OK"
SCHED_PROBE_OK
# exit 0
INFO: [Common 17-206] Exiting Vivado at Tue Jul 28 17:31:54 2026...
