
****** Vivado v2025.2 (64-bit)
  **** SW Build 6299465 on Fri Nov 14 12:34:56 MST 2025
  **** IP Build 6300035 on Fri Nov 14 10:48:45 MST 2025
  **** SharedData Build 6298862 on Thu Nov 13 04:50:51 MST 2025
  **** Start of session at: Tue Jul 28 17:09:31 2026
    ** Copyright 1986-2022 Xilinx, Inc. All Rights Reserved.
    ** Copyright 2022-2025 Advanced Micro Devices, Inc. All Rights Reserved.

source run.tcl
# create_project -part xc7a100tcsg324-1 -in_memory sched_probe
# read_verilog -sv batchdnn_scheduler.sv
# read_xdc c.xdc
# synth_design -top batchdnn_scheduler -part xc7a100tcsg324-1 -mode out_of_context 
Command: synth_design -top batchdnn_scheduler -part xc7a100tcsg324-1 -mode out_of_context
Starting synth_design
Attempting to get a license for feature 'Synthesis' and/or device 'xc7a100t'
INFO: [Common 17-349] Got license for feature 'Synthesis' and/or device 'xc7a100t'
INFO: [Device 21-403] Loading part xc7a100tcsg324-1
INFO: [Synth 8-7079] Multithreading enabled for synth_design using a maximum of 7 processes.
INFO: [Synth 8-7078] Launching helper process for spawning children vivado processes
INFO: [Synth 8-7075] Helper process launched with PID 50421
---------------------------------------------------------------------------------
Starting RTL Elaboration : Time (s): cpu = 00:00:03 ; elapsed = 00:00:03 . Memory (MB): peak = 2278.242 ; gain = 480.188 ; free physical = 7418 ; free virtual = 13121
---------------------------------------------------------------------------------
INFO: [Synth 8-6157] synthesizing module 'batchdnn_scheduler' [/tmp/sched_synth_BATCHDNN_eewmtf9d/batchdnn_scheduler.sv:23]
INFO: [Synth 8-6155] done synthesizing module 'batchdnn_scheduler' (0#1) [/tmp/sched_synth_BATCHDNN_eewmtf9d/batchdnn_scheduler.sv:23]
WARNING: [Synth 8-6014] Unused sequential element sched_table_reg[31][initial_batch] was removed.  [/tmp/sched_synth_BATCHDNN_eewmtf9d/batchdnn_scheduler.sv:196]
WARNING: [Synth 8-6014] Unused sequential element sched_table_reg[30][initial_batch] was removed.  [/tmp/sched_synth_BATCHDNN_eewmtf9d/batchdnn_scheduler.sv:196]
WARNING: [Synth 8-6014] Unused sequential element sched_table_reg[29][initial_batch] was removed.  [/tmp/sched_synth_BATCHDNN_eewmtf9d/batchdnn_scheduler.sv:196]
WARNING: [Synth 8-6014] Unused sequential element sched_table_reg[28][initial_batch] was removed.  [/tmp/sched_synth_BATCHDNN_eewmtf9d/batchdnn_scheduler.sv:196]
WARNING: [Synth 8-6014] Unused sequential element sched_table_reg[27][initial_batch] was removed.  [/tmp/sched_synth_BATCHDNN_eewmtf9d/batchdnn_scheduler.sv:196]
WARNING: [Synth 8-6014] Unused sequential element sched_table_reg[26][initial_batch] was removed.  [/tmp/sched_synth_BATCHDNN_eewmtf9d/batchdnn_scheduler.sv:196]
WARNING: [Synth 8-6014] Unused sequential element sched_table_reg[25][initial_batch] was removed.  [/tmp/sched_synth_BATCHDNN_eewmtf9d/batchdnn_scheduler.sv:196]
WARNING: [Synth 8-6014] Unused sequential element sched_table_reg[24][initial_batch] was removed.  [/tmp/sched_synth_BATCHDNN_eewmtf9d/batchdnn_scheduler.sv:196]
WARNING: [Synth 8-6014] Unused sequential element sched_table_reg[23][initial_batch] was removed.  [/tmp/sched_synth_BATCHDNN_eewmtf9d/batchdnn_scheduler.sv:196]
WARNING: [Synth 8-6014] Unused sequential element sched_table_reg[22][initial_batch] was removed.  [/tmp/sched_synth_BATCHDNN_eewmtf9d/batchdnn_scheduler.sv:196]
WARNING: [Synth 8-6014] Unused sequential element sched_table_reg[21][initial_batch] was removed.  [/tmp/sched_synth_BATCHDNN_eewmtf9d/batchdnn_scheduler.sv:196]
WARNING: [Synth 8-6014] Unused sequential element sched_table_reg[20][initial_batch] was removed.  [/tmp/sched_synth_BATCHDNN_eewmtf9d/batchdnn_scheduler.sv:196]
WARNING: [Synth 8-6014] Unused sequential element sched_table_reg[19][initial_batch] was removed.  [/tmp/sched_synth_BATCHDNN_eewmtf9d/batchdnn_scheduler.sv:196]
WARNING: [Synth 8-6014] Unused sequential element sched_table_reg[18][initial_batch] was removed.  [/tmp/sched_synth_BATCHDNN_eewmtf9d/batchdnn_scheduler.sv:196]
WARNING: [Synth 8-6014] Unused sequential element sched_table_reg[17][initial_batch] was removed.  [/tmp/sched_synth_BATCHDNN_eewmtf9d/batchdnn_scheduler.sv:196]
WARNING: [Synth 8-6014] Unused sequential element sched_table_reg[16][initial_batch] was removed.  [/tmp/sched_synth_BATCHDNN_eewmtf9d/batchdnn_scheduler.sv:196]
WARNING: [Synth 8-6014] Unused sequential element sched_table_reg[15][initial_batch] was removed.  [/tmp/sched_synth_BATCHDNN_eewmtf9d/batchdnn_scheduler.sv:196]
WARNING: [Synth 8-6014] Unused sequential element sched_table_reg[14][initial_batch] was removed.  [/tmp/sched_synth_BATCHDNN_eewmtf9d/batchdnn_scheduler.sv:196]
WARNING: [Synth 8-6014] Unused sequential element sched_table_reg[13][initial_batch] was removed.  [/tmp/sched_synth_BATCHDNN_eewmtf9d/batchdnn_scheduler.sv:196]
WARNING: [Synth 8-6014] Unused sequential element sched_table_reg[12][initial_batch] was removed.  [/tmp/sched_synth_BATCHDNN_eewmtf9d/batchdnn_scheduler.sv:196]
WARNING: [Synth 8-6014] Unused sequential element sched_table_reg[11][initial_batch] was removed.  [/tmp/sched_synth_BATCHDNN_eewmtf9d/batchdnn_scheduler.sv:196]
WARNING: [Synth 8-6014] Unused sequential element sched_table_reg[10][initial_batch] was removed.  [/tmp/sched_synth_BATCHDNN_eewmtf9d/batchdnn_scheduler.sv:196]
WARNING: [Synth 8-6014] Unused sequential element sched_table_reg[9][initial_batch] was removed.  [/tmp/sched_synth_BATCHDNN_eewmtf9d/batchdnn_scheduler.sv:196]
WARNING: [Synth 8-6014] Unused sequential element sched_table_reg[8][initial_batch] was removed.  [/tmp/sched_synth_BATCHDNN_eewmtf9d/batchdnn_scheduler.sv:196]
WARNING: [Synth 8-6014] Unused sequential element sched_table_reg[7][initial_batch] was removed.  [/tmp/sched_synth_BATCHDNN_eewmtf9d/batchdnn_scheduler.sv:196]
WARNING: [Synth 8-6014] Unused sequential element sched_table_reg[6][initial_batch] was removed.  [/tmp/sched_synth_BATCHDNN_eewmtf9d/batchdnn_scheduler.sv:196]
WARNING: [Synth 8-6014] Unused sequential element sched_table_reg[5][initial_batch] was removed.  [/tmp/sched_synth_BATCHDNN_eewmtf9d/batchdnn_scheduler.sv:196]
WARNING: [Synth 8-6014] Unused sequential element sched_table_reg[4][initial_batch] was removed.  [/tmp/sched_synth_BATCHDNN_eewmtf9d/batchdnn_scheduler.sv:196]
WARNING: [Synth 8-6014] Unused sequential element sched_table_reg[3][initial_batch] was removed.  [/tmp/sched_synth_BATCHDNN_eewmtf9d/batchdnn_scheduler.sv:196]
WARNING: [Synth 8-6014] Unused sequential element sched_table_reg[2][initial_batch] was removed.  [/tmp/sched_synth_BATCHDNN_eewmtf9d/batchdnn_scheduler.sv:196]
WARNING: [Synth 8-6014] Unused sequential element sched_table_reg[1][initial_batch] was removed.  [/tmp/sched_synth_BATCHDNN_eewmtf9d/batchdnn_scheduler.sv:196]
WARNING: [Synth 8-6014] Unused sequential element sched_table_reg[0][initial_batch] was removed.  [/tmp/sched_synth_BATCHDNN_eewmtf9d/batchdnn_scheduler.sv:196]
WARNING: [Synth 8-6014] Unused sequential element total_layers_reg was removed.  [/tmp/sched_synth_BATCHDNN_eewmtf9d/batchdnn_scheduler.sv:202]
WARNING: [Synth 8-6014] Unused sequential element mem_cycle_ctr_reg was removed.  [/tmp/sched_synth_BATCHDNN_eewmtf9d/batchdnn_scheduler.sv:240]
WARNING: [Synth 8-7137] Register mt_active_layer_reg in module batchdnn_scheduler has both Set and reset with same priority. This may cause simulation mismatches. Consider rewriting code  [/tmp/sched_synth_BATCHDNN_eewmtf9d/batchdnn_scheduler.sv:310]
WARNING: [Synth 8-7137] Register mt_layer_id_reg in module batchdnn_scheduler has both Set and reset with same priority. This may cause simulation mismatches. Consider rewriting code  [/tmp/sched_synth_BATCHDNN_eewmtf9d/batchdnn_scheduler.sv:312]
WARNING: [Synth 8-7137] Register mt_dnn_id_reg in module batchdnn_scheduler has both Set and reset with same priority. This may cause simulation mismatches. Consider rewriting code  [/tmp/sched_synth_BATCHDNN_eewmtf9d/batchdnn_scheduler.sv:313]
WARNING: [Synth 8-7137] Register ct_cq_reg in module batchdnn_scheduler has both Set and reset with same priority. This may cause simulation mismatches. Consider rewriting code 
WARNING: [Synth 8-7137] Register sct_q_reg in module batchdnn_scheduler has both Set and reset with same priority. This may cause simulation mismatches. Consider rewriting code 
WARNING: [Synth 8-7137] Register sct_batch_reg in module batchdnn_scheduler has both Set and reset with same priority. This may cause simulation mismatches. Consider rewriting code 
WARNING: [Synth 8-7137] Register sb_stack_reg[3][15][layer_idx] in module batchdnn_scheduler has both Set and reset with same priority. This may cause simulation mismatches. Consider rewriting code  [/tmp/sched_synth_BATCHDNN_eewmtf9d/batchdnn_scheduler.sv:384]
WARNING: [Synth 8-7137] Register sb_stack_reg[3][15][batch_size] in module batchdnn_scheduler has both Set and reset with same priority. This may cause simulation mismatches. Consider rewriting code  [/tmp/sched_synth_BATCHDNN_eewmtf9d/batchdnn_scheduler.sv:384]
WARNING: [Synth 8-7137] Register sb_stack_reg[3][14][layer_idx] in module batchdnn_scheduler has both Set and reset with same priority. This may cause simulation mismatches. Consider rewriting code  [/tmp/sched_synth_BATCHDNN_eewmtf9d/batchdnn_scheduler.sv:384]
WARNING: [Synth 8-7137] Register sb_stack_reg[3][14][batch_size] in module batchdnn_scheduler has both Set and reset with same priority. This may cause simulation mismatches. Consider rewriting code  [/tmp/sched_synth_BATCHDNN_eewmtf9d/batchdnn_scheduler.sv:384]
WARNING: [Synth 8-7137] Register sb_stack_reg[3][13][layer_idx] in module batchdnn_scheduler has both Set and reset with same priority. This may cause simulation mismatches. Consider rewriting code  [/tmp/sched_synth_BATCHDNN_eewmtf9d/batchdnn_scheduler.sv:384]
WARNING: [Synth 8-7137] Register sb_stack_reg[3][13][batch_size] in module batchdnn_scheduler has both Set and reset with same priority. This may cause simulation mismatches. Consider rewriting code  [/tmp/sched_synth_BATCHDNN_eewmtf9d/batchdnn_scheduler.sv:384]
WARNING: [Synth 8-7137] Register sb_stack_reg[3][12][layer_idx] in module batchdnn_scheduler has both Set and reset with same priority. This may cause simulation mismatches. Consider rewriting code  [/tmp/sched_synth_BATCHDNN_eewmtf9d/batchdnn_scheduler.sv:384]
WARNING: [Synth 8-7137] Register sb_stack_reg[3][12][batch_size] in module batchdnn_scheduler has both Set and reset with same priority. This may cause simulation mismatches. Consider rewriting code  [/tmp/sched_synth_BATCHDNN_eewmtf9d/batchdnn_scheduler.sv:384]
WARNING: [Synth 8-7137] Register sb_stack_reg[3][11][layer_idx] in module batchdnn_scheduler has both Set and reset with same priority. This may cause simulation mismatches. Consider rewriting code  [/tmp/sched_synth_BATCHDNN_eewmtf9d/batchdnn_scheduler.sv:384]
WARNING: [Synth 8-7137] Register sb_stack_reg[3][11][batch_size] in module batchdnn_scheduler has both Set and reset with same priority. This may cause simulation mismatches. Consider rewriting code  [/tmp/sched_synth_BATCHDNN_eewmtf9d/batchdnn_scheduler.sv:384]
WARNING: [Synth 8-7137] Register sb_stack_reg[3][10][layer_idx] in module batchdnn_scheduler has both Set and reset with same priority. This may cause simulation mismatches. Consider rewriting code  [/tmp/sched_synth_BATCHDNN_eewmtf9d/batchdnn_scheduler.sv:384]
WARNING: [Synth 8-7137] Register sb_stack_reg[3][10][batch_size] in module batchdnn_scheduler has both Set and reset with same priority. This may cause simulation mismatches. Consider rewriting code  [/tmp/sched_synth_BATCHDNN_eewmtf9d/batchdnn_scheduler.sv:384]
WARNING: [Synth 8-7137] Register sb_stack_reg[3][9][layer_idx] in module batchdnn_scheduler has both Set and reset with same priority. This may cause simulation mismatches. Consider rewriting code  [/tmp/sched_synth_BATCHDNN_eewmtf9d/batchdnn_scheduler.sv:384]
WARNING: [Synth 8-7137] Register sb_stack_reg[3][9][batch_size] in module batchdnn_scheduler has both Set and reset with same priority. This may cause simulation mismatches. Consider rewriting code  [/tmp/sched_synth_BATCHDNN_eewmtf9d/batchdnn_scheduler.sv:384]
WARNING: [Synth 8-7137] Register sb_stack_reg[3][8][layer_idx] in module batchdnn_scheduler has both Set and reset with same priority. This may cause simulation mismatches. Consider rewriting code  [/tmp/sched_synth_BATCHDNN_eewmtf9d/batchdnn_scheduler.sv:384]
WARNING: [Synth 8-7137] Register sb_stack_reg[3][8][batch_size] in module batchdnn_scheduler has both Set and reset with same priority. This may cause simulation mismatches. Consider rewriting code  [/tmp/sched_synth_BATCHDNN_eewmtf9d/batchdnn_scheduler.sv:384]
WARNING: [Synth 8-7137] Register sb_stack_reg[3][7][layer_idx] in module batchdnn_scheduler has both Set and reset with same priority. This may cause simulation mismatches. Consider rewriting code  [/tmp/sched_synth_BATCHDNN_eewmtf9d/batchdnn_scheduler.sv:384]
WARNING: [Synth 8-7137] Register sb_stack_reg[3][7][batch_size] in module batchdnn_scheduler has both Set and reset with same priority. This may cause simulation mismatches. Consider rewriting code  [/tmp/sched_synth_BATCHDNN_eewmtf9d/batchdnn_scheduler.sv:384]
WARNING: [Synth 8-7137] Register sb_stack_reg[3][6][layer_idx] in module batchdnn_scheduler has both Set and reset with same priority. This may cause simulation mismatches. Consider rewriting code  [/tmp/sched_synth_BATCHDNN_eewmtf9d/batchdnn_scheduler.sv:384]
WARNING: [Synth 8-7137] Register sb_stack_reg[3][6][batch_size] in module batchdnn_scheduler has both Set and reset with same priority. This may cause simulation mismatches. Consider rewriting code  [/tmp/sched_synth_BATCHDNN_eewmtf9d/batchdnn_scheduler.sv:384]
WARNING: [Synth 8-7137] Register sb_stack_reg[3][5][layer_idx] in module batchdnn_scheduler has both Set and reset with same priority. This may cause simulation mismatches. Consider rewriting code  [/tmp/sched_synth_BATCHDNN_eewmtf9d/batchdnn_scheduler.sv:384]
WARNING: [Synth 8-7137] Register sb_stack_reg[3][5][batch_size] in module batchdnn_scheduler has both Set and reset with same priority. This may cause simulation mismatches. Consider rewriting code  [/tmp/sched_synth_BATCHDNN_eewmtf9d/batchdnn_scheduler.sv:384]
WARNING: [Synth 8-7137] Register sb_stack_reg[3][4][layer_idx] in module batchdnn_scheduler has both Set and reset with same priority. This may cause simulation mismatches. Consider rewriting code  [/tmp/sched_synth_BATCHDNN_eewmtf9d/batchdnn_scheduler.sv:384]
WARNING: [Synth 8-7137] Register sb_stack_reg[3][4][batch_size] in module batchdnn_scheduler has both Set and reset with same priority. This may cause simulation mismatches. Consider rewriting code  [/tmp/sched_synth_BATCHDNN_eewmtf9d/batchdnn_scheduler.sv:384]
WARNING: [Synth 8-7137] Register sb_stack_reg[3][3][layer_idx] in module batchdnn_scheduler has both Set and reset with same priority. This may cause simulation mismatches. Consider rewriting code  [/tmp/sched_synth_BATCHDNN_eewmtf9d/batchdnn_scheduler.sv:384]
WARNING: [Synth 8-7137] Register sb_stack_reg[3][3][batch_size] in module batchdnn_scheduler has both Set and reset with same priority. This may cause simulation mismatches. Consider rewriting code  [/tmp/sched_synth_BATCHDNN_eewmtf9d/batchdnn_scheduler.sv:384]
WARNING: [Synth 8-7137] Register sb_stack_reg[3][2][layer_idx] in module batchdnn_scheduler has both Set and reset with same priority. This may cause simulation mismatches. Consider rewriting code  [/tmp/sched_synth_BATCHDNN_eewmtf9d/batchdnn_scheduler.sv:384]
WARNING: [Synth 8-7137] Register sb_stack_reg[3][2][batch_size] in module batchdnn_scheduler has both Set and reset with same priority. This may cause simulation mismatches. Consider rewriting code  [/tmp/sched_synth_BATCHDNN_eewmtf9d/batchdnn_scheduler.sv:384]
WARNING: [Synth 8-7137] Register sb_stack_reg[3][1][layer_idx] in module batchdnn_scheduler has both Set and reset with same priority. This may cause simulation mismatches. Consider rewriting code  [/tmp/sched_synth_BATCHDNN_eewmtf9d/batchdnn_scheduler.sv:384]
WARNING: [Synth 8-7137] Register sb_stack_reg[3][1][batch_size] in module batchdnn_scheduler has both Set and reset with same priority. This may cause simulation mismatches. Consider rewriting code  [/tmp/sched_synth_BATCHDNN_eewmtf9d/batchdnn_scheduler.sv:384]
WARNING: [Synth 8-7137] Register sb_stack_reg[3][0][layer_idx] in module batchdnn_scheduler has both Set and reset with same priority. This may cause simulation mismatches. Consider rewriting code  [/tmp/sched_synth_BATCHDNN_eewmtf9d/batchdnn_scheduler.sv:384]
WARNING: [Synth 8-7137] Register sb_stack_reg[3][0][batch_size] in module batchdnn_scheduler has both Set and reset with same priority. This may cause simulation mismatches. Consider rewriting code  [/tmp/sched_synth_BATCHDNN_eewmtf9d/batchdnn_scheduler.sv:384]
WARNING: [Synth 8-7137] Register sb_stack_reg[2][15][layer_idx] in module batchdnn_scheduler has both Set and reset with same priority. This may cause simulation mismatches. Consider rewriting code  [/tmp/sched_synth_BATCHDNN_eewmtf9d/batchdnn_scheduler.sv:384]
WARNING: [Synth 8-7137] Register sb_stack_reg[2][15][batch_size] in module batchdnn_scheduler has both Set and reset with same priority. This may cause simulation mismatches. Consider rewriting code  [/tmp/sched_synth_BATCHDNN_eewmtf9d/batchdnn_scheduler.sv:384]
WARNING: [Synth 8-7137] Register sb_stack_reg[2][14][layer_idx] in module batchdnn_scheduler has both Set and reset with same priority. This may cause simulation mismatches. Consider rewriting code  [/tmp/sched_synth_BATCHDNN_eewmtf9d/batchdnn_scheduler.sv:384]
WARNING: [Synth 8-7137] Register sb_stack_reg[2][14][batch_size] in module batchdnn_scheduler has both Set and reset with same priority. This may cause simulation mismatches. Consider rewriting code  [/tmp/sched_synth_BATCHDNN_eewmtf9d/batchdnn_scheduler.sv:384]
WARNING: [Synth 8-7137] Register sb_stack_reg[2][13][layer_idx] in module batchdnn_scheduler has both Set and reset with same priority. This may cause simulation mismatches. Consider rewriting code  [/tmp/sched_synth_BATCHDNN_eewmtf9d/batchdnn_scheduler.sv:384]
WARNING: [Synth 8-7137] Register sb_stack_reg[2][13][batch_size] in module batchdnn_scheduler has both Set and reset with same priority. This may cause simulation mismatches. Consider rewriting code  [/tmp/sched_synth_BATCHDNN_eewmtf9d/batchdnn_scheduler.sv:384]
WARNING: [Synth 8-7137] Register sb_stack_reg[2][12][layer_idx] in module batchdnn_scheduler has both Set and reset with same priority. This may cause simulation mismatches. Consider rewriting code  [/tmp/sched_synth_BATCHDNN_eewmtf9d/batchdnn_scheduler.sv:384]
WARNING: [Synth 8-7137] Register sb_stack_reg[2][12][batch_size] in module batchdnn_scheduler has both Set and reset with same priority. This may cause simulation mismatches. Consider rewriting code  [/tmp/sched_synth_BATCHDNN_eewmtf9d/batchdnn_scheduler.sv:384]
WARNING: [Synth 8-7137] Register sb_stack_reg[2][11][layer_idx] in module batchdnn_scheduler has both Set and reset with same priority. This may cause simulation mismatches. Consider rewriting code  [/tmp/sched_synth_BATCHDNN_eewmtf9d/batchdnn_scheduler.sv:384]
WARNING: [Synth 8-7137] Register sb_stack_reg[2][11][batch_size] in module batchdnn_scheduler has both Set and reset with same priority. This may cause simulation mismatches. Consider rewriting code  [/tmp/sched_synth_BATCHDNN_eewmtf9d/batchdnn_scheduler.sv:384]
WARNING: [Synth 8-7137] Register sb_stack_reg[2][10][layer_idx] in module batchdnn_scheduler has both Set and reset with same priority. This may cause simulation mismatches. Consider rewriting code  [/tmp/sched_synth_BATCHDNN_eewmtf9d/batchdnn_scheduler.sv:384]
WARNING: [Synth 8-7137] Register sb_stack_reg[2][10][batch_size] in module batchdnn_scheduler has both Set and reset with same priority. This may cause simulation mismatches. Consider rewriting code  [/tmp/sched_synth_BATCHDNN_eewmtf9d/batchdnn_scheduler.sv:384]
WARNING: [Synth 8-7137] Register sb_stack_reg[2][9][layer_idx] in module batchdnn_scheduler has both Set and reset with same priority. This may cause simulation mismatches. Consider rewriting code  [/tmp/sched_synth_BATCHDNN_eewmtf9d/batchdnn_scheduler.sv:384]
WARNING: [Synth 8-7137] Register sb_stack_reg[2][9][batch_size] in module batchdnn_scheduler has both Set and reset with same priority. This may cause simulation mismatches. Consider rewriting code  [/tmp/sched_synth_BATCHDNN_eewmtf9d/batchdnn_scheduler.sv:384]
WARNING: [Synth 8-7137] Register sb_stack_reg[2][8][layer_idx] in module batchdnn_scheduler has both Set and reset with same priority. This may cause simulation mismatches. Consider rewriting code  [/tmp/sched_synth_BATCHDNN_eewmtf9d/batchdnn_scheduler.sv:384]
WARNING: [Synth 8-7137] Register sb_stack_reg[2][8][batch_size] in module batchdnn_scheduler has both Set and reset with same priority. This may cause simulation mismatches. Consider rewriting code  [/tmp/sched_synth_BATCHDNN_eewmtf9d/batchdnn_scheduler.sv:384]
WARNING: [Synth 8-7137] Register sb_stack_reg[2][7][layer_idx] in module batchdnn_scheduler has both Set and reset with same priority. This may cause simulation mismatches. Consider rewriting code  [/tmp/sched_synth_BATCHDNN_eewmtf9d/batchdnn_scheduler.sv:384]
WARNING: [Synth 8-7137] Register sb_stack_reg[2][7][batch_size] in module batchdnn_scheduler has both Set and reset with same priority. This may cause simulation mismatches. Consider rewriting code  [/tmp/sched_synth_BATCHDNN_eewmtf9d/batchdnn_scheduler.sv:384]
WARNING: [Synth 8-7137] Register sb_stack_reg[2][6][layer_idx] in module batchdnn_scheduler has both Set and reset with same priority. This may cause simulation mismatches. Consider rewriting code  [/tmp/sched_synth_BATCHDNN_eewmtf9d/batchdnn_scheduler.sv:384]
WARNING: [Synth 8-7137] Register sb_stack_reg[2][6][batch_size] in module batchdnn_scheduler has both Set and reset with same priority. This may cause simulation mismatches. Consider rewriting code  [/tmp/sched_synth_BATCHDNN_eewmtf9d/batchdnn_scheduler.sv:384]
WARNING: [Synth 8-7137] Register sb_stack_reg[2][5][layer_idx] in module batchdnn_scheduler has both Set and reset with same priority. This may cause simulation mismatches. Consider rewriting code  [/tmp/sched_synth_BATCHDNN_eewmtf9d/batchdnn_scheduler.sv:384]
WARNING: [Synth 8-7137] Register sb_stack_reg[2][5][batch_size] in module batchdnn_scheduler has both Set and reset with same priority. This may cause simulation mismatches. Consider rewriting code  [/tmp/sched_synth_BATCHDNN_eewmtf9d/batchdnn_scheduler.sv:384]
WARNING: [Synth 8-7137] Register sb_stack_reg[2][4][layer_idx] in module batchdnn_scheduler has both Set and reset with same priority. This may cause simulation mismatches. Consider rewriting code  [/tmp/sched_synth_BATCHDNN_eewmtf9d/batchdnn_scheduler.sv:384]
WARNING: [Synth 8-7137] Register sb_stack_reg[2][4][batch_size] in module batchdnn_scheduler has both Set and reset with same priority. This may cause simulation mismatches. Consider rewriting code  [/tmp/sched_synth_BATCHDNN_eewmtf9d/batchdnn_scheduler.sv:384]
WARNING: [Synth 8-7137] Register sb_stack_reg[2][3][layer_idx] in module batchdnn_scheduler has both Set and reset with same priority. This may cause simulation mismatches. Consider rewriting code  [/tmp/sched_synth_BATCHDNN_eewmtf9d/batchdnn_scheduler.sv:384]
WARNING: [Synth 8-7137] Register sb_stack_reg[2][3][batch_size] in module batchdnn_scheduler has both Set and reset with same priority. This may cause simulation mismatches. Consider rewriting code  [/tmp/sched_synth_BATCHDNN_eewmtf9d/batchdnn_scheduler.sv:384]
WARNING: [Synth 8-7137] Register sb_stack_reg[2][2][layer_idx] in module batchdnn_scheduler has both Set and reset with same priority. This may cause simulation mismatches. Consider rewriting code  [/tmp/sched_synth_BATCHDNN_eewmtf9d/batchdnn_scheduler.sv:384]
WARNING: [Synth 8-7137] Register sb_stack_reg[2][2][batch_size] in module batchdnn_scheduler has both Set and reset with same priority. This may cause simulation mismatches. Consider rewriting code  [/tmp/sched_synth_BATCHDNN_eewmtf9d/batchdnn_scheduler.sv:384]
WARNING: [Synth 8-7137] Register sb_stack_reg[2][1][layer_idx] in module batchdnn_scheduler has both Set and reset with same priority. This may cause simulation mismatches. Consider rewriting code  [/tmp/sched_synth_BATCHDNN_eewmtf9d/batchdnn_scheduler.sv:384]
WARNING: [Synth 8-7137] Register sb_stack_reg[2][1][batch_size] in module batchdnn_scheduler has both Set and reset with same priority. This may cause simulation mismatches. Consider rewriting code  [/tmp/sched_synth_BATCHDNN_eewmtf9d/batchdnn_scheduler.sv:384]
WARNING: [Synth 8-7137] Register sb_stack_reg[2][0][layer_idx] in module batchdnn_scheduler has both Set and reset with same priority. This may cause simulation mismatches. Consider rewriting code  [/tmp/sched_synth_BATCHDNN_eewmtf9d/batchdnn_scheduler.sv:384]
WARNING: [Synth 8-7137] Register sb_stack_reg[2][0][batch_size] in module batchdnn_scheduler has both Set and reset with same priority. This may cause simulation mismatches. Consider rewriting code  [/tmp/sched_synth_BATCHDNN_eewmtf9d/batchdnn_scheduler.sv:384]
WARNING: [Synth 8-7137] Register sb_stack_reg[1][15][layer_idx] in module batchdnn_scheduler has both Set and reset with same priority. This may cause simulation mismatches. Consider rewriting code  [/tmp/sched_synth_BATCHDNN_eewmtf9d/batchdnn_scheduler.sv:384]
WARNING: [Synth 8-7137] Register sb_stack_reg[1][15][batch_size] in module batchdnn_scheduler has both Set and reset with same priority. This may cause simulation mismatches. Consider rewriting code  [/tmp/sched_synth_BATCHDNN_eewmtf9d/batchdnn_scheduler.sv:384]
WARNING: [Synth 8-7137] Register sb_stack_reg[1][14][layer_idx] in module batchdnn_scheduler has both Set and reset with same priority. This may cause simulation mismatches. Consider rewriting code  [/tmp/sched_synth_BATCHDNN_eewmtf9d/batchdnn_scheduler.sv:384]
WARNING: [Synth 8-7137] Register sb_stack_reg[1][14][batch_size] in module batchdnn_scheduler has both Set and reset with same priority. This may cause simulation mismatches. Consider rewriting code  [/tmp/sched_synth_BATCHDNN_eewmtf9d/batchdnn_scheduler.sv:384]
WARNING: [Synth 8-7137] Register sb_stack_reg[1][13][layer_idx] in module batchdnn_scheduler has both Set and reset with same priority. This may cause simulation mismatches. Consider rewriting code  [/tmp/sched_synth_BATCHDNN_eewmtf9d/batchdnn_scheduler.sv:384]
WARNING: [Synth 8-7137] Register sb_stack_reg[1][13][batch_size] in module batchdnn_scheduler has both Set and reset with same priority. This may cause simulation mismatches. Consider rewriting code  [/tmp/sched_synth_BATCHDNN_eewmtf9d/batchdnn_scheduler.sv:384]
WARNING: [Synth 8-7137] Register sb_stack_reg[1][12][layer_idx] in module batchdnn_scheduler has both Set and reset with same priority. This may cause simulation mismatches. Consider rewriting code  [/tmp/sched_synth_BATCHDNN_eewmtf9d/batchdnn_scheduler.sv:384]
WARNING: [Synth 8-7137] Register sb_stack_reg[1][12][batch_size] in module batchdnn_scheduler has both Set and reset with same priority. This may cause simulation mismatches. Consider rewriting code  [/tmp/sched_synth_BATCHDNN_eewmtf9d/batchdnn_scheduler.sv:384]
WARNING: [Synth 8-7137] Register sb_stack_reg[1][11][layer_idx] in module batchdnn_scheduler has both Set and reset with same priority. This may cause simulation mismatches. Consider rewriting code  [/tmp/sched_synth_BATCHDNN_eewmtf9d/batchdnn_scheduler.sv:384]
WARNING: [Synth 8-7137] Register sb_stack_reg[1][11][batch_size] in module batchdnn_scheduler has both Set and reset with same priority. This may cause simulation mismatches. Consider rewriting code  [/tmp/sched_synth_BATCHDNN_eewmtf9d/batchdnn_scheduler.sv:384]
WARNING: [Synth 8-7137] Register sb_stack_reg[1][10][layer_idx] in module batchdnn_scheduler has both Set and reset with same priority. This may cause simulation mismatches. Consider rewriting code  [/tmp/sched_synth_BATCHDNN_eewmtf9d/batchdnn_scheduler.sv:384]
WARNING: [Synth 8-7137] Register sb_stack_reg[1][10][batch_size] in module batchdnn_scheduler has both Set and reset with same priority. This may cause simulation mismatches. Consider rewriting code  [/tmp/sched_synth_BATCHDNN_eewmtf9d/batchdnn_scheduler.sv:384]
WARNING: [Synth 8-7137] Register sb_stack_reg[1][9][layer_idx] in module batchdnn_scheduler has both Set and reset with same priority. This may cause simulation mismatches. Consider rewriting code  [/tmp/sched_synth_BATCHDNN_eewmtf9d/batchdnn_scheduler.sv:384]
WARNING: [Synth 8-7137] Register sb_stack_reg[1][9][batch_size] in module batchdnn_scheduler has both Set and reset with same priority. This may cause simulation mismatches. Consider rewriting code  [/tmp/sched_synth_BATCHDNN_eewmtf9d/batchdnn_scheduler.sv:384]
WARNING: [Synth 8-7137] Register sb_stack_reg[1][8][layer_idx] in module batchdnn_scheduler has both Set and reset with same priority. This may cause simulation mismatches. Consider rewriting code  [/tmp/sched_synth_BATCHDNN_eewmtf9d/batchdnn_scheduler.sv:384]
WARNING: [Synth 8-7137] Register sb_stack_reg[1][8][batch_size] in module batchdnn_scheduler has both Set and reset with same priority. This may cause simulation mismatches. Consider rewriting code  [/tmp/sched_synth_BATCHDNN_eewmtf9d/batchdnn_scheduler.sv:384]
WARNING: [Synth 8-7137] Register sb_stack_reg[1][7][layer_idx] in module batchdnn_scheduler has both Set and reset with same priority. This may cause simulation mismatches. Consider rewriting code  [/tmp/sched_synth_BATCHDNN_eewmtf9d/batchdnn_scheduler.sv:384]
WARNING: [Synth 8-7137] Register sb_stack_reg[1][7][batch_size] in module batchdnn_scheduler has both Set and reset with same priority. This may cause simulation mismatches. Consider rewriting code  [/tmp/sched_synth_BATCHDNN_eewmtf9d/batchdnn_scheduler.sv:384]
WARNING: [Synth 8-7137] Register sb_stack_reg[1][6][layer_idx] in module batchdnn_scheduler has both Set and reset with same priority. This may cause simulation mismatches. Consider rewriting code  [/tmp/sched_synth_BATCHDNN_eewmtf9d/batchdnn_scheduler.sv:384]
WARNING: [Synth 8-7137] Register sb_stack_reg[1][6][batch_size] in module batchdnn_scheduler has both Set and reset with same priority. This may cause simulation mismatches. Consider rewriting code  [/tmp/sched_synth_BATCHDNN_eewmtf9d/batchdnn_scheduler.sv:384]
WARNING: [Synth 8-7137] Register sb_stack_reg[1][5][layer_idx] in module batchdnn_scheduler has both Set and reset with same priority. This may cause simulation mismatches. Consider rewriting code  [/tmp/sched_synth_BATCHDNN_eewmtf9d/batchdnn_scheduler.sv:384]
WARNING: [Synth 8-7137] Register sb_stack_reg[1][5][batch_size] in module batchdnn_scheduler has both Set and reset with same priority. This may cause simulation mismatches. Consider rewriting code  [/tmp/sched_synth_BATCHDNN_eewmtf9d/batchdnn_scheduler.sv:384]
WARNING: [Synth 8-7137] Register sb_stack_reg[1][4][layer_idx] in module batchdnn_scheduler has both Set and reset with same priority. This may cause simulation mismatches. Consider rewriting code  [/tmp/sched_synth_BATCHDNN_eewmtf9d/batchdnn_scheduler.sv:384]
WARNING: [Synth 8-7137] Register sb_stack_reg[1][4][batch_size] in module batchdnn_scheduler has both Set and reset with same priority. This may cause simulation mismatches. Consider rewriting code  [/tmp/sched_synth_BATCHDNN_eewmtf9d/batchdnn_scheduler.sv:384]
WARNING: [Synth 8-7137] Register sb_stack_reg[1][3][layer_idx] in module batchdnn_scheduler has both Set and reset with same priority. This may cause simulation mismatches. Consider rewriting code  [/tmp/sched_synth_BATCHDNN_eewmtf9d/batchdnn_scheduler.sv:384]
WARNING: [Synth 8-7137] Register sb_stack_reg[1][3][batch_size] in module batchdnn_scheduler has both Set and reset with same priority. This may cause simulation mismatches. Consider rewriting code  [/tmp/sched_synth_BATCHDNN_eewmtf9d/batchdnn_scheduler.sv:384]
WARNING: [Synth 8-7137] Register sb_stack_reg[1][2][layer_idx] in module batchdnn_scheduler has both Set and reset with same priority. This may cause simulation mismatches. Consider rewriting code  [/tmp/sched_synth_BATCHDNN_eewmtf9d/batchdnn_scheduler.sv:384]
WARNING: [Synth 8-7137] Register sb_stack_reg[1][2][batch_size] in module batchdnn_scheduler has both Set and reset with same priority. This may cause simulation mismatches. Consider rewriting code  [/tmp/sched_synth_BATCHDNN_eewmtf9d/batchdnn_scheduler.sv:384]
WARNING: [Synth 8-7137] Register sb_stack_reg[1][1][layer_idx] in module batchdnn_scheduler has both Set and reset with same priority. This may cause simulation mismatches. Consider rewriting code  [/tmp/sched_synth_BATCHDNN_eewmtf9d/batchdnn_scheduler.sv:384]
WARNING: [Synth 8-7137] Register sb_stack_reg[1][1][batch_size] in module batchdnn_scheduler has both Set and reset with same priority. This may cause simulation mismatches. Consider rewriting code  [/tmp/sched_synth_BATCHDNN_eewmtf9d/batchdnn_scheduler.sv:384]
INFO: [Common 17-14] Message 'Synth 8-7137' appears 100 times and further instances of the messages will be disabled. Use the Tcl command set_msg_config to change the current settings.
WARNING: [Synth 8-4767] Trying to implement RAM 'sct_q_reg' in registers. Block RAM or DRAM implementation is not possible; see log for reasons. [/tmp/sched_synth_BATCHDNN_eewmtf9d/batchdnn_scheduler.sv:349]
Reason is one or more of the following :
	1: RAM is sensitive to asynchronous reset signal. this RTL style is not supported. 
WARNING: [Synth 8-4767] Trying to implement RAM 'ct_cq_reg' in registers. Block RAM or DRAM implementation is not possible; see log for reasons. [/tmp/sched_synth_BATCHDNN_eewmtf9d/batchdnn_scheduler.sv:340]
Reason is one or more of the following :
	1: RAM is sensitive to asynchronous reset signal. this RTL style is not supported. 
WARNING: [Synth 8-4767] Trying to implement RAM 'sct_batch_reg' in registers. Block RAM or DRAM implementation is not possible; see log for reasons. [/tmp/sched_synth_BATCHDNN_eewmtf9d/batchdnn_scheduler.sv:350]
Reason is one or more of the following :
	1: RAM is sensitive to asynchronous reset signal. this RTL style is not supported. 
WARNING: [Synth 8-4767] Trying to implement RAM 'mt_cq_reg' in registers. Block RAM or DRAM implementation is not possible; see log for reasons. [/tmp/sched_synth_BATCHDNN_eewmtf9d/batchdnn_scheduler.sv:280]
Reason is one or more of the following :
	1: RAM is sensitive to asynchronous reset signal. this RTL style is not supported. 
WARNING: [Synth 8-7129] Port st_total_layers[7] in module batchdnn_scheduler is either unconnected or has no load
WARNING: [Synth 8-7129] Port st_total_layers[6] in module batchdnn_scheduler is either unconnected or has no load
WARNING: [Synth 8-7129] Port st_total_layers[5] in module batchdnn_scheduler is either unconnected or has no load
WARNING: [Synth 8-7129] Port st_total_layers[4] in module batchdnn_scheduler is either unconnected or has no load
WARNING: [Synth 8-7129] Port st_total_layers[3] in module batchdnn_scheduler is either unconnected or has no load
WARNING: [Synth 8-7129] Port st_total_layers[2] in module batchdnn_scheduler is either unconnected or has no load
WARNING: [Synth 8-7129] Port st_total_layers[1] in module batchdnn_scheduler is either unconnected or has no load
WARNING: [Synth 8-7129] Port st_total_layers[0] in module batchdnn_scheduler is either unconnected or has no load
---------------------------------------------------------------------------------
Finished RTL Elaboration : Time (s): cpu = 00:00:05 ; elapsed = 00:00:05 . Memory (MB): peak = 2443.211 ; gain = 645.156 ; free physical = 7329 ; free virtual = 13037
---------------------------------------------------------------------------------
---------------------------------------------------------------------------------
Start Handling Custom Attributes
---------------------------------------------------------------------------------
---------------------------------------------------------------------------------
Finished Handling Custom Attributes : Time (s): cpu = 00:00:05 ; elapsed = 00:00:05 . Memory (MB): peak = 2443.211 ; gain = 645.156 ; free physical = 7329 ; free virtual = 13037
---------------------------------------------------------------------------------
---------------------------------------------------------------------------------
Finished RTL Optimization Phase 1 : Time (s): cpu = 00:00:05 ; elapsed = 00:00:05 . Memory (MB): peak = 2443.211 ; gain = 645.156 ; free physical = 7329 ; free virtual = 13037
---------------------------------------------------------------------------------
Netlist sorting complete. Time (s): cpu = 00:00:00.06 ; elapsed = 00:00:00.07 . Memory (MB): peak = 2443.211 ; gain = 0.000 ; free physical = 7333 ; free virtual = 13041
INFO: [Project 1-570] Preparing netlist for logic optimization

Processing XDC Constraints
Initializing timing engine
Parsing XDC File [/tmp/sched_synth_BATCHDNN_eewmtf9d/c.xdc]
Finished Parsing XDC File [/tmp/sched_synth_BATCHDNN_eewmtf9d/c.xdc]
Completed Processing XDC Constraints

Netlist sorting complete. Time (s): cpu = 00:00:00 ; elapsed = 00:00:00 . Memory (MB): peak = 2520.043 ; gain = 0.000 ; free physical = 7326 ; free virtual = 13050
INFO: [Project 1-111] Unisim Transformation Summary:
No Unisim elements were transformed.

Constraint Validation Runtime : Time (s): cpu = 00:00:00.21 ; elapsed = 00:00:00.07 . Memory (MB): peak = 2520.078 ; gain = 0.000 ; free physical = 7326 ; free virtual = 13050
---------------------------------------------------------------------------------
Finished Constraint Validation : Time (s): cpu = 00:00:11 ; elapsed = 00:00:11 . Memory (MB): peak = 2520.078 ; gain = 722.023 ; free physical = 7360 ; free virtual = 13086
---------------------------------------------------------------------------------
---------------------------------------------------------------------------------
Start Loading Part and Timing Information
---------------------------------------------------------------------------------
Loading part: xc7a100tcsg324-1
---------------------------------------------------------------------------------
Finished Loading Part and Timing Information : Time (s): cpu = 00:00:11 ; elapsed = 00:00:11 . Memory (MB): peak = 2528.047 ; gain = 729.992 ; free physical = 7359 ; free virtual = 13085
---------------------------------------------------------------------------------
---------------------------------------------------------------------------------
Start Applying 'set_property' XDC Constraints
---------------------------------------------------------------------------------
---------------------------------------------------------------------------------
Finished applying 'set_property' XDC Constraints : Time (s): cpu = 00:00:11 ; elapsed = 00:00:11 . Memory (MB): peak = 2528.047 ; gain = 729.992 ; free physical = 7359 ; free virtual = 13085
---------------------------------------------------------------------------------
---------------------------------------------------------------------------------
Finished RTL Optimization Phase 2 : Time (s): cpu = 00:00:12 ; elapsed = 00:00:12 . Memory (MB): peak = 2528.047 ; gain = 729.992 ; free physical = 7338 ; free virtual = 13065
---------------------------------------------------------------------------------
---------------------------------------------------------------------------------
Start RTL Component Statistics 
---------------------------------------------------------------------------------
Detailed RTL Component Info : 
+---Adders : 
	   3 Input   33 Bit       Adders := 33    
	   2 Input   33 Bit       Adders := 2     
	   2 Input   32 Bit       Adders := 66    
	   3 Input   32 Bit       Adders := 5     
	   2 Input    9 Bit       Adders := 1     
	   3 Input    8 Bit       Adders := 1     
	   2 Input    8 Bit       Adders := 1     
	   2 Input    6 Bit       Adders := 9     
	   4 Input    6 Bit       Adders := 1     
	   2 Input    5 Bit       Adders := 2     
+---Registers : 
	               33 Bit    Registers := 1     
	               32 Bit    Registers := 162   
	                8 Bit    Registers := 291   
	                6 Bit    Registers := 9     
	                4 Bit    Registers := 34    
	                1 Bit    Registers := 35    
+---Multipliers : 
	               9x32  Multipliers := 32    
	               8x32  Multipliers := 5     
	              32x32  Multipliers := 1     
+---Muxes : 
	   2 Input   33 Bit        Muxes := 4     
	   2 Input   32 Bit        Muxes := 4     
	   2 Input    8 Bit        Muxes := 65    
	   4 Input    8 Bit        Muxes := 39    
	   2 Input    6 Bit        Muxes := 2     
	   3 Input    6 Bit        Muxes := 1     
	   4 Input    5 Bit        Muxes := 2     
	   2 Input    5 Bit        Muxes := 16    
	   4 Input    4 Bit        Muxes := 1     
	  32 Input    2 Bit        Muxes := 2     
	   2 Input    1 Bit        Muxes := 339   
	   4 Input    1 Bit        Muxes := 1     
---------------------------------------------------------------------------------
Finished RTL Component Statistics 
---------------------------------------------------------------------------------
---------------------------------------------------------------------------------
Start Part Resource Summary
---------------------------------------------------------------------------------
Part Resources:
DSPs: 240 (col length:80)
BRAMs: 270 (col length: RAMB18 80 RAMB36 40)
---------------------------------------------------------------------------------
Finished Part Resource Summary
---------------------------------------------------------------------------------
---------------------------------------------------------------------------------
Start Cross Boundary and Area Optimization
---------------------------------------------------------------------------------
DSP Report: Generating DSP fits3, operation Mode is: A*B.
DSP Report: operator fits3 is absorbed into DSP fits3.
DSP Report: operator fits3 is absorbed into DSP fits3.
DSP Report: Generating DSP fits3, operation Mode is: (PCIN>>17)+A*B.
DSP Report: operator fits3 is absorbed into DSP fits3.
DSP Report: operator fits3 is absorbed into DSP fits3.
DSP Report: Generating DSP fits3, operation Mode is: A*B.
DSP Report: operator fits3 is absorbed into DSP fits3.
DSP Report: operator fits3 is absorbed into DSP fits3.
DSP Report: Generating DSP fits3, operation Mode is: (PCIN>>17)+A*B.
DSP Report: operator fits3 is absorbed into DSP fits3.
DSP Report: operator fits3 is absorbed into DSP fits3.
DSP Report: Generating DSP fits3, operation Mode is: A*B.
DSP Report: operator fits3 is absorbed into DSP fits3.
DSP Report: operator fits3 is absorbed into DSP fits3.
DSP Report: Generating DSP fits3, operation Mode is: (PCIN>>17)+A*B.
DSP Report: operator fits3 is absorbed into DSP fits3.
DSP Report: operator fits3 is absorbed into DSP fits3.
DSP Report: Generating DSP fits3, operation Mode is: A*B.
DSP Report: operator fits3 is absorbed into DSP fits3.
DSP Report: operator fits3 is absorbed into DSP fits3.
DSP Report: Generating DSP fits3, operation Mode is: (PCIN>>17)+A*B.
DSP Report: operator fits3 is absorbed into DSP fits3.
DSP Report: operator fits3 is absorbed into DSP fits3.
DSP Report: Generating DSP fits3, operation Mode is: A*B.
DSP Report: operator fits3 is absorbed into DSP fits3.
DSP Report: operator fits3 is absorbed into DSP fits3.
DSP Report: Generating DSP fits3, operation Mode is: (PCIN>>17)+A*B.
DSP Report: operator fits3 is absorbed into DSP fits3.
DSP Report: operator fits3 is absorbed into DSP fits3.
DSP Report: Generating DSP fits3, operation Mode is: A*B.
DSP Report: operator fits3 is absorbed into DSP fits3.
DSP Report: operator fits3 is absorbed into DSP fits3.
DSP Report: Generating DSP fits3, operation Mode is: (PCIN>>17)+A*B.
DSP Report: operator fits3 is absorbed into DSP fits3.
DSP Report: operator fits3 is absorbed into DSP fits3.
DSP Report: Generating DSP fits3, operation Mode is: A*B.
DSP Report: operator fits3 is absorbed into DSP fits3.
DSP Report: operator fits3 is absorbed into DSP fits3.
DSP Report: Generating DSP fits3, operation Mode is: (PCIN>>17)+A*B.
DSP Report: operator fits3 is absorbed into DSP fits3.
DSP Report: operator fits3 is absorbed into DSP fits3.
DSP Report: Generating DSP fits3, operation Mode is: A*B.
DSP Report: operator fits3 is absorbed into DSP fits3.
DSP Report: operator fits3 is absorbed into DSP fits3.
DSP Report: Generating DSP fits3, operation Mode is: (PCIN>>17)+A*B.
DSP Report: operator fits3 is absorbed into DSP fits3.
DSP Report: operator fits3 is absorbed into DSP fits3.
DSP Report: Generating DSP fits3, operation Mode is: A*B.
DSP Report: operator fits3 is absorbed into DSP fits3.
DSP Report: operator fits3 is absorbed into DSP fits3.
DSP Report: Generating DSP fits3, operation Mode is: (PCIN>>17)+A*B.
DSP Report: operator fits3 is absorbed into DSP fits3.
DSP Report: operator fits3 is absorbed into DSP fits3.
DSP Report: Generating DSP fits3, operation Mode is: A*B.
DSP Report: operator fits3 is absorbed into DSP fits3.
DSP Report: operator fits3 is absorbed into DSP fits3.
DSP Report: Generating DSP fits3, operation Mode is: (PCIN>>17)+A*B.
DSP Report: operator fits3 is absorbed into DSP fits3.
DSP Report: operator fits3 is absorbed into DSP fits3.
DSP Report: Generating DSP fits3, operation Mode is: A*B.
DSP Report: operator fits3 is absorbed into DSP fits3.
DSP Report: operator fits3 is absorbed into DSP fits3.
DSP Report: Generating DSP fits3, operation Mode is: (PCIN>>17)+A*B.
DSP Report: operator fits3 is absorbed into DSP fits3.
DSP Report: operator fits3 is absorbed into DSP fits3.
DSP Report: Generating DSP fits3, operation Mode is: A*B.
DSP Report: operator fits3 is absorbed into DSP fits3.
DSP Report: operator fits3 is absorbed into DSP fits3.
DSP Report: Generating DSP fits3, operation Mode is: (PCIN>>17)+A*B.
DSP Report: operator fits3 is absorbed into DSP fits3.
DSP Report: operator fits3 is absorbed into DSP fits3.
DSP Report: Generating DSP fits3, operation Mode is: A*B.
DSP Report: operator fits3 is absorbed into DSP fits3.
DSP Report: operator fits3 is absorbed into DSP fits3.
DSP Report: Generating DSP fits3, operation Mode is: (PCIN>>17)+A*B.
DSP Report: operator fits3 is absorbed into DSP fits3.
DSP Report: operator fits3 is absorbed into DSP fits3.
DSP Report: Generating DSP fits3, operation Mode is: A*B.
DSP Report: operator fits3 is absorbed into DSP fits3.
DSP Report: operator fits3 is absorbed into DSP fits3.
DSP Report: Generating DSP fits3, operation Mode is: (PCIN>>17)+A*B.
DSP Report: operator fits3 is absorbed into DSP fits3.
DSP Report: operator fits3 is absorbed into DSP fits3.
DSP Report: Generating DSP fits3, operation Mode is: A*B.
DSP Report: operator fits3 is absorbed into DSP fits3.
DSP Report: operator fits3 is absorbed into DSP fits3.
DSP Report: Generating DSP fits3, operation Mode is: (PCIN>>17)+A*B.
DSP Report: operator fits3 is absorbed into DSP fits3.
DSP Report: operator fits3 is absorbed into DSP fits3.
DSP Report: Generating DSP fits3, operation Mode is: A*B.
DSP Report: operator fits3 is absorbed into DSP fits3.
DSP Report: operator fits3 is absorbed into DSP fits3.
DSP Report: Generating DSP fits3, operation Mode is: (PCIN>>17)+A*B.
DSP Report: operator fits3 is absorbed into DSP fits3.
DSP Report: operator fits3 is absorbed into DSP fits3.
DSP Report: Generating DSP fits3, operation Mode is: A*B.
DSP Report: operator fits3 is absorbed into DSP fits3.
DSP Report: operator fits3 is absorbed into DSP fits3.
DSP Report: Generating DSP fits3, operation Mode is: (PCIN>>17)+A*B.
DSP Report: operator fits3 is absorbed into DSP fits3.
DSP Report: operator fits3 is absorbed into DSP fits3.
DSP Report: Generating DSP fits3, operation Mode is: A*B.
DSP Report: operator fits3 is absorbed into DSP fits3.
DSP Report: operator fits3 is absorbed into DSP fits3.
DSP Report: Generating DSP fits3, operation Mode is: (PCIN>>17)+A*B.
DSP Report: operator fits3 is absorbed into DSP fits3.
DSP Report: operator fits3 is absorbed into DSP fits3.
DSP Report: Generating DSP fits3, operation Mode is: A*B.
DSP Report: operator fits3 is absorbed into DSP fits3.
DSP Report: operator fits3 is absorbed into DSP fits3.
DSP Report: Generating DSP fits3, operation Mode is: (PCIN>>17)+A*B.
DSP Report: operator fits3 is absorbed into DSP fits3.
DSP Report: operator fits3 is absorbed into DSP fits3.
DSP Report: Generating DSP fits3, operation Mode is: A*B.
DSP Report: operator fits3 is absorbed into DSP fits3.
DSP Report: operator fits3 is absorbed into DSP fits3.
DSP Report: Generating DSP fits3, operation Mode is: (PCIN>>17)+A*B.
DSP Report: operator fits3 is absorbed into DSP fits3.
DSP Report: operator fits3 is absorbed into DSP fits3.
DSP Report: Generating DSP fits3, operation Mode is: A*B.
DSP Report: operator fits3 is absorbed into DSP fits3.
DSP Report: operator fits3 is absorbed into DSP fits3.
DSP Report: Generating DSP fits3, operation Mode is: (PCIN>>17)+A*B.
DSP Report: operator fits3 is absorbed into DSP fits3.
DSP Report: operator fits3 is absorbed into DSP fits3.
DSP Report: Generating DSP fits3, operation Mode is: A*B.
DSP Report: operator fits3 is absorbed into DSP fits3.
DSP Report: operator fits3 is absorbed into DSP fits3.
DSP Report: Generating DSP fits3, operation Mode is: (PCIN>>17)+A*B.
DSP Report: operator fits3 is absorbed into DSP fits3.
DSP Report: operator fits3 is absorbed into DSP fits3.
DSP Report: Generating DSP fits3, operation Mode is: A*B.
DSP Report: operator fits3 is absorbed into DSP fits3.
DSP Report: operator fits3 is absorbed into DSP fits3.
DSP Report: Generating DSP fits3, operation Mode is: (PCIN>>17)+A*B.
DSP Report: operator fits3 is absorbed into DSP fits3.
DSP Report: operator fits3 is absorbed into DSP fits3.
DSP Report: Generating DSP fits3, operation Mode is: A*B.
DSP Report: operator fits3 is absorbed into DSP fits3.
DSP Report: operator fits3 is absorbed into DSP fits3.
DSP Report: Generating DSP fits3, operation Mode is: (PCIN>>17)+A*B.
DSP Report: operator fits3 is absorbed into DSP fits3.
DSP Report: operator fits3 is absorbed into DSP fits3.
DSP Report: Generating DSP fits3, operation Mode is: A*B.
DSP Report: operator fits3 is absorbed into DSP fits3.
DSP Report: operator fits3 is absorbed into DSP fits3.
DSP Report: Generating DSP fits3, operation Mode is: (PCIN>>17)+A*B.
DSP Report: operator fits3 is absorbed into DSP fits3.
DSP Report: operator fits3 is absorbed into DSP fits3.
DSP Report: Generating DSP fits3, operation Mode is: A*B.
DSP Report: operator fits3 is absorbed into DSP fits3.
DSP Report: operator fits3 is absorbed into DSP fits3.
DSP Report: Generating DSP fits3, operation Mode is: (PCIN>>17)+A*B.
DSP Report: operator fits3 is absorbed into DSP fits3.
DSP Report: operator fits3 is absorbed into DSP fits3.
DSP Report: Generating DSP compute_cycle_ctr1, operation Mode is: A*B.
DSP Report: operator compute_cycle_ctr1 is absorbed into DSP compute_cycle_ctr1.
DSP Report: operator compute_cycle_ctr1 is absorbed into DSP compute_cycle_ctr1.
DSP Report: Generating DSP compute_cycle_ctr1, operation Mode is: (PCIN>>17)+A*B.
DSP Report: operator compute_cycle_ctr1 is absorbed into DSP compute_cycle_ctr1.
DSP Report: operator compute_cycle_ctr1 is absorbed into DSP compute_cycle_ctr1.
DSP Report: Generating DSP avail_mem_reg2, operation Mode is: A*B.
DSP Report: operator avail_mem_reg2 is absorbed into DSP avail_mem_reg2.
DSP Report: operator avail_mem_reg2 is absorbed into DSP avail_mem_reg2.
DSP Report: Generating DSP avail_mem_reg2, operation Mode is: (PCIN>>17)+A*B.
DSP Report: operator avail_mem_reg2 is absorbed into DSP avail_mem_reg2.
DSP Report: operator avail_mem_reg2 is absorbed into DSP avail_mem_reg2.
DSP Report: Generating DSP avail_mem_reg1, operation Mode is: A*B.
DSP Report: operator avail_mem_reg1 is absorbed into DSP avail_mem_reg1.
DSP Report: operator avail_mem_reg1 is absorbed into DSP avail_mem_reg1.
DSP Report: Generating DSP avail_mem_reg1, operation Mode is: (PCIN>>17)+A*B.
DSP Report: operator avail_mem_reg1 is absorbed into DSP avail_mem_reg1.
DSP Report: operator avail_mem_reg1 is absorbed into DSP avail_mem_reg1.
DSP Report: Generating DSP avail_mem_reg2, operation Mode is: A*B.
DSP Report: operator avail_mem_reg2 is absorbed into DSP avail_mem_reg2.
DSP Report: operator avail_mem_reg2 is absorbed into DSP avail_mem_reg2.
DSP Report: Generating DSP avail_mem_reg2, operation Mode is: (PCIN>>17)+A*B.
DSP Report: operator avail_mem_reg2 is absorbed into DSP avail_mem_reg2.
DSP Report: operator avail_mem_reg2 is absorbed into DSP avail_mem_reg2.
DSP Report: Generating DSP compute_cycle_ctr1, operation Mode is: A*B.
DSP Report: operator compute_cycle_ctr1 is absorbed into DSP compute_cycle_ctr1.
DSP Report: operator compute_cycle_ctr1 is absorbed into DSP compute_cycle_ctr1.
DSP Report: Generating DSP compute_cycle_ctr1, operation Mode is: (PCIN>>17)+A*B.
DSP Report: operator compute_cycle_ctr1 is absorbed into DSP compute_cycle_ctr1.
DSP Report: operator compute_cycle_ctr1 is absorbed into DSP compute_cycle_ctr1.
DSP Report: Generating DSP compute_cycle_ctr1, operation Mode is: A*B.
DSP Report: operator compute_cycle_ctr1 is absorbed into DSP compute_cycle_ctr1.
DSP Report: operator compute_cycle_ctr1 is absorbed into DSP compute_cycle_ctr1.
DSP Report: Generating DSP compute_cycle_ctr1, operation Mode is: (PCIN>>17)+A*B.
DSP Report: operator compute_cycle_ctr1 is absorbed into DSP compute_cycle_ctr1.
DSP Report: operator compute_cycle_ctr1 is absorbed into DSP compute_cycle_ctr1.
DSP Report: Generating DSP compute_cycle_ctr1, operation Mode is: A*B.
DSP Report: operator compute_cycle_ctr1 is absorbed into DSP compute_cycle_ctr1.
DSP Report: operator compute_cycle_ctr1 is absorbed into DSP compute_cycle_ctr1.
DSP Report: Generating DSP compute_cycle_ctr1, operation Mode is: (PCIN>>17)+A*B.
DSP Report: operator compute_cycle_ctr1 is absorbed into DSP compute_cycle_ctr1.
DSP Report: operator compute_cycle_ctr1 is absorbed into DSP compute_cycle_ctr1.
DSP Report: Generating DSP fits3, operation Mode is: A*B.
DSP Report: operator fits3 is absorbed into DSP fits3.
DSP Report: operator fits3 is absorbed into DSP fits3.
DSP Report: Generating DSP fits3, operation Mode is: (PCIN>>17)+A*B.
DSP Report: operator fits3 is absorbed into DSP fits3.
DSP Report: operator fits3 is absorbed into DSP fits3.
DSP Report: Generating DSP fits3, operation Mode is: A*B.
DSP Report: operator fits3 is absorbed into DSP fits3.
DSP Report: operator fits3 is absorbed into DSP fits3.
DSP Report: Generating DSP fits3, operation Mode is: (PCIN>>17)+A*B.
DSP Report: operator fits3 is absorbed into DSP fits3.
DSP Report: operator fits3 is absorbed into DSP fits3.
DSP Report: Generating DSP fits3, operation Mode is: A*B.
DSP Report: operator fits3 is absorbed into DSP fits3.
DSP Report: operator fits3 is absorbed into DSP fits3.
DSP Report: Generating DSP fits3, operation Mode is: (PCIN>>17)+A*B.
DSP Report: operator fits3 is absorbed into DSP fits3.
DSP Report: operator fits3 is absorbed into DSP fits3.
DSP Report: Generating DSP fits3, operation Mode is: A*B.
DSP Report: operator fits3 is absorbed into DSP fits3.
DSP Report: operator fits3 is absorbed into DSP fits3.
DSP Report: Generating DSP fits3, operation Mode is: (PCIN>>17)+A*B.
DSP Report: operator fits3 is absorbed into DSP fits3.
DSP Report: operator fits3 is absorbed into DSP fits3.
DSP Report: Generating DSP fits3, operation Mode is: A*B.
DSP Report: operator fits3 is absorbed into DSP fits3.
DSP Report: operator fits3 is absorbed into DSP fits3.
DSP Report: Generating DSP fits3, operation Mode is: (PCIN>>17)+A*B.
DSP Report: operator fits3 is absorbed into DSP fits3.
DSP Report: operator fits3 is absorbed into DSP fits3.
DSP Report: Generating DSP fits3, operation Mode is: A*B.
DSP Report: operator fits3 is absorbed into DSP fits3.
DSP Report: operator fits3 is absorbed into DSP fits3.
DSP Report: Generating DSP fits3, operation Mode is: (PCIN>>17)+A*B.
DSP Report: operator fits3 is absorbed into DSP fits3.
DSP Report: operator fits3 is absorbed into DSP fits3.
WARNING: [Synth 8-7129] Port st_total_layers[7] in module batchdnn_scheduler is either unconnected or has no load
WARNING: [Synth 8-7129] Port st_total_layers[6] in module batchdnn_scheduler is either unconnected or has no load
WARNING: [Synth 8-7129] Port st_total_layers[5] in module batchdnn_scheduler is either unconnected or has no load
WARNING: [Synth 8-7129] Port st_total_layers[4] in module batchdnn_scheduler is either unconnected or has no load
WARNING: [Synth 8-7129] Port st_total_layers[3] in module batchdnn_scheduler is either unconnected or has no load
WARNING: [Synth 8-7129] Port st_total_layers[2] in module batchdnn_scheduler is either unconnected or has no load
WARNING: [Synth 8-7129] Port st_total_layers[1] in module batchdnn_scheduler is either unconnected or has no load
WARNING: [Synth 8-7129] Port st_total_layers[0] in module batchdnn_scheduler is either unconnected or has no load
CRITICAL WARNING: [Synth 8-6859] multi-driven net on pin Q with 1st driver pin 'i_2/sched_table_reg[7][compute_done_flag]__0/Q' [/tmp/sched_synth_BATCHDNN_eewmtf9d/batchdnn_scheduler.sv:196]
CRITICAL WARNING: [Synth 8-6859] multi-driven net on pin Q with 2nd driver pin 'GND' [/tmp/sched_synth_BATCHDNN_eewmtf9d/batchdnn_scheduler.sv:196]
CRITICAL WARNING: [Synth 8-6858] multi-driven net Q is connected to at least one constant driver which has been preserved, other driver is ignored [/tmp/sched_synth_BATCHDNN_eewmtf9d/batchdnn_scheduler.sv:196]
CRITICAL WARNING: [Synth 8-6859] multi-driven net on pin Q with 1st driver pin 'i_2/sched_table_reg[8][compute_done_flag]__0/Q' [/tmp/sched_synth_BATCHDNN_eewmtf9d/batchdnn_scheduler.sv:196]
CRITICAL WARNING: [Synth 8-6859] multi-driven net on pin Q with 2nd driver pin 'GND' [/tmp/sched_synth_BATCHDNN_eewmtf9d/batchdnn_scheduler.sv:196]
CRITICAL WARNING: [Synth 8-6858] multi-driven net Q is connected to at least one constant driver which has been preserved, other driver is ignored [/tmp/sched_synth_BATCHDNN_eewmtf9d/batchdnn_scheduler.sv:196]
CRITICAL WARNING: [Synth 8-6859] multi-driven net on pin Q with 1st driver pin 'i_2/sched_table_reg[9][compute_done_flag]__0/Q' [/tmp/sched_synth_BATCHDNN_eewmtf9d/batchdnn_scheduler.sv:196]
CRITICAL WARNING: [Synth 8-6859] multi-driven net on pin Q with 2nd driver pin 'GND' [/tmp/sched_synth_BATCHDNN_eewmtf9d/batchdnn_scheduler.sv:196]
CRITICAL WARNING: [Synth 8-6858] multi-driven net Q is connected to at least one constant driver which has been preserved, other driver is ignored [/tmp/sched_synth_BATCHDNN_eewmtf9d/batchdnn_scheduler.sv:196]
CRITICAL WARNING: [Synth 8-6859] multi-driven net on pin Q with 1st driver pin 'i_2/sched_table_reg[10][compute_done_flag]__0/Q' [/tmp/sched_synth_BATCHDNN_eewmtf9d/batchdnn_scheduler.sv:196]
CRITICAL WARNING: [Synth 8-6859] multi-driven net on pin Q with 2nd driver pin 'GND' [/tmp/sched_synth_BATCHDNN_eewmtf9d/batchdnn_scheduler.sv:196]
CRITICAL WARNING: [Synth 8-6858] multi-driven net Q is connected to at least one constant driver which has been preserved, other driver is ignored [/tmp/sched_synth_BATCHDNN_eewmtf9d/batchdnn_scheduler.sv:196]
CRITICAL WARNING: [Synth 8-6859] multi-driven net on pin Q with 1st driver pin 'i_2/sched_table_reg[11][compute_done_flag]__0/Q' [/tmp/sched_synth_BATCHDNN_eewmtf9d/batchdnn_scheduler.sv:196]
CRITICAL WARNING: [Synth 8-6859] multi-driven net on pin Q with 2nd driver pin 'GND' [/tmp/sched_synth_BATCHDNN_eewmtf9d/batchdnn_scheduler.sv:196]
CRITICAL WARNING: [Synth 8-6858] multi-driven net Q is connected to at least one constant driver which has been preserved, other driver is ignored [/tmp/sched_synth_BATCHDNN_eewmtf9d/batchdnn_scheduler.sv:196]
CRITICAL WARNING: [Synth 8-6859] multi-driven net on pin Q with 1st driver pin 'i_2/sched_table_reg[12][compute_done_flag]__0/Q' [/tmp/sched_synth_BATCHDNN_eewmtf9d/batchdnn_scheduler.sv:196]
CRITICAL WARNING: [Synth 8-6859] multi-driven net on pin Q with 2nd driver pin 'GND' [/tmp/sched_synth_BATCHDNN_eewmtf9d/batchdnn_scheduler.sv:196]
CRITICAL WARNING: [Synth 8-6858] multi-driven net Q is connected to at least one constant driver which has been preserved, other driver is ignored [/tmp/sched_synth_BATCHDNN_eewmtf9d/batchdnn_scheduler.sv:196]
CRITICAL WARNING: [Synth 8-6859] multi-driven net on pin Q with 1st driver pin 'i_2/sched_table_reg[13][compute_done_flag]__0/Q' [/tmp/sched_synth_BATCHDNN_eewmtf9d/batchdnn_scheduler.sv:196]
CRITICAL WARNING: [Synth 8-6859] multi-driven net on pin Q with 2nd driver pin 'GND' [/tmp/sched_synth_BATCHDNN_eewmtf9d/batchdnn_scheduler.sv:196]
CRITICAL WARNING: [Synth 8-6858] multi-driven net Q is connected to at least one constant driver which has been preserved, other driver is ignored [/tmp/sched_synth_BATCHDNN_eewmtf9d/batchdnn_scheduler.sv:196]
CRITICAL WARNING: [Synth 8-6859] multi-driven net on pin Q with 1st driver pin 'i_2/sched_table_reg[14][compute_done_flag]__0/Q' [/tmp/sched_synth_BATCHDNN_eewmtf9d/batchdnn_scheduler.sv:196]
CRITICAL WARNING: [Synth 8-6859] multi-driven net on pin Q with 2nd driver pin 'GND' [/tmp/sched_synth_BATCHDNN_eewmtf9d/batchdnn_scheduler.sv:196]
CRITICAL WARNING: [Synth 8-6858] multi-driven net Q is connected to at least one constant driver which has been preserved, other driver is ignored [/tmp/sched_synth_BATCHDNN_eewmtf9d/batchdnn_scheduler.sv:196]
CRITICAL WARNING: [Synth 8-6859] multi-driven net on pin Q with 1st driver pin 'i_2/sched_table_reg[15][compute_done_flag]__0/Q' [/tmp/sched_synth_BATCHDNN_eewmtf9d/batchdnn_scheduler.sv:196]
CRITICAL WARNING: [Synth 8-6859] multi-driven net on pin Q with 2nd driver pin 'GND' [/tmp/sched_synth_BATCHDNN_eewmtf9d/batchdnn_scheduler.sv:196]
CRITICAL WARNING: [Synth 8-6858] multi-driven net Q is connected to at least one constant driver which has been preserved, other driver is ignored [/tmp/sched_synth_BATCHDNN_eewmtf9d/batchdnn_scheduler.sv:196]
CRITICAL WARNING: [Synth 8-6859] multi-driven net on pin Q with 1st driver pin 'i_2/sched_table_reg[16][compute_done_flag]__0/Q' [/tmp/sched_synth_BATCHDNN_eewmtf9d/batchdnn_scheduler.sv:196]
CRITICAL WARNING: [Synth 8-6859] multi-driven net on pin Q with 2nd driver pin 'GND' [/tmp/sched_synth_BATCHDNN_eewmtf9d/batchdnn_scheduler.sv:196]
CRITICAL WARNING: [Synth 8-6858] multi-driven net Q is connected to at least one constant driver which has been preserved, other driver is ignored [/tmp/sched_synth_BATCHDNN_eewmtf9d/batchdnn_scheduler.sv:196]
CRITICAL WARNING: [Synth 8-6859] multi-driven net on pin Q with 1st driver pin 'i_2/sched_table_reg[17][compute_done_flag]__0/Q' [/tmp/sched_synth_BATCHDNN_eewmtf9d/batchdnn_scheduler.sv:196]
CRITICAL WARNING: [Synth 8-6859] multi-driven net on pin Q with 2nd driver pin 'GND' [/tmp/sched_synth_BATCHDNN_eewmtf9d/batchdnn_scheduler.sv:196]
CRITICAL WARNING: [Synth 8-6858] multi-driven net Q is connected to at least one constant driver which has been preserved, other driver is ignored [/tmp/sched_synth_BATCHDNN_eewmtf9d/batchdnn_scheduler.sv:196]
CRITICAL WARNING: [Synth 8-6859] multi-driven net on pin Q with 1st driver pin 'i_2/sched_table_reg[18][compute_done_flag]__0/Q' [/tmp/sched_synth_BATCHDNN_eewmtf9d/batchdnn_scheduler.sv:196]
CRITICAL WARNING: [Synth 8-6859] multi-driven net on pin Q with 2nd driver pin 'GND' [/tmp/sched_synth_BATCHDNN_eewmtf9d/batchdnn_scheduler.sv:196]
CRITICAL WARNING: [Synth 8-6858] multi-driven net Q is connected to at least one constant driver which has been preserved, other driver is ignored [/tmp/sched_synth_BATCHDNN_eewmtf9d/batchdnn_scheduler.sv:196]
CRITICAL WARNING: [Synth 8-6859] multi-driven net on pin Q with 1st driver pin 'i_2/sched_table_reg[19][compute_done_flag]__0/Q' [/tmp/sched_synth_BATCHDNN_eewmtf9d/batchdnn_scheduler.sv:196]
CRITICAL WARNING: [Synth 8-6859] multi-driven net on pin Q with 2nd driver pin 'GND' [/tmp/sched_synth_BATCHDNN_eewmtf9d/batchdnn_scheduler.sv:196]
CRITICAL WARNING: [Synth 8-6858] multi-driven net Q is connected to at least one constant driver which has been preserved, other driver is ignored [/tmp/sched_synth_BATCHDNN_eewmtf9d/batchdnn_scheduler.sv:196]
CRITICAL WARNING: [Synth 8-6859] multi-driven net on pin Q with 1st driver pin 'i_2/sched_table_reg[20][compute_done_flag]__0/Q' [/tmp/sched_synth_BATCHDNN_eewmtf9d/batchdnn_scheduler.sv:196]
CRITICAL WARNING: [Synth 8-6859] multi-driven net on pin Q with 2nd driver pin 'GND' [/tmp/sched_synth_BATCHDNN_eewmtf9d/batchdnn_scheduler.sv:196]
CRITICAL WARNING: [Synth 8-6858] multi-driven net Q is connected to at least one constant driver which has been preserved, other driver is ignored [/tmp/sched_synth_BATCHDNN_eewmtf9d/batchdnn_scheduler.sv:196]
CRITICAL WARNING: [Synth 8-6859] multi-driven net on pin Q with 1st driver pin 'i_2/sched_table_reg[21][compute_done_flag]__0/Q' [/tmp/sched_synth_BATCHDNN_eewmtf9d/batchdnn_scheduler.sv:196]
CRITICAL WARNING: [Synth 8-6859] multi-driven net on pin Q with 2nd driver pin 'GND' [/tmp/sched_synth_BATCHDNN_eewmtf9d/batchdnn_scheduler.sv:196]
CRITICAL WARNING: [Synth 8-6858] multi-driven net Q is connected to at least one constant driver which has been preserved, other driver is ignored [/tmp/sched_synth_BATCHDNN_eewmtf9d/batchdnn_scheduler.sv:196]
CRITICAL WARNING: [Synth 8-6859] multi-driven net on pin Q with 1st driver pin 'i_2/sched_table_reg[22][compute_done_flag]__0/Q' [/tmp/sched_synth_BATCHDNN_eewmtf9d/batchdnn_scheduler.sv:196]
CRITICAL WARNING: [Synth 8-6859] multi-driven net on pin Q with 2nd driver pin 'GND' [/tmp/sched_synth_BATCHDNN_eewmtf9d/batchdnn_scheduler.sv:196]
CRITICAL WARNING: [Synth 8-6858] multi-driven net Q is connected to at least one constant driver which has been preserved, other driver is ignored [/tmp/sched_synth_BATCHDNN_eewmtf9d/batchdnn_scheduler.sv:196]
CRITICAL WARNING: [Synth 8-6859] multi-driven net on pin Q with 1st driver pin 'i_2/sched_table_reg[23][compute_done_flag]__0/Q' [/tmp/sched_synth_BATCHDNN_eewmtf9d/batchdnn_scheduler.sv:196]
CRITICAL WARNING: [Synth 8-6859] multi-driven net on pin Q with 2nd driver pin 'GND' [/tmp/sched_synth_BATCHDNN_eewmtf9d/batchdnn_scheduler.sv:196]
CRITICAL WARNING: [Synth 8-6858] multi-driven net Q is connected to at least one constant driver which has been preserved, other driver is ignored [/tmp/sched_synth_BATCHDNN_eewmtf9d/batchdnn_scheduler.sv:196]
CRITICAL WARNING: [Synth 8-6859] multi-driven net on pin Q with 1st driver pin 'i_2/sched_table_reg[24][compute_done_flag]__0/Q' [/tmp/sched_synth_BATCHDNN_eewmtf9d/batchdnn_scheduler.sv:196]
CRITICAL WARNING: [Synth 8-6859] multi-driven net on pin Q with 2nd driver pin 'GND' [/tmp/sched_synth_BATCHDNN_eewmtf9d/batchdnn_scheduler.sv:196]
CRITICAL WARNING: [Synth 8-6858] multi-driven net Q is connected to at least one constant driver which has been preserved, other driver is ignored [/tmp/sched_synth_BATCHDNN_eewmtf9d/batchdnn_scheduler.sv:196]
CRITICAL WARNING: [Synth 8-6859] multi-driven net on pin Q with 1st driver pin 'i_2/sched_table_reg[25][compute_done_flag]__0/Q' [/tmp/sched_synth_BATCHDNN_eewmtf9d/batchdnn_scheduler.sv:196]
CRITICAL WARNING: [Synth 8-6859] multi-driven net on pin Q with 2nd driver pin 'GND' [/tmp/sched_synth_BATCHDNN_eewmtf9d/batchdnn_scheduler.sv:196]
CRITICAL WARNING: [Synth 8-6858] multi-driven net Q is connected to at least one constant driver which has been preserved, other driver is ignored [/tmp/sched_synth_BATCHDNN_eewmtf9d/batchdnn_scheduler.sv:196]
CRITICAL WARNING: [Synth 8-6859] multi-driven net on pin Q with 1st driver pin 'i_2/sched_table_reg[26][compute_done_flag]__0/Q' [/tmp/sched_synth_BATCHDNN_eewmtf9d/batchdnn_scheduler.sv:196]
CRITICAL WARNING: [Synth 8-6859] multi-driven net on pin Q with 2nd driver pin 'GND' [/tmp/sched_synth_BATCHDNN_eewmtf9d/batchdnn_scheduler.sv:196]
CRITICAL WARNING: [Synth 8-6858] multi-driven net Q is connected to at least one constant driver which has been preserved, other driver is ignored [/tmp/sched_synth_BATCHDNN_eewmtf9d/batchdnn_scheduler.sv:196]
CRITICAL WARNING: [Synth 8-6859] multi-driven net on pin Q with 1st driver pin 'i_2/sched_table_reg[27][compute_done_flag]__0/Q' [/tmp/sched_synth_BATCHDNN_eewmtf9d/batchdnn_scheduler.sv:196]
CRITICAL WARNING: [Synth 8-6859] multi-driven net on pin Q with 2nd driver pin 'GND' [/tmp/sched_synth_BATCHDNN_eewmtf9d/batchdnn_scheduler.sv:196]
CRITICAL WARNING: [Synth 8-6858] multi-driven net Q is connected to at least one constant driver which has been preserved, other driver is ignored [/tmp/sched_synth_BATCHDNN_eewmtf9d/batchdnn_scheduler.sv:196]
CRITICAL WARNING: [Synth 8-6859] multi-driven net on pin Q with 1st driver pin 'i_2/sched_table_reg[28][compute_done_flag]__0/Q' [/tmp/sched_synth_BATCHDNN_eewmtf9d/batchdnn_scheduler.sv:196]
CRITICAL WARNING: [Synth 8-6859] multi-driven net on pin Q with 2nd driver pin 'GND' [/tmp/sched_synth_BATCHDNN_eewmtf9d/batchdnn_scheduler.sv:196]
CRITICAL WARNING: [Synth 8-6858] multi-driven net Q is connected to at least one constant driver which has been preserved, other driver is ignored [/tmp/sched_synth_BATCHDNN_eewmtf9d/batchdnn_scheduler.sv:196]
CRITICAL WARNING: [Synth 8-6859] multi-driven net on pin Q with 1st driver pin 'i_2/sched_table_reg[29][compute_done_flag]__0/Q' [/tmp/sched_synth_BATCHDNN_eewmtf9d/batchdnn_scheduler.sv:196]
CRITICAL WARNING: [Synth 8-6859] multi-driven net on pin Q with 2nd driver pin 'GND' [/tmp/sched_synth_BATCHDNN_eewmtf9d/batchdnn_scheduler.sv:196]
CRITICAL WARNING: [Synth 8-6858] multi-driven net Q is connected to at least one constant driver which has been preserved, other driver is ignored [/tmp/sched_synth_BATCHDNN_eewmtf9d/batchdnn_scheduler.sv:196]
CRITICAL WARNING: [Synth 8-6859] multi-driven net on pin Q with 1st driver pin 'i_2/sched_table_reg[30][compute_done_flag]__0/Q' [/tmp/sched_synth_BATCHDNN_eewmtf9d/batchdnn_scheduler.sv:196]
CRITICAL WARNING: [Synth 8-6859] multi-driven net on pin Q with 2nd driver pin 'GND' [/tmp/sched_synth_BATCHDNN_eewmtf9d/batchdnn_scheduler.sv:196]
CRITICAL WARNING: [Synth 8-6858] multi-driven net Q is connected to at least one constant driver which has been preserved, other driver is ignored [/tmp/sched_synth_BATCHDNN_eewmtf9d/batchdnn_scheduler.sv:196]
CRITICAL WARNING: [Synth 8-6859] multi-driven net on pin Q with 1st driver pin 'i_2/sched_table_reg[31][compute_done_flag]__0/Q' [/tmp/sched_synth_BATCHDNN_eewmtf9d/batchdnn_scheduler.sv:196]
CRITICAL WARNING: [Synth 8-6859] multi-driven net on pin Q with 2nd driver pin 'GND' [/tmp/sched_synth_BATCHDNN_eewmtf9d/batchdnn_scheduler.sv:196]
CRITICAL WARNING: [Synth 8-6858] multi-driven net Q is connected to at least one constant driver which has been preserved, other driver is ignored [/tmp/sched_synth_BATCHDNN_eewmtf9d/batchdnn_scheduler.sv:196]
CRITICAL WARNING: [Synth 8-6859] multi-driven net on pin Q with 1st driver pin 'i_2/sched_table_reg[6][compute_done_flag]__0/Q' [/tmp/sched_synth_BATCHDNN_eewmtf9d/batchdnn_scheduler.sv:196]
CRITICAL WARNING: [Synth 8-6859] multi-driven net on pin Q with 2nd driver pin 'GND' [/tmp/sched_synth_BATCHDNN_eewmtf9d/batchdnn_scheduler.sv:196]
CRITICAL WARNING: [Synth 8-6858] multi-driven net Q is connected to at least one constant driver which has been preserved, other driver is ignored [/tmp/sched_synth_BATCHDNN_eewmtf9d/batchdnn_scheduler.sv:196]
CRITICAL WARNING: [Synth 8-6859] multi-driven net on pin Q with 1st driver pin 'i_2/sched_table_reg[5][compute_done_flag]__0/Q' [/tmp/sched_synth_BATCHDNN_eewmtf9d/batchdnn_scheduler.sv:196]
CRITICAL WARNING: [Synth 8-6859] multi-driven net on pin Q with 2nd driver pin 'GND' [/tmp/sched_synth_BATCHDNN_eewmtf9d/batchdnn_scheduler.sv:196]
CRITICAL WARNING: [Synth 8-6858] multi-driven net Q is connected to at least one constant driver which has been preserved, other driver is ignored [/tmp/sched_synth_BATCHDNN_eewmtf9d/batchdnn_scheduler.sv:196]
CRITICAL WARNING: [Synth 8-6859] multi-driven net on pin Q with 1st driver pin 'i_2/sched_table_reg[4][compute_done_flag]__0/Q' [/tmp/sched_synth_BATCHDNN_eewmtf9d/batchdnn_scheduler.sv:196]
CRITICAL WARNING: [Synth 8-6859] multi-driven net on pin Q with 2nd driver pin 'GND' [/tmp/sched_synth_BATCHDNN_eewmtf9d/batchdnn_scheduler.sv:196]
CRITICAL WARNING: [Synth 8-6858] multi-driven net Q is connected to at least one constant driver which has been preserved, other driver is ignored [/tmp/sched_synth_BATCHDNN_eewmtf9d/batchdnn_scheduler.sv:196]
CRITICAL WARNING: [Synth 8-6859] multi-driven net on pin Q with 1st driver pin 'i_2/sched_table_reg[3][compute_done_flag]__0/Q' [/tmp/sched_synth_BATCHDNN_eewmtf9d/batchdnn_scheduler.sv:196]
CRITICAL WARNING: [Synth 8-6859] multi-driven net on pin Q with 2nd driver pin 'GND' [/tmp/sched_synth_BATCHDNN_eewmtf9d/batchdnn_scheduler.sv:196]
CRITICAL WARNING: [Synth 8-6858] multi-driven net Q is connected to at least one constant driver which has been preserved, other driver is ignored [/tmp/sched_synth_BATCHDNN_eewmtf9d/batchdnn_scheduler.sv:196]
CRITICAL WARNING: [Synth 8-6859] multi-driven net on pin Q with 1st driver pin 'i_2/sched_table_reg[2][compute_done_flag]__0/Q' [/tmp/sched_synth_BATCHDNN_eewmtf9d/batchdnn_scheduler.sv:196]
CRITICAL WARNING: [Synth 8-6859] multi-driven net on pin Q with 2nd driver pin 'GND' [/tmp/sched_synth_BATCHDNN_eewmtf9d/batchdnn_scheduler.sv:196]
CRITICAL WARNING: [Synth 8-6858] multi-driven net Q is connected to at least one constant driver which has been preserved, other driver is ignored [/tmp/sched_synth_BATCHDNN_eewmtf9d/batchdnn_scheduler.sv:196]
CRITICAL WARNING: [Synth 8-6859] multi-driven net on pin Q with 1st driver pin 'i_2/sched_table_reg[1][compute_done_flag]__0/Q' [/tmp/sched_synth_BATCHDNN_eewmtf9d/batchdnn_scheduler.sv:196]
CRITICAL WARNING: [Synth 8-6859] multi-driven net on pin Q with 2nd driver pin 'GND' [/tmp/sched_synth_BATCHDNN_eewmtf9d/batchdnn_scheduler.sv:196]
CRITICAL WARNING: [Synth 8-6858] multi-driven net Q is connected to at least one constant driver which has been preserved, other driver is ignored [/tmp/sched_synth_BATCHDNN_eewmtf9d/batchdnn_scheduler.sv:196]
CRITICAL WARNING: [Synth 8-6859] multi-driven net on pin Q with 1st driver pin 'i_2/sched_table_reg[0][compute_done_flag]__0/Q' [/tmp/sched_synth_BATCHDNN_eewmtf9d/batchdnn_scheduler.sv:196]
CRITICAL WARNING: [Synth 8-6859] multi-driven net on pin Q with 2nd driver pin 'GND' [/tmp/sched_synth_BATCHDNN_eewmtf9d/batchdnn_scheduler.sv:196]
CRITICAL WARNING: [Synth 8-6858] multi-driven net Q is connected to at least one constant driver which has been preserved, other driver is ignored [/tmp/sched_synth_BATCHDNN_eewmtf9d/batchdnn_scheduler.sv:196]
CRITICAL WARNING: [Synth 8-6859] multi-driven net on pin Q with 1st driver pin 'i_2/sched_table_reg[31][mem_access_done_flag]__0/Q' [/tmp/sched_synth_BATCHDNN_eewmtf9d/batchdnn_scheduler.sv:196]
CRITICAL WARNING: [Synth 8-6859] multi-driven net on pin Q with 2nd driver pin 'GND' [/tmp/sched_synth_BATCHDNN_eewmtf9d/batchdnn_scheduler.sv:196]
CRITICAL WARNING: [Synth 8-6858] multi-driven net Q is connected to at least one constant driver which has been preserved, other driver is ignored [/tmp/sched_synth_BATCHDNN_eewmtf9d/batchdnn_scheduler.sv:196]
CRITICAL WARNING: [Synth 8-6859] multi-driven net on pin Q with 1st driver pin 'i_2/sched_table_reg[30][mem_access_done_flag]__0/Q' [/tmp/sched_synth_BATCHDNN_eewmtf9d/batchdnn_scheduler.sv:196]
CRITICAL WARNING: [Synth 8-6859] multi-driven net on pin Q with 2nd driver pin 'GND' [/tmp/sched_synth_BATCHDNN_eewmtf9d/batchdnn_scheduler.sv:196]
CRITICAL WARNING: [Synth 8-6858] multi-driven net Q is connected to at least one constant driver which has been preserved, other driver is ignored [/tmp/sched_synth_BATCHDNN_eewmtf9d/batchdnn_scheduler.sv:196]
CRITICAL WARNING: [Synth 8-6859] multi-driven net on pin Q with 1st driver pin 'i_2/sched_table_reg[29][mem_access_done_flag]__0/Q' [/tmp/sched_synth_BATCHDNN_eewmtf9d/batchdnn_scheduler.sv:196]
CRITICAL WARNING: [Synth 8-6859] multi-driven net on pin Q with 2nd driver pin 'GND' [/tmp/sched_synth_BATCHDNN_eewmtf9d/batchdnn_scheduler.sv:196]
CRITICAL WARNING: [Synth 8-6858] multi-driven net Q is connected to at least one constant driver which has been preserved, other driver is ignored [/tmp/sched_synth_BATCHDNN_eewmtf9d/batchdnn_scheduler.sv:196]
CRITICAL WARNING: [Synth 8-6859] multi-driven net on pin Q with 1st driver pin 'i_2/sched_table_reg[28][mem_access_done_flag]__0/Q' [/tmp/sched_synth_BATCHDNN_eewmtf9d/batchdnn_scheduler.sv:196]
CRITICAL WARNING: [Synth 8-6859] multi-driven net on pin Q with 2nd driver pin 'GND' [/tmp/sched_synth_BATCHDNN_eewmtf9d/batchdnn_scheduler.sv:196]
CRITICAL WARNING: [Synth 8-6858] multi-driven net Q is connected to at least one constant driver which has been preserved, other driver is ignored [/tmp/sched_synth_BATCHDNN_eewmtf9d/batchdnn_scheduler.sv:196]
CRITICAL WARNING: [Synth 8-6859] multi-driven net on pin Q with 1st driver pin 'i_2/sched_table_reg[27][mem_access_done_flag]__0/Q' [/tmp/sched_synth_BATCHDNN_eewmtf9d/batchdnn_scheduler.sv:196]
CRITICAL WARNING: [Synth 8-6859] multi-driven net on pin Q with 2nd driver pin 'GND' [/tmp/sched_synth_BATCHDNN_eewmtf9d/batchdnn_scheduler.sv:196]
CRITICAL WARNING: [Synth 8-6858] multi-driven net Q is connected to at least one constant driver which has been preserved, other driver is ignored [/tmp/sched_synth_BATCHDNN_eewmtf9d/batchdnn_scheduler.sv:196]
CRITICAL WARNING: [Synth 8-6859] multi-driven net on pin Q with 1st driver pin 'i_2/sched_table_reg[26][mem_access_done_flag]__0/Q' [/tmp/sched_synth_BATCHDNN_eewmtf9d/batchdnn_scheduler.sv:196]
CRITICAL WARNING: [Synth 8-6859] multi-driven net on pin Q with 2nd driver pin 'GND' [/tmp/sched_synth_BATCHDNN_eewmtf9d/batchdnn_scheduler.sv:196]
CRITICAL WARNING: [Synth 8-6858] multi-driven net Q is connected to at least one constant driver which has been preserved, other driver is ignored [/tmp/sched_synth_BATCHDNN_eewmtf9d/batchdnn_scheduler.sv:196]
CRITICAL WARNING: [Synth 8-6859] multi-driven net on pin Q with 1st driver pin 'i_2/sched_table_reg[25][mem_access_done_flag]__0/Q' [/tmp/sched_synth_BATCHDNN_eewmtf9d/batchdnn_scheduler.sv:196]
CRITICAL WARNING: [Synth 8-6859] multi-driven net on pin Q with 2nd driver pin 'GND' [/tmp/sched_synth_BATCHDNN_eewmtf9d/batchdnn_scheduler.sv:196]
CRITICAL WARNING: [Synth 8-6858] multi-driven net Q is connected to at least one constant driver which has been preserved, other driver is ignored [/tmp/sched_synth_BATCHDNN_eewmtf9d/batchdnn_scheduler.sv:196]
CRITICAL WARNING: [Synth 8-6859] multi-driven net on pin Q with 1st driver pin 'i_2/sched_table_reg[24][mem_access_done_flag]__0/Q' [/tmp/sched_synth_BATCHDNN_eewmtf9d/batchdnn_scheduler.sv:196]
CRITICAL WARNING: [Synth 8-6859] multi-driven net on pin Q with 2nd driver pin 'GND' [/tmp/sched_synth_BATCHDNN_eewmtf9d/batchdnn_scheduler.sv:196]
CRITICAL WARNING: [Synth 8-6858] multi-driven net Q is connected to at least one constant driver which has been preserved, other driver is ignored [/tmp/sched_synth_BATCHDNN_eewmtf9d/batchdnn_scheduler.sv:196]
CRITICAL WARNING: [Synth 8-6859] multi-driven net on pin Q with 1st driver pin 'i_2/sched_table_reg[23][mem_access_done_flag]__0/Q' [/tmp/sched_synth_BATCHDNN_eewmtf9d/batchdnn_scheduler.sv:196]
CRITICAL WARNING: [Synth 8-6859] multi-driven net on pin Q with 2nd driver pin 'GND' [/tmp/sched_synth_BATCHDNN_eewmtf9d/batchdnn_scheduler.sv:196]
CRITICAL WARNING: [Synth 8-6858] multi-driven net Q is connected to at least one constant driver which has been preserved, other driver is ignored [/tmp/sched_synth_BATCHDNN_eewmtf9d/batchdnn_scheduler.sv:196]
CRITICAL WARNING: [Synth 8-6859] multi-driven net on pin Q with 1st driver pin 'i_2/sched_table_reg[22][mem_access_done_flag]__0/Q' [/tmp/sched_synth_BATCHDNN_eewmtf9d/batchdnn_scheduler.sv:196]
CRITICAL WARNING: [Synth 8-6859] multi-driven net on pin Q with 2nd driver pin 'GND' [/tmp/sched_synth_BATCHDNN_eewmtf9d/batchdnn_scheduler.sv:196]
CRITICAL WARNING: [Synth 8-6858] multi-driven net Q is connected to at least one constant driver which has been preserved, other driver is ignored [/tmp/sched_synth_BATCHDNN_eewmtf9d/batchdnn_scheduler.sv:196]
CRITICAL WARNING: [Synth 8-6859] multi-driven net on pin Q with 1st driver pin 'i_2/sched_table_reg[21][mem_access_done_flag]__0/Q' [/tmp/sched_synth_BATCHDNN_eewmtf9d/batchdnn_scheduler.sv:196]
CRITICAL WARNING: [Synth 8-6859] multi-driven net on pin Q with 2nd driver pin 'GND' [/tmp/sched_synth_BATCHDNN_eewmtf9d/batchdnn_scheduler.sv:196]
CRITICAL WARNING: [Synth 8-6858] multi-driven net Q is connected to at least one constant driver which has been preserved, other driver is ignored [/tmp/sched_synth_BATCHDNN_eewmtf9d/batchdnn_scheduler.sv:196]
CRITICAL WARNING: [Synth 8-6859] multi-driven net on pin Q with 1st driver pin 'i_2/sched_table_reg[20][mem_access_done_flag]__0/Q' [/tmp/sched_synth_BATCHDNN_eewmtf9d/batchdnn_scheduler.sv:196]
CRITICAL WARNING: [Synth 8-6859] multi-driven net on pin Q with 2nd driver pin 'GND' [/tmp/sched_synth_BATCHDNN_eewmtf9d/batchdnn_scheduler.sv:196]
CRITICAL WARNING: [Synth 8-6858] multi-driven net Q is connected to at least one constant driver which has been preserved, other driver is ignored [/tmp/sched_synth_BATCHDNN_eewmtf9d/batchdnn_scheduler.sv:196]
CRITICAL WARNING: [Synth 8-6859] multi-driven net on pin Q with 1st driver pin 'i_2/sched_table_reg[19][mem_access_done_flag]__0/Q' [/tmp/sched_synth_BATCHDNN_eewmtf9d/batchdnn_scheduler.sv:196]
CRITICAL WARNING: [Synth 8-6859] multi-driven net on pin Q with 2nd driver pin 'GND' [/tmp/sched_synth_BATCHDNN_eewmtf9d/batchdnn_scheduler.sv:196]
CRITICAL WARNING: [Synth 8-6858] multi-driven net Q is connected to at least one constant driver which has been preserved, other driver is ignored [/tmp/sched_synth_BATCHDNN_eewmtf9d/batchdnn_scheduler.sv:196]
CRITICAL WARNING: [Synth 8-6859] multi-driven net on pin Q with 1st driver pin 'i_2/sched_table_reg[18][mem_access_done_flag]__0/Q' [/tmp/sched_synth_BATCHDNN_eewmtf9d/batchdnn_scheduler.sv:196]
CRITICAL WARNING: [Synth 8-6859] multi-driven net on pin Q with 2nd driver pin 'GND' [/tmp/sched_synth_BATCHDNN_eewmtf9d/batchdnn_scheduler.sv:196]
CRITICAL WARNING: [Synth 8-6858] multi-driven net Q is connected to at least one constant driver which has been preserved, other driver is ignored [/tmp/sched_synth_BATCHDNN_eewmtf9d/batchdnn_scheduler.sv:196]
CRITICAL WARNING: [Synth 8-6859] multi-driven net on pin Q with 1st driver pin 'i_2/sched_table_reg[17][mem_access_done_flag]__0/Q' [/tmp/sched_synth_BATCHDNN_eewmtf9d/batchdnn_scheduler.sv:196]
CRITICAL WARNING: [Synth 8-6859] multi-driven net on pin Q with 2nd driver pin 'GND' [/tmp/sched_synth_BATCHDNN_eewmtf9d/batchdnn_scheduler.sv:196]
CRITICAL WARNING: [Synth 8-6858] multi-driven net Q is connected to at least one constant driver which has been preserved, other driver is ignored [/tmp/sched_synth_BATCHDNN_eewmtf9d/batchdnn_scheduler.sv:196]
CRITICAL WARNING: [Synth 8-6859] multi-driven net on pin Q with 1st driver pin 'i_2/sched_table_reg[16][mem_access_done_flag]__0/Q' [/tmp/sched_synth_BATCHDNN_eewmtf9d/batchdnn_scheduler.sv:196]
CRITICAL WARNING: [Synth 8-6859] multi-driven net on pin Q with 2nd driver pin 'GND' [/tmp/sched_synth_BATCHDNN_eewmtf9d/batchdnn_scheduler.sv:196]
CRITICAL WARNING: [Synth 8-6858] multi-driven net Q is connected to at least one constant driver which has been preserved, other driver is ignored [/tmp/sched_synth_BATCHDNN_eewmtf9d/batchdnn_scheduler.sv:196]
CRITICAL WARNING: [Synth 8-6859] multi-driven net on pin Q with 1st driver pin 'i_2/sched_table_reg[15][mem_access_done_flag]__0/Q' [/tmp/sched_synth_BATCHDNN_eewmtf9d/batchdnn_scheduler.sv:196]
CRITICAL WARNING: [Synth 8-6859] multi-driven net on pin Q with 2nd driver pin 'GND' [/tmp/sched_synth_BATCHDNN_eewmtf9d/batchdnn_scheduler.sv:196]
CRITICAL WARNING: [Synth 8-6858] multi-driven net Q is connected to at least one constant driver which has been preserved, other driver is ignored [/tmp/sched_synth_BATCHDNN_eewmtf9d/batchdnn_scheduler.sv:196]
CRITICAL WARNING: [Synth 8-6859] multi-driven net on pin Q with 1st driver pin 'i_2/sched_table_reg[14][mem_access_done_flag]__0/Q' [/tmp/sched_synth_BATCHDNN_eewmtf9d/batchdnn_scheduler.sv:196]
CRITICAL WARNING: [Synth 8-6859] multi-driven net on pin Q with 2nd driver pin 'GND' [/tmp/sched_synth_BATCHDNN_eewmtf9d/batchdnn_scheduler.sv:196]
INFO: [Common 17-14] Message 'Synth 8-6859' appears 100 times and further instances of the messages will be disabled. Use the Tcl command set_msg_config to change the current settings.
CRITICAL WARNING: [Synth 8-6858] multi-driven net Q is connected to at least one constant driver which has been preserved, other driver is ignored [/tmp/sched_synth_BATCHDNN_eewmtf9d/batchdnn_scheduler.sv:196]
CRITICAL WARNING: [Synth 8-6858] multi-driven net Q is connected to at least one constant driver which has been preserved, other driver is ignored [/tmp/sched_synth_BATCHDNN_eewmtf9d/batchdnn_scheduler.sv:196]
CRITICAL WARNING: [Synth 8-6858] multi-driven net Q is connected to at least one constant driver which has been preserved, other driver is ignored [/tmp/sched_synth_BATCHDNN_eewmtf9d/batchdnn_scheduler.sv:196]
CRITICAL WARNING: [Synth 8-6858] multi-driven net Q is connected to at least one constant driver which has been preserved, other driver is ignored [/tmp/sched_synth_BATCHDNN_eewmtf9d/batchdnn_scheduler.sv:196]
CRITICAL WARNING: [Synth 8-6858] multi-driven net Q is connected to at least one constant driver which has been preserved, other driver is ignored [/tmp/sched_synth_BATCHDNN_eewmtf9d/batchdnn_scheduler.sv:196]
CRITICAL WARNING: [Synth 8-6858] multi-driven net Q is connected to at least one constant driver which has been preserved, other driver is ignored [/tmp/sched_synth_BATCHDNN_eewmtf9d/batchdnn_scheduler.sv:196]
CRITICAL WARNING: [Synth 8-6858] multi-driven net Q is connected to at least one constant driver which has been preserved, other driver is ignored [/tmp/sched_synth_BATCHDNN_eewmtf9d/batchdnn_scheduler.sv:196]
CRITICAL WARNING: [Synth 8-6858] multi-driven net Q is connected to at least one constant driver which has been preserved, other driver is ignored [/tmp/sched_synth_BATCHDNN_eewmtf9d/batchdnn_scheduler.sv:196]
CRITICAL WARNING: [Synth 8-6858] multi-driven net Q is connected to at least one constant driver which has been preserved, other driver is ignored [/tmp/sched_synth_BATCHDNN_eewmtf9d/batchdnn_scheduler.sv:196]
CRITICAL WARNING: [Synth 8-6858] multi-driven net Q is connected to at least one constant driver which has been preserved, other driver is ignored [/tmp/sched_synth_BATCHDNN_eewmtf9d/batchdnn_scheduler.sv:196]
CRITICAL WARNING: [Synth 8-6858] multi-driven net Q is connected to at least one constant driver which has been preserved, other driver is ignored [/tmp/sched_synth_BATCHDNN_eewmtf9d/batchdnn_scheduler.sv:196]
CRITICAL WARNING: [Synth 8-6858] multi-driven net Q is connected to at least one constant driver which has been preserved, other driver is ignored [/tmp/sched_synth_BATCHDNN_eewmtf9d/batchdnn_scheduler.sv:196]
CRITICAL WARNING: [Synth 8-6858] multi-driven net Q is connected to at least one constant driver which has been preserved, other driver is ignored [/tmp/sched_synth_BATCHDNN_eewmtf9d/batchdnn_scheduler.sv:196]
CRITICAL WARNING: [Synth 8-6858] multi-driven net Q is connected to at least one constant driver which has been preserved, other driver is ignored [/tmp/sched_synth_BATCHDNN_eewmtf9d/batchdnn_scheduler.sv:196]
CRITICAL WARNING: [Synth 8-6858] multi-driven net Q is connected to at least one constant driver which has been preserved, other driver is ignored [/tmp/sched_synth_BATCHDNN_eewmtf9d/batchdnn_scheduler.sv:196]
CRITICAL WARNING: [Synth 8-6858] multi-driven net Q is connected to at least one constant driver which has been preserved, other driver is ignored [/tmp/sched_synth_BATCHDNN_eewmtf9d/batchdnn_scheduler.sv:200]
CRITICAL WARNING: [Synth 8-6858] multi-driven net Q is connected to at least one constant driver which has been preserved, other driver is ignored [/tmp/sched_synth_BATCHDNN_eewmtf9d/batchdnn_scheduler.sv:200]
CRITICAL WARNING: [Synth 8-6858] multi-driven net Q is connected to at least one constant driver which has been preserved, other driver is ignored [/tmp/sched_synth_BATCHDNN_eewmtf9d/batchdnn_scheduler.sv:200]
CRITICAL WARNING: [Synth 8-6858] multi-driven net Q is connected to at least one constant driver which has been preserved, other driver is ignored [/tmp/sched_synth_BATCHDNN_eewmtf9d/batchdnn_scheduler.sv:200]
CRITICAL WARNING: [Synth 8-6858] multi-driven net Q is connected to at least one constant driver which has been preserved, other driver is ignored [/tmp/sched_synth_BATCHDNN_eewmtf9d/batchdnn_scheduler.sv:200]
CRITICAL WARNING: [Synth 8-6858] multi-driven net Q is connected to at least one constant driver which has been preserved, other driver is ignored [/tmp/sched_synth_BATCHDNN_eewmtf9d/batchdnn_scheduler.sv:200]
CRITICAL WARNING: [Synth 8-6858] multi-driven net Q is connected to at least one constant driver which has been preserved, other driver is ignored [/tmp/sched_synth_BATCHDNN_eewmtf9d/batchdnn_scheduler.sv:200]
CRITICAL WARNING: [Synth 8-6858] multi-driven net Q is connected to at least one constant driver which has been preserved, other driver is ignored [/tmp/sched_synth_BATCHDNN_eewmtf9d/batchdnn_scheduler.sv:200]
CRITICAL WARNING: [Synth 8-6858] multi-driven net Q is connected to at least one constant driver which has been preserved, other driver is ignored [/tmp/sched_synth_BATCHDNN_eewmtf9d/batchdnn_scheduler.sv:200]
CRITICAL WARNING: [Synth 8-6858] multi-driven net Q is connected to at least one constant driver which has been preserved, other driver is ignored [/tmp/sched_synth_BATCHDNN_eewmtf9d/batchdnn_scheduler.sv:200]
CRITICAL WARNING: [Synth 8-6858] multi-driven net Q is connected to at least one constant driver which has been preserved, other driver is ignored [/tmp/sched_synth_BATCHDNN_eewmtf9d/batchdnn_scheduler.sv:200]
CRITICAL WARNING: [Synth 8-6858] multi-driven net Q is connected to at least one constant driver which has been preserved, other driver is ignored [/tmp/sched_synth_BATCHDNN_eewmtf9d/batchdnn_scheduler.sv:200]
CRITICAL WARNING: [Synth 8-6858] multi-driven net Q is connected to at least one constant driver which has been preserved, other driver is ignored [/tmp/sched_synth_BATCHDNN_eewmtf9d/batchdnn_scheduler.sv:200]
CRITICAL WARNING: [Synth 8-6858] multi-driven net Q is connected to at least one constant driver which has been preserved, other driver is ignored [/tmp/sched_synth_BATCHDNN_eewmtf9d/batchdnn_scheduler.sv:200]
CRITICAL WARNING: [Synth 8-6858] multi-driven net Q is connected to at least one constant driver which has been preserved, other driver is ignored [/tmp/sched_synth_BATCHDNN_eewmtf9d/batchdnn_scheduler.sv:200]
CRITICAL WARNING: [Synth 8-6858] multi-driven net Q is connected to at least one constant driver which has been preserved, other driver is ignored [/tmp/sched_synth_BATCHDNN_eewmtf9d/batchdnn_scheduler.sv:200]
CRITICAL WARNING: [Synth 8-6858] multi-driven net Q is connected to at least one constant driver which has been preserved, other driver is ignored [/tmp/sched_synth_BATCHDNN_eewmtf9d/batchdnn_scheduler.sv:200]
CRITICAL WARNING: [Synth 8-6858] multi-driven net Q is connected to at least one constant driver which has been preserved, other driver is ignored [/tmp/sched_synth_BATCHDNN_eewmtf9d/batchdnn_scheduler.sv:200]
CRITICAL WARNING: [Synth 8-6858] multi-driven net Q is connected to at least one constant driver which has been preserved, other driver is ignored [/tmp/sched_synth_BATCHDNN_eewmtf9d/batchdnn_scheduler.sv:200]
CRITICAL WARNING: [Synth 8-6858] multi-driven net Q is connected to at least one constant driver which has been preserved, other driver is ignored [/tmp/sched_synth_BATCHDNN_eewmtf9d/batchdnn_scheduler.sv:200]
CRITICAL WARNING: [Synth 8-6858] multi-driven net Q is connected to at least one constant driver which has been preserved, other driver is ignored [/tmp/sched_synth_BATCHDNN_eewmtf9d/batchdnn_scheduler.sv:200]
CRITICAL WARNING: [Synth 8-6858] multi-driven net Q is connected to at least one constant driver which has been preserved, other driver is ignored [/tmp/sched_synth_BATCHDNN_eewmtf9d/batchdnn_scheduler.sv:200]
CRITICAL WARNING: [Synth 8-6858] multi-driven net Q is connected to at least one constant driver which has been preserved, other driver is ignored [/tmp/sched_synth_BATCHDNN_eewmtf9d/batchdnn_scheduler.sv:200]
CRITICAL WARNING: [Synth 8-6858] multi-driven net Q is connected to at least one constant driver which has been preserved, other driver is ignored [/tmp/sched_synth_BATCHDNN_eewmtf9d/batchdnn_scheduler.sv:200]
CRITICAL WARNING: [Synth 8-6858] multi-driven net Q is connected to at least one constant driver which has been preserved, other driver is ignored [/tmp/sched_synth_BATCHDNN_eewmtf9d/batchdnn_scheduler.sv:200]
CRITICAL WARNING: [Synth 8-6858] multi-driven net Q is connected to at least one constant driver which has been preserved, other driver is ignored [/tmp/sched_synth_BATCHDNN_eewmtf9d/batchdnn_scheduler.sv:200]
CRITICAL WARNING: [Synth 8-6858] multi-driven net Q is connected to at least one constant driver which has been preserved, other driver is ignored [/tmp/sched_synth_BATCHDNN_eewmtf9d/batchdnn_scheduler.sv:200]
CRITICAL WARNING: [Synth 8-6858] multi-driven net Q is connected to at least one constant driver which has been preserved, other driver is ignored [/tmp/sched_synth_BATCHDNN_eewmtf9d/batchdnn_scheduler.sv:200]
CRITICAL WARNING: [Synth 8-6858] multi-driven net Q is connected to at least one constant driver which has been preserved, other driver is ignored [/tmp/sched_synth_BATCHDNN_eewmtf9d/batchdnn_scheduler.sv:200]
CRITICAL WARNING: [Synth 8-6858] multi-driven net Q is connected to at least one constant driver which has been preserved, other driver is ignored [/tmp/sched_synth_BATCHDNN_eewmtf9d/batchdnn_scheduler.sv:200]
CRITICAL WARNING: [Synth 8-6858] multi-driven net Q is connected to at least one constant driver which has been preserved, other driver is ignored [/tmp/sched_synth_BATCHDNN_eewmtf9d/batchdnn_scheduler.sv:200]
CRITICAL WARNING: [Synth 8-6858] multi-driven net Q is connected to at least one constant driver which has been preserved, other driver is ignored [/tmp/sched_synth_BATCHDNN_eewmtf9d/batchdnn_scheduler.sv:200]
CRITICAL WARNING: [Synth 8-6858] multi-driven net Q is connected to at least one constant driver which has been preserved, other driver is ignored [/tmp/sched_synth_BATCHDNN_eewmtf9d/batchdnn_scheduler.sv:199]
CRITICAL WARNING: [Synth 8-6858] multi-driven net Q is connected to at least one constant driver which has been preserved, other driver is ignored [/tmp/sched_synth_BATCHDNN_eewmtf9d/batchdnn_scheduler.sv:199]
CRITICAL WARNING: [Synth 8-6858] multi-driven net Q is connected to at least one constant driver which has been preserved, other driver is ignored [/tmp/sched_synth_BATCHDNN_eewmtf9d/batchdnn_scheduler.sv:199]
CRITICAL WARNING: [Synth 8-6858] multi-driven net Q is connected to at least one constant driver which has been preserved, other driver is ignored [/tmp/sched_synth_BATCHDNN_eewmtf9d/batchdnn_scheduler.sv:199]
INFO: [Common 17-14] Message 'Synth 8-6858' appears 100 times and further instances of the messages will be disabled. Use the Tcl command set_msg_config to change the current settings.
---------------------------------------------------------------------------------
Finished Cross Boundary and Area Optimization : Time (s): cpu = 00:00:34 ; elapsed = 00:00:34 . Memory (MB): peak = 2684.945 ; gain = 886.891 ; free physical = 7130 ; free virtual = 12868
---------------------------------------------------------------------------------
 Sort Area is batchdnn_scheduler__GB1 compute_cycle_ctr1_23 : 0 0 : 3101 5879 : Used 1 time 0
 Sort Area is batchdnn_scheduler__GB1 compute_cycle_ctr1_23 : 0 1 : 2778 5879 : Used 1 time 0
 Sort Area is batchdnn_scheduler__GB1 compute_cycle_ctr1_26 : 0 0 : 2759 5418 : Used 1 time 0
 Sort Area is batchdnn_scheduler__GB1 compute_cycle_ctr1_26 : 0 1 : 2659 5418 : Used 1 time 0
 Sort Area is batchdnn_scheduler__GB0 fits3_0 : 0 0 : 1729 3407 : Used 1 time 0
 Sort Area is batchdnn_scheduler__GB0 fits3_0 : 0 1 : 1678 3407 : Used 1 time 0
 Sort Area is batchdnn_scheduler__GB0 fits3_10 : 0 0 : 1729 3407 : Used 1 time 0
 Sort Area is batchdnn_scheduler__GB0 fits3_10 : 0 1 : 1678 3407 : Used 1 time 0
 Sort Area is batchdnn_scheduler__GB0 fits3_11 : 0 0 : 1729 3407 : Used 1 time 0
 Sort Area is batchdnn_scheduler__GB0 fits3_11 : 0 1 : 1678 3407 : Used 1 time 0
 Sort Area is batchdnn_scheduler__GB0 fits3_12 : 0 0 : 1729 3407 : Used 1 time 0
 Sort Area is batchdnn_scheduler__GB0 fits3_12 : 0 1 : 1678 3407 : Used 1 time 0
 Sort Area is batchdnn_scheduler__GB0 fits3_13 : 0 0 : 1729 3407 : Used 1 time 0
 Sort Area is batchdnn_scheduler__GB0 fits3_13 : 0 1 : 1678 3407 : Used 1 time 0
 Sort Area is batchdnn_scheduler__GB0 fits3_14 : 0 0 : 1729 3407 : Used 1 time 0
 Sort Area is batchdnn_scheduler__GB0 fits3_14 : 0 1 : 1678 3407 : Used 1 time 0
 Sort Area is batchdnn_scheduler__GB0 fits3_15 : 0 0 : 1729 3407 : Used 1 time 0
 Sort Area is batchdnn_scheduler__GB0 fits3_15 : 0 1 : 1678 3407 : Used 1 time 0
 Sort Area is batchdnn_scheduler__GB0 fits3_16 : 0 0 : 1729 3407 : Used 1 time 0
 Sort Area is batchdnn_scheduler__GB0 fits3_16 : 0 1 : 1678 3407 : Used 1 time 0
 Sort Area is batchdnn_scheduler__GB0 fits3_17 : 0 0 : 1729 3407 : Used 1 time 0
 Sort Area is batchdnn_scheduler__GB0 fits3_17 : 0 1 : 1678 3407 : Used 1 time 0
 Sort Area is batchdnn_scheduler__GB0 fits3_18 : 0 0 : 1729 3407 : Used 1 time 0
 Sort Area is batchdnn_scheduler__GB0 fits3_18 : 0 1 : 1678 3407 : Used 1 time 0
 Sort Area is batchdnn_scheduler__GB0 fits3_19 : 0 0 : 1729 3407 : Used 1 time 0
 Sort Area is batchdnn_scheduler__GB0 fits3_19 : 0 1 : 1678 3407 : Used 1 time 0
 Sort Area is batchdnn_scheduler__GB0 fits3_1a : 0 0 : 1729 3407 : Used 1 time 0
 Sort Area is batchdnn_scheduler__GB0 fits3_1a : 0 1 : 1678 3407 : Used 1 time 0
 Sort Area is batchdnn_scheduler__GB0 fits3_1b : 0 0 : 1729 3407 : Used 1 time 0
 Sort Area is batchdnn_scheduler__GB0 fits3_1b : 0 1 : 1678 3407 : Used 1 time 0
 Sort Area is batchdnn_scheduler__GB1 fits3_29 : 0 0 : 1729 3407 : Used 1 time 0
 Sort Area is batchdnn_scheduler__GB1 fits3_29 : 0 1 : 1678 3407 : Used 1 time 0
 Sort Area is batchdnn_scheduler__GB1 fits3_2a : 0 0 : 1729 3407 : Used 1 time 0
 Sort Area is batchdnn_scheduler__GB1 fits3_2a : 0 1 : 1678 3407 : Used 1 time 0
 Sort Area is batchdnn_scheduler__GB1 fits3_2b : 0 0 : 1729 3407 : Used 1 time 0
 Sort Area is batchdnn_scheduler__GB1 fits3_2b : 0 1 : 1678 3407 : Used 1 time 0
 Sort Area is batchdnn_scheduler__GB1 fits3_2c : 0 0 : 1729 3407 : Used 1 time 0
 Sort Area is batchdnn_scheduler__GB1 fits3_2c : 0 1 : 1678 3407 : Used 1 time 0
 Sort Area is batchdnn_scheduler__GB1 fits3_2d : 0 0 : 1729 3407 : Used 1 time 0
 Sort Area is batchdnn_scheduler__GB1 fits3_2d : 0 1 : 1678 3407 : Used 1 time 0
 Sort Area is batchdnn_scheduler__GB1 fits3_2e : 0 0 : 1729 3407 : Used 1 time 0
 Sort Area is batchdnn_scheduler__GB1 fits3_2e : 0 1 : 1678 3407 : Used 1 time 0
 Sort Area is batchdnn_scheduler__GB0 fits3_3 : 0 0 : 1729 3407 : Used 1 time 0
 Sort Area is batchdnn_scheduler__GB0 fits3_3 : 0 1 : 1678 3407 : Used 1 time 0
 Sort Area is batchdnn_scheduler__GB0 fits3_4 : 0 0 : 1729 3407 : Used 1 time 0
 Sort Area is batchdnn_scheduler__GB0 fits3_4 : 0 1 : 1678 3407 : Used 1 time 0
 Sort Area is batchdnn_scheduler__GB0 fits3_5 : 0 0 : 1729 3407 : Used 1 time 0
 Sort Area is batchdnn_scheduler__GB0 fits3_5 : 0 1 : 1678 3407 : Used 1 time 0
 Sort Area is batchdnn_scheduler__GB0 fits3_6 : 0 0 : 1729 3407 : Used 1 time 0
 Sort Area is batchdnn_scheduler__GB0 fits3_6 : 0 1 : 1678 3407 : Used 1 time 0
 Sort Area is batchdnn_scheduler__GB0 fits3_7 : 0 0 : 1729 3407 : Used 1 time 0
 Sort Area is batchdnn_scheduler__GB0 fits3_7 : 0 1 : 1678 3407 : Used 1 time 0
 Sort Area is batchdnn_scheduler__GB0 fits3_8 : 0 0 : 1729 3407 : Used 1 time 0
 Sort Area is batchdnn_scheduler__GB0 fits3_8 : 0 1 : 1678 3407 : Used 1 time 0
 Sort Area is batchdnn_scheduler__GB0 fits3_9 : 0 0 : 1729 3407 : Used 1 time 0
 Sort Area is batchdnn_scheduler__GB0 fits3_9 : 0 1 : 1678 3407 : Used 1 time 0
 Sort Area is batchdnn_scheduler__GB0 fits3_a : 0 0 : 1729 3407 : Used 1 time 0
 Sort Area is batchdnn_scheduler__GB0 fits3_a : 0 1 : 1678 3407 : Used 1 time 0
 Sort Area is batchdnn_scheduler__GB0 fits3_b : 0 0 : 1729 3407 : Used 1 time 0
 Sort Area is batchdnn_scheduler__GB0 fits3_b : 0 1 : 1678 3407 : Used 1 time 0
 Sort Area is batchdnn_scheduler__GB0 fits3_c : 0 0 : 1729 3407 : Used 1 time 0
 Sort Area is batchdnn_scheduler__GB0 fits3_c : 0 1 : 1678 3407 : Used 1 time 0
 Sort Area is batchdnn_scheduler__GB0 fits3_d : 0 0 : 1729 3407 : Used 1 time 0
 Sort Area is batchdnn_scheduler__GB0 fits3_d : 0 1 : 1678 3407 : Used 1 time 0
 Sort Area is batchdnn_scheduler__GB0 fits3_e : 0 0 : 1729 3407 : Used 1 time 0
 Sort Area is batchdnn_scheduler__GB0 fits3_e : 0 1 : 1678 3407 : Used 1 time 0
 Sort Area is batchdnn_scheduler__GB0 fits3_f : 0 0 : 1729 3407 : Used 1 time 0
 Sort Area is batchdnn_scheduler__GB0 fits3_f : 0 1 : 1678 3407 : Used 1 time 0
 Sort Area is batchdnn_scheduler__GB1 avail_mem_reg1_21 : 0 0 : 1623 3199 : Used 1 time 0
 Sort Area is batchdnn_scheduler__GB1 avail_mem_reg1_21 : 0 1 : 1576 3199 : Used 1 time 0
 Sort Area is batchdnn_scheduler__GB0 avail_mem_reg2_1f : 0 0 : 1623 3199 : Used 1 time 0
 Sort Area is batchdnn_scheduler__GB0 avail_mem_reg2_1f : 0 1 : 1576 3199 : Used 1 time 0
 Sort Area is batchdnn_scheduler__GB1 avail_mem_reg2_20 : 0 0 : 1623 3199 : Used 1 time 0
 Sort Area is batchdnn_scheduler__GB1 avail_mem_reg2_20 : 0 1 : 1576 3199 : Used 1 time 0
 Sort Area is batchdnn_scheduler__GB0 compute_cycle_ctr1_1c : 0 0 : 1623 3199 : Used 1 time 0
 Sort Area is batchdnn_scheduler__GB0 compute_cycle_ctr1_1c : 0 1 : 1576 3199 : Used 1 time 0
 Sort Area is batchdnn_scheduler__GB1 compute_cycle_ctr1_22 : 0 0 : 1623 3199 : Used 1 time 0
 Sort Area is batchdnn_scheduler__GB1 compute_cycle_ctr1_22 : 0 1 : 1576 3199 : Used 1 time 0
---------------------------------------------------------------------------------
Start ROM, RAM, DSP, Shift Register and Retiming Reporting
---------------------------------------------------------------------------------

DSP: Preliminary Mapping Report (see note below. The ' indicates corresponding REG is set)
+-------------------+----------------+--------+--------+--------+--------+--------+------+------+------+------+-------+------+------+
|Module Name        | DSP Mapping    | A Size | B Size | C Size | D Size | P Size | AREG | BREG | CREG | DREG | ADREG | MREG | PREG | 
+-------------------+----------------+--------+--------+--------+--------+--------+------+------+------+------+-------+------+------+
|batchdnn_scheduler | A*B            | 18     | 10     | -      | -      | 48     | 0    | 0    | -    | -    | -     | 0    | 0    | 
|batchdnn_scheduler | (PCIN>>17)+A*B | 16     | 10     | -      | -      | 48     | 0    | 0    | -    | -    | -     | 0    | 0    | 
|batchdnn_scheduler | A*B            | 18     | 10     | -      | -      | 48     | 0    | 0    | -    | -    | -     | 0    | 0    | 
|batchdnn_scheduler | (PCIN>>17)+A*B | 16     | 10     | -      | -      | 48     | 0    | 0    | -    | -    | -     | 0    | 0    | 
|batchdnn_scheduler | A*B            | 18     | 10     | -      | -      | 48     | 0    | 0    | -    | -    | -     | 0    | 0    | 
|batchdnn_scheduler | (PCIN>>17)+A*B | 16     | 10     | -      | -      | 48     | 0    | 0    | -    | -    | -     | 0    | 0    | 
|batchdnn_scheduler | A*B            | 18     | 10     | -      | -      | 48     | 0    | 0    | -    | -    | -     | 0    | 0    | 
|batchdnn_scheduler | (PCIN>>17)+A*B | 16     | 10     | -      | -      | 48     | 0    | 0    | -    | -    | -     | 0    | 0    | 
|batchdnn_scheduler | A*B            | 18     | 10     | -      | -      | 48     | 0    | 0    | -    | -    | -     | 0    | 0    | 
|batchdnn_scheduler | (PCIN>>17)+A*B | 16     | 10     | -      | -      | 48     | 0    | 0    | -    | -    | -     | 0    | 0    | 
|batchdnn_scheduler | A*B            | 18     | 10     | -      | -      | 48     | 0    | 0    | -    | -    | -     | 0    | 0    | 
|batchdnn_scheduler | (PCIN>>17)+A*B | 16     | 10     | -      | -      | 48     | 0    | 0    | -    | -    | -     | 0    | 0    | 
|batchdnn_scheduler | A*B            | 18     | 10     | -      | -      | 48     | 0    | 0    | -    | -    | -     | 0    | 0    | 
|batchdnn_scheduler | (PCIN>>17)+A*B | 16     | 10     | -      | -      | 48     | 0    | 0    | -    | -    | -     | 0    | 0    | 
|batchdnn_scheduler | A*B            | 18     | 10     | -      | -      | 48     | 0    | 0    | -    | -    | -     | 0    | 0    | 
|batchdnn_scheduler | (PCIN>>17)+A*B | 16     | 10     | -      | -      | 48     | 0    | 0    | -    | -    | -     | 0    | 0    | 
|batchdnn_scheduler | A*B            | 18     | 10     | -      | -      | 48     | 0    | 0    | -    | -    | -     | 0    | 0    | 
|batchdnn_scheduler | (PCIN>>17)+A*B | 16     | 10     | -      | -      | 48     | 0    | 0    | -    | -    | -     | 0    | 0    | 
|batchdnn_scheduler | A*B            | 18     | 10     | -      | -      | 48     | 0    | 0    | -    | -    | -     | 0    | 0    | 
|batchdnn_scheduler | (PCIN>>17)+A*B | 16     | 10     | -      | -      | 48     | 0    | 0    | -    | -    | -     | 0    | 0    | 
|batchdnn_scheduler | A*B            | 18     | 10     | -      | -      | 48     | 0    | 0    | -    | -    | -     | 0    | 0    | 
|batchdnn_scheduler | (PCIN>>17)+A*B | 16     | 10     | -      | -      | 48     | 0    | 0    | -    | -    | -     | 0    | 0    | 
|batchdnn_scheduler | A*B            | 18     | 10     | -      | -      | 48     | 0    | 0    | -    | -    | -     | 0    | 0    | 
|batchdnn_scheduler | (PCIN>>17)+A*B | 16     | 10     | -      | -      | 48     | 0    | 0    | -    | -    | -     | 0    | 0    | 
|batchdnn_scheduler | A*B            | 18     | 10     | -      | -      | 48     | 0    | 0    | -    | -    | -     | 0    | 0    | 
|batchdnn_scheduler | (PCIN>>17)+A*B | 16     | 10     | -      | -      | 48     | 0    | 0    | -    | -    | -     | 0    | 0    | 
|batchdnn_scheduler | A*B            | 18     | 10     | -      | -      | 48     | 0    | 0    | -    | -    | -     | 0    | 0    | 
|batchdnn_scheduler | (PCIN>>17)+A*B | 16     | 10     | -      | -      | 48     | 0    | 0    | -    | -    | -     | 0    | 0    | 
|batchdnn_scheduler | A*B            | 18     | 10     | -      | -      | 48     | 0    | 0    | -    | -    | -     | 0    | 0    | 
|batchdnn_scheduler | (PCIN>>17)+A*B | 16     | 10     | -      | -      | 48     | 0    | 0    | -    | -    | -     | 0    | 0    | 
|batchdnn_scheduler | A*B            | 18     | 10     | -      | -      | 48     | 0    | 0    | -    | -    | -     | 0    | 0    | 
|batchdnn_scheduler | (PCIN>>17)+A*B | 16     | 10     | -      | -      | 48     | 0    | 0    | -    | -    | -     | 0    | 0    | 
|batchdnn_scheduler | A*B            | 18     | 10     | -      | -      | 48     | 0    | 0    | -    | -    | -     | 0    | 0    | 
|batchdnn_scheduler | (PCIN>>17)+A*B | 16     | 10     | -      | -      | 48     | 0    | 0    | -    | -    | -     | 0    | 0    | 
|batchdnn_scheduler | A*B            | 18     | 10     | -      | -      | 48     | 0    | 0    | -    | -    | -     | 0    | 0    | 
|batchdnn_scheduler | (PCIN>>17)+A*B | 16     | 10     | -      | -      | 48     | 0    | 0    | -    | -    | -     | 0    | 0    | 
|batchdnn_scheduler | A*B            | 18     | 10     | -      | -      | 48     | 0    | 0    | -    | -    | -     | 0    | 0    | 
|batchdnn_scheduler | (PCIN>>17)+A*B | 16     | 10     | -      | -      | 48     | 0    | 0    | -    | -    | -     | 0    | 0    | 
|batchdnn_scheduler | A*B            | 18     | 10     | -      | -      | 48     | 0    | 0    | -    | -    | -     | 0    | 0    | 
|batchdnn_scheduler | (PCIN>>17)+A*B | 16     | 10     | -      | -      | 48     | 0    | 0    | -    | -    | -     | 0    | 0    | 
|batchdnn_scheduler | A*B            | 18     | 10     | -      | -      | 48     | 0    | 0    | -    | -    | -     | 0    | 0    | 
|batchdnn_scheduler | (PCIN>>17)+A*B | 16     | 10     | -      | -      | 48     | 0    | 0    | -    | -    | -     | 0    | 0    | 
|batchdnn_scheduler | A*B            | 18     | 10     | -      | -      | 48     | 0    | 0    | -    | -    | -     | 0    | 0    | 
|batchdnn_scheduler | (PCIN>>17)+A*B | 16     | 10     | -      | -      | 48     | 0    | 0    | -    | -    | -     | 0    | 0    | 
|batchdnn_scheduler | A*B            | 18     | 10     | -      | -      | 48     | 0    | 0    | -    | -    | -     | 0    | 0    | 
|batchdnn_scheduler | (PCIN>>17)+A*B | 16     | 10     | -      | -      | 48     | 0    | 0    | -    | -    | -     | 0    | 0    | 
|batchdnn_scheduler | A*B            | 18     | 10     | -      | -      | 48     | 0    | 0    | -    | -    | -     | 0    | 0    | 
|batchdnn_scheduler | (PCIN>>17)+A*B | 16     | 10     | -      | -      | 48     | 0    | 0    | -    | -    | -     | 0    | 0    | 
|batchdnn_scheduler | A*B            | 18     | 10     | -      | -      | 48     | 0    | 0    | -    | -    | -     | 0    | 0    | 
|batchdnn_scheduler | (PCIN>>17)+A*B | 16     | 10     | -      | -      | 48     | 0    | 0    | -    | -    | -     | 0    | 0    | 
|batchdnn_scheduler | A*B            | 18     | 10     | -      | -      | 48     | 0    | 0    | -    | -    | -     | 0    | 0    | 
|batchdnn_scheduler | (PCIN>>17)+A*B | 16     | 10     | -      | -      | 48     | 0    | 0    | -    | -    | -     | 0    | 0    | 
|batchdnn_scheduler | A*B            | 18     | 9      | -      | -      | 48     | 0    | 0    | -    | -    | -     | 0    | 0    | 
|batchdnn_scheduler | (PCIN>>17)+A*B | 16     | 9      | -      | -      | 48     | 0    | 0    | -    | -    | -     | 0    | 0    | 
|batchdnn_scheduler | A*B            | 18     | 9      | -      | -      | 48     | 0    | 0    | -    | -    | -     | 0    | 0    | 
|batchdnn_scheduler | (PCIN>>17)+A*B | 16     | 9      | -      | -      | 48     | 0    | 0    | -    | -    | -     | 0    | 0    | 
|batchdnn_scheduler | A*B            | 18     | 9      | -      | -      | 48     | 0    | 0    | -    | -    | -     | 0    | 0    | 
|batchdnn_scheduler | (PCIN>>17)+A*B | 16     | 9      | -      | -      | 48     | 0    | 0    | -    | -    | -     | 0    | 0    | 
|batchdnn_scheduler | A*B            | 18     | 9      | -      | -      | 48     | 0    | 0    | -    | -    | -     | 0    | 0    | 
|batchdnn_scheduler | (PCIN>>17)+A*B | 16     | 9      | -      | -      | 48     | 0    | 0    | -    | -    | -     | 0    | 0    | 
|batchdnn_scheduler | A*B            | 18     | 16     | -      | -      | 48     | 0    | 0    | -    | -    | -     | 0    | 0    | 
|batchdnn_scheduler | (PCIN>>17)+A*B | 16     | 16     | -      | -      | 48     | 0    | 0    | -    | -    | -     | 0    | 0    | 
|batchdnn_scheduler | A*B            | 18     | 18     | -      | -      | 48     | 0    | 0    | -    | -    | -     | 0    | 0    | 
|batchdnn_scheduler | (PCIN>>17)+A*B | 18     | 16     | -      | -      | 48     | 0    | 0    | -    | -    | -     | 0    | 0    | 
|batchdnn_scheduler | A*B            | 18     | 9      | -      | -      | 48     | 0    | 0    | -    | -    | -     | 0    | 0    | 
|batchdnn_scheduler | (PCIN>>17)+A*B | 16     | 9      | -      | -      | 48     | 0    | 0    | -    | -    | -     | 0    | 0    | 
|batchdnn_scheduler | A*B            | 18     | 10     | -      | -      | 48     | 0    | 0    | -    | -    | -     | 0    | 0    | 
|batchdnn_scheduler | (PCIN>>17)+A*B | 16     | 10     | -      | -      | 48     | 0    | 0    | -    | -    | -     | 0    | 0    | 
|batchdnn_scheduler | A*B            | 18     | 10     | -      | -      | 48     | 0    | 0    | -    | -    | -     | 0    | 0    | 
|batchdnn_scheduler | (PCIN>>17)+A*B | 16     | 10     | -      | -      | 48     | 0    | 0    | -    | -    | -     | 0    | 0    | 
|batchdnn_scheduler | A*B            | 18     | 10     | -      | -      | 48     | 0    | 0    | -    | -    | -     | 0    | 0    | 
|batchdnn_scheduler | (PCIN>>17)+A*B | 16     | 10     | -      | -      | 48     | 0    | 0    | -    | -    | -     | 0    | 0    | 
|batchdnn_scheduler | A*B            | 18     | 10     | -      | -      | 48     | 0    | 0    | -    | -    | -     | 0    | 0    | 
|batchdnn_scheduler | (PCIN>>17)+A*B | 16     | 10     | -      | -      | 48     | 0    | 0    | -    | -    | -     | 0    | 0    | 
|batchdnn_scheduler | A*B            | 18     | 10     | -      | -      | 48     | 0    | 0    | -    | -    | -     | 0    | 0    | 
|batchdnn_scheduler | (PCIN>>17)+A*B | 16     | 10     | -      | -      | 48     | 0    | 0    | -    | -    | -     | 0    | 0    | 
|batchdnn_scheduler | A*B            | 18     | 10     | -      | -      | 48     | 0    | 0    | -    | -    | -     | 0    | 0    | 
|batchdnn_scheduler | (PCIN>>17)+A*B | 16     | 10     | -      | -      | 48     | 0    | 0    | -    | -    | -     | 0    | 0    | 
+-------------------+----------------+--------+--------+--------+--------+--------+------+------+------+------+-------+------+------+

Note: The table above is a preliminary report that shows the DSPs inferred at the current stage of the synthesis flow. Some DSP may be reimplemented as non DSP primitives later in the synthesis flow. Multiple instantiated DSPs are reported only once.
---------------------------------------------------------------------------------
Finished ROM, RAM, DSP, Shift Register and Retiming Reporting
---------------------------------------------------------------------------------
---------------------------------------------------------------------------------
Start Applying XDC Timing Constraints
---------------------------------------------------------------------------------
---------------------------------------------------------------------------------
Finished Applying XDC Timing Constraints : Time (s): cpu = 00:00:38 ; elapsed = 00:00:39 . Memory (MB): peak = 2684.945 ; gain = 886.891 ; free physical = 7120 ; free virtual = 12874
---------------------------------------------------------------------------------
---------------------------------------------------------------------------------
Start Timing Optimization
---------------------------------------------------------------------------------
---------------------------------------------------------------------------------
Finished Timing Optimization : Time (s): cpu = 00:01:13 ; elapsed = 00:01:13 . Memory (MB): peak = 3243.102 ; gain = 1445.047 ; free physical = 6584 ; free virtual = 12336
---------------------------------------------------------------------------------
---------------------------------------------------------------------------------
Start Technology Mapping
---------------------------------------------------------------------------------
---------------------------------------------------------------------------------
Finished Technology Mapping : Time (s): cpu = 00:01:16 ; elapsed = 00:01:16 . Memory (MB): peak = 3243.102 ; gain = 1445.047 ; free physical = 6583 ; free virtual = 12335
---------------------------------------------------------------------------------
---------------------------------------------------------------------------------
Start IO Insertion
---------------------------------------------------------------------------------
---------------------------------------------------------------------------------
Start Flattening Before IO Insertion
---------------------------------------------------------------------------------
---------------------------------------------------------------------------------
Finished Flattening Before IO Insertion
---------------------------------------------------------------------------------
---------------------------------------------------------------------------------
Start Final Netlist Cleanup
---------------------------------------------------------------------------------
---------------------------------------------------------------------------------
Finished Final Netlist Cleanup
---------------------------------------------------------------------------------
---------------------------------------------------------------------------------
Finished IO Insertion : Time (s): cpu = 00:01:18 ; elapsed = 00:01:19 . Memory (MB): peak = 3243.102 ; gain = 1445.047 ; free physical = 6585 ; free virtual = 12337
---------------------------------------------------------------------------------
---------------------------------------------------------------------------------
Start Renaming Generated Instances
---------------------------------------------------------------------------------
---------------------------------------------------------------------------------
Finished Renaming Generated Instances : Time (s): cpu = 00:01:18 ; elapsed = 00:01:19 . Memory (MB): peak = 3243.102 ; gain = 1445.047 ; free physical = 6584 ; free virtual = 12336
---------------------------------------------------------------------------------
---------------------------------------------------------------------------------
Start Rebuilding User Hierarchy
---------------------------------------------------------------------------------
---------------------------------------------------------------------------------
Finished Rebuilding User Hierarchy : Time (s): cpu = 00:01:19 ; elapsed = 00:01:19 . Memory (MB): peak = 3243.102 ; gain = 1445.047 ; free physical = 6584 ; free virtual = 12336
---------------------------------------------------------------------------------
---------------------------------------------------------------------------------
Start Renaming Generated Ports
---------------------------------------------------------------------------------
---------------------------------------------------------------------------------
Finished Renaming Generated Ports : Time (s): cpu = 00:01:19 ; elapsed = 00:01:19 . Memory (MB): peak = 3243.102 ; gain = 1445.047 ; free physical = 6584 ; free virtual = 12336
---------------------------------------------------------------------------------
---------------------------------------------------------------------------------
Start Handling Custom Attributes
---------------------------------------------------------------------------------
---------------------------------------------------------------------------------
Finished Handling Custom Attributes : Time (s): cpu = 00:01:19 ; elapsed = 00:01:19 . Memory (MB): peak = 3243.102 ; gain = 1445.047 ; free physical = 6584 ; free virtual = 12336
---------------------------------------------------------------------------------
---------------------------------------------------------------------------------
Start Renaming Generated Nets
---------------------------------------------------------------------------------
---------------------------------------------------------------------------------
Finished Renaming Generated Nets : Time (s): cpu = 00:01:19 ; elapsed = 00:01:19 . Memory (MB): peak = 3243.102 ; gain = 1445.047 ; free physical = 6584 ; free virtual = 12336
---------------------------------------------------------------------------------
---------------------------------------------------------------------------------
Start Writing Synthesis Report
---------------------------------------------------------------------------------

DSP Final Report (the ' indicates corresponding REG is set)
+-------------------+---------------+--------+--------+--------+--------+--------+------+------+------+------+-------+------+------+
|Module Name        | DSP Mapping   | A Size | B Size | C Size | D Size | P Size | AREG | BREG | CREG | DREG | ADREG | MREG | PREG | 
+-------------------+---------------+--------+--------+--------+--------+--------+------+------+------+------+-------+------+------+
|batchdnn_scheduler | A*B           | 17     | 0      | -      | -      | 48     | 0    | 0    | -    | -    | -     | 0    | 0    | 
|batchdnn_scheduler | PCIN>>17+A*B  | 15     | 0      | -      | -      | 48     | 0    | 0    | -    | -    | -     | 0    | 0    | 
|batchdnn_scheduler | A*B           | 17     | 0      | -      | -      | 48     | 0    | 0    | -    | -    | -     | 0    | 0    | 
|batchdnn_scheduler | PCIN>>17+A*B  | 15     | 0      | -      | -      | 48     | 0    | 0    | -    | -    | -     | 0    | 0    | 
|batchdnn_scheduler | A*B           | 17     | 8      | -      | -      | 48     | 0    | 0    | -    | -    | -     | 0    | 0    | 
|batchdnn_scheduler | PCIN>>17+A*B  | 15     | 8      | -      | -      | 48     | 0    | 0    | -    | -    | -     | 0    | 0    | 
|batchdnn_scheduler | A*B'          | 17     | 8      | -      | -      | 48     | 0    | 1    | -    | -    | -     | 0    | 0    | 
|batchdnn_scheduler | PCIN>>17+A*B' | 15     | 8      | -      | -      | 48     | 0    | 1    | -    | -    | -     | 0    | 0    | 
|batchdnn_scheduler | A*B'          | 17     | 8      | -      | -      | 48     | 0    | 1    | -    | -    | -     | 0    | 0    | 
|batchdnn_scheduler | PCIN>>17+A*B' | 15     | 8      | -      | -      | 48     | 0    | 1    | -    | -    | -     | 0    | 0    | 
+-------------------+---------------+--------+--------+--------+--------+--------+------+------+------+------+-------+------+------+


Report BlackBoxes: 
+-+--------------+----------+
| |BlackBox name |Instances |
+-+--------------+----------+
+-+--------------+----------+

Report Cell Usage: 
+------+--------+------+
|      |Cell    |Count |
+------+--------+------+
|1     |CARRY4  |   391|
|2     |DSP48E1 |    10|
|4     |LUT1    |    44|
|5     |LUT2    |   240|
|6     |LUT3    |  1072|
|7     |LUT4    |   147|
|8     |LUT5    |    61|
|9     |LUT6    |  3247|
|10    |MUXF7   |  1316|
|11    |MUXF8   |   113|
|12    |FDCE    |  5710|
|13    |FDPE    |     6|
|14    |FDRE    |   813|
+------+--------+------+
---------------------------------------------------------------------------------
Finished Writing Synthesis Report : Time (s): cpu = 00:01:19 ; elapsed = 00:01:19 . Memory (MB): peak = 3243.102 ; gain = 1445.047 ; free physical = 6585 ; free virtual = 12337
---------------------------------------------------------------------------------
Synthesis finished with 0 errors, 444 critical warnings and 8 warnings.
Synthesis Optimization Runtime : Time (s): cpu = 00:01:16 ; elapsed = 00:01:17 . Memory (MB): peak = 3243.102 ; gain = 1368.180 ; free physical = 6586 ; free virtual = 12338
Synthesis Optimization Complete : Time (s): cpu = 00:01:19 ; elapsed = 00:01:19 . Memory (MB): peak = 3243.109 ; gain = 1445.047 ; free physical = 6586 ; free virtual = 12338
INFO: [Project 1-571] Translating synthesized netlist
Netlist sorting complete. Time (s): cpu = 00:00:00.07 ; elapsed = 00:00:00.07 . Memory (MB): peak = 3243.109 ; gain = 0.000 ; free physical = 6685 ; free virtual = 12474
INFO: [Netlist 29-17] Analyzing 1830 Unisim elements for replacement
INFO: [Netlist 29-28] Unisim Transformation completed in 0 CPU seconds
WARNING: [Netlist 29-101] Netlist 'batchdnn_scheduler' is not ideal for floorplanning, since the cellview 'batchdnn_scheduler' contains a large number of primitives.  Please consider enabling hierarchy in synthesis if you want to do floorplanning.
INFO: [Project 1-570] Preparing netlist for logic optimization
Parsing XDC File [/tmp/sched_synth_BATCHDNN_eewmtf9d/c.xdc]
Finished Parsing XDC File [/tmp/sched_synth_BATCHDNN_eewmtf9d/c.xdc]
INFO: [Opt 31-138] Pushed 0 inverter(s) to 0 load pin(s).
Netlist sorting complete. Time (s): cpu = 00:00:00.01 ; elapsed = 00:00:00 . Memory (MB): peak = 3299.129 ; gain = 0.000 ; free physical = 6654 ; free virtual = 12464
INFO: [Project 1-111] Unisim Transformation Summary:
No Unisim elements were transformed.

Synth Design complete | Checksum: ccb682bd
INFO: [Common 17-83] Releasing license: Synthesis
19 Infos, 155 Warnings, 200 Critical Warnings and 0 Errors encountered.
synth_design completed successfully
synth_design: Time (s): cpu = 00:01:26 ; elapsed = 00:01:24 . Memory (MB): peak = 3299.164 ; gain = 1654.195 ; free physical = 6655 ; free virtual = 12464
INFO: [Common 17-2834] synth_design peak Physical Memory [PSS] (MB): overall = 2774.668; main = 2633.897; forked = 344.248
INFO: [Common 17-2834] synth_design peak Virtual Memory [VSS] (MB): overall = 4200.340; main = 3299.133; forked = 994.234
# opt_design
Command: opt_design
Attempting to get a license for feature 'Implementation' and/or device 'xc7a100t'
INFO: [Common 17-349] Got license for feature 'Implementation' and/or device 'xc7a100t'
Running DRC as a precondition to command opt_design

Starting DRC Task
INFO: [DRC 23-27] Running DRC with 8 threads
WARNING: [DRC 23-814] Not all possible (connectivity based) DRCs may have been run because this design is seen as Out of Context.
INFO: [Project 1-461] DRC finished with 0 Errors
INFO: [Project 1-462] Please refer to the DRC report (report_drc) for more information.

Time (s): cpu = 00:00:00.74 ; elapsed = 00:00:00.27 . Memory (MB): peak = 3299.164 ; gain = 0.000 ; free physical = 6657 ; free virtual = 12467

Starting Cache Timing Information Task
INFO: [Timing 38-35] Done setting XDC timing constraints.
Ending Cache Timing Information Task | Checksum: 370cae695

Time (s): cpu = 00:00:04 ; elapsed = 00:00:03 . Memory (MB): peak = 3299.164 ; gain = 0.000 ; free physical = 6643 ; free virtual = 12470

Starting Logic Optimization Task

Phase 1 Initialization

Phase 1.1 Core Generation And Design Setup
Phase 1.1 Core Generation And Design Setup | Checksum: 370cae695

Time (s): cpu = 00:00:00.01 ; elapsed = 00:00:00.01 . Memory (MB): peak = 3299.164 ; gain = 0.000 ; free physical = 6631 ; free virtual = 12471

Phase 1.2 Setup Constraints And Sort Netlist
Phase 1.2 Setup Constraints And Sort Netlist | Checksum: 370cae695

Time (s): cpu = 00:00:00.01 ; elapsed = 00:00:00.02 . Memory (MB): peak = 3299.164 ; gain = 0.000 ; free physical = 6630 ; free virtual = 12470
Phase 1 Initialization | Checksum: 370cae695

Time (s): cpu = 00:00:00.01 ; elapsed = 00:00:00.02 . Memory (MB): peak = 3299.164 ; gain = 0.000 ; free physical = 6629 ; free virtual = 12470

Phase 2 Timer Update And Timing Data Collection

Phase 2.1 Detect if minReqCache needed
Phase 2.1 Detect if minReqCache needed | Checksum: 370cae695

Time (s): cpu = 00:00:00.03 ; elapsed = 00:00:00.03 . Memory (MB): peak = 3299.164 ; gain = 0.000 ; free physical = 6647 ; free virtual = 12474

Phase 2.2 Timer Update
Phase 2.2 Timer Update | Checksum: 370cae695

Time (s): cpu = 00:00:00.03 ; elapsed = 00:00:00.04 . Memory (MB): peak = 3299.164 ; gain = 0.000 ; free physical = 6647 ; free virtual = 12474
Phase 2 Timer Update And Timing Data Collection | Checksum: 370cae695

Time (s): cpu = 00:00:00.04 ; elapsed = 00:00:00.04 . Memory (MB): peak = 3299.164 ; gain = 0.000 ; free physical = 6647 ; free virtual = 12474

Phase 3 Retarget
INFO: [Opt 31-1851] Number of loadless carry chains removed were: 0
INFO: [Opt 31-1834] Total Chains To Be Transformed Were: 0 AND Number of Transformed insts Created are: 0
INFO: [Opt 31-138] Pushed 0 inverter(s) to 0 load pin(s).
INFO: [Opt 31-49] Retargeted 0 cell(s).
Phase 3 Retarget | Checksum: 370cae695

Time (s): cpu = 00:00:00.13 ; elapsed = 00:00:00.14 . Memory (MB): peak = 3299.164 ; gain = 0.000 ; free physical = 6647 ; free virtual = 12475
Retarget | Checksum: 370cae695
INFO: [Opt 31-389] Phase Retarget created 0 cells and removed 0 cells

Phase 4 Constant propagation
INFO: [Opt 31-138] Pushed 0 inverter(s) to 0 load pin(s).
Phase 4 Constant propagation | Checksum: 37ae4442e

Time (s): cpu = 00:00:00.2 ; elapsed = 00:00:00.21 . Memory (MB): peak = 3299.164 ; gain = 0.000 ; free physical = 6648 ; free virtual = 12475
Constant propagation | Checksum: 37ae4442e
INFO: [Opt 31-389] Phase Constant propagation created 0 cells and removed 0 cells

Phase 5 Sweep
INFO: [Constraints 18-11670] Building netlist checker database with flags, 0x8
Done building netlist checker database: Time (s): cpu = 00:00:00.01 ; elapsed = 00:00:00 . Memory (MB): peak = 3299.164 ; gain = 0.000 ; free physical = 6648 ; free virtual = 12475
Phase 5 Sweep | Checksum: 37cdd2d14

Time (s): cpu = 00:00:00.27 ; elapsed = 00:00:00.29 . Memory (MB): peak = 3299.164 ; gain = 0.000 ; free physical = 6648 ; free virtual = 12475
Sweep | Checksum: 37cdd2d14
INFO: [Opt 31-389] Phase Sweep created 0 cells and removed 0 cells

Phase 6 BUFG optimization
Phase 6 BUFG optimization | Checksum: 37cdd2d14

Time (s): cpu = 00:00:00.31 ; elapsed = 00:00:00.33 . Memory (MB): peak = 3331.145 ; gain = 31.980 ; free physical = 6648 ; free virtual = 12475
BUFG optimization | Checksum: 37cdd2d14
INFO: [Opt 31-662] Phase BUFG optimization created 0 cells of which 0 are BUFGs and removed 0 cells.

Phase 7 Shift Register Optimization
INFO: [Opt 31-1064] SRL Remap converted 0 SRLs to 0 registers and converted 0 registers of register chains to 0 SRLs
Phase 7 Shift Register Optimization | Checksum: 37cdd2d14

Time (s): cpu = 00:00:00.32 ; elapsed = 00:00:00.33 . Memory (MB): peak = 3331.145 ; gain = 31.980 ; free physical = 6648 ; free virtual = 12475
Shift Register Optimization | Checksum: 37cdd2d14
INFO: [Opt 31-389] Phase Shift Register Optimization created 0 cells and removed 0 cells

Phase 8 Post Processing Netlist
Phase 8 Post Processing Netlist | Checksum: 37cdd2d14

Time (s): cpu = 00:00:00.34 ; elapsed = 00:00:00.36 . Memory (MB): peak = 3331.145 ; gain = 31.980 ; free physical = 6648 ; free virtual = 12475
Post Processing Netlist | Checksum: 37cdd2d14
INFO: [Opt 31-389] Phase Post Processing Netlist created 0 cells and removed 0 cells

Phase 9 Finalization

Phase 9.1 Finalizing Design Cores and Updating Shapes
Phase 9.1 Finalizing Design Cores and Updating Shapes | Checksum: 31fac59c3

Time (s): cpu = 00:00:00.52 ; elapsed = 00:00:00.48 . Memory (MB): peak = 3331.145 ; gain = 31.980 ; free physical = 6647 ; free virtual = 12474

Phase 9.2 Verifying Netlist Connectivity

Starting Connectivity Check Task

Time (s): cpu = 00:00:00.01 ; elapsed = 00:00:00.01 . Memory (MB): peak = 3331.145 ; gain = 0.000 ; free physical = 6647 ; free virtual = 12474
Phase 9.2 Verifying Netlist Connectivity | Checksum: 31fac59c3

Time (s): cpu = 00:00:00.53 ; elapsed = 00:00:00.49 . Memory (MB): peak = 3331.145 ; gain = 31.980 ; free physical = 6647 ; free virtual = 12474
Phase 9 Finalization | Checksum: 31fac59c3

Time (s): cpu = 00:00:00.54 ; elapsed = 00:00:00.49 . Memory (MB): peak = 3331.145 ; gain = 31.980 ; free physical = 6647 ; free virtual = 12474
Opt_design Change Summary
=========================


-------------------------------------------------------------------------------------------------------------------------
|  Phase                        |  #Cells created  |  #Cells Removed  |  #Constrained objects preventing optimizations  |
-------------------------------------------------------------------------------------------------------------------------
|  Retarget                     |               0  |               0  |                                              0  |
|  Constant propagation         |               0  |               0  |                                              0  |
|  Sweep                        |               0  |               0  |                                              0  |
|  BUFG optimization            |               0  |               0  |                                              0  |
|  Shift Register Optimization  |               0  |               0  |                                              0  |
|  Post Processing Netlist      |               0  |               0  |                                              0  |
-------------------------------------------------------------------------------------------------------------------------


Ending Logic Optimization Task | Checksum: 31fac59c3

Time (s): cpu = 00:00:00.54 ; elapsed = 00:00:00.49 . Memory (MB): peak = 3331.145 ; gain = 31.980 ; free physical = 6647 ; free virtual = 12474

Starting Power Optimization Task
INFO: [Pwropt 34-132] Skipping clock gating for clocks with a period < 2.00 ns.
Ending Power Optimization Task | Checksum: 31fac59c3

Time (s): cpu = 00:00:00.01 ; elapsed = 00:00:00.01 . Memory (MB): peak = 3331.145 ; gain = 0.000 ; free physical = 6647 ; free virtual = 12474

Starting Final Cleanup Task
Ending Final Cleanup Task | Checksum: 31fac59c3

Time (s): cpu = 00:00:00 ; elapsed = 00:00:00 . Memory (MB): peak = 3331.145 ; gain = 0.000 ; free physical = 6647 ; free virtual = 12474
Netlist sorting complete. Time (s): cpu = 00:00:00 ; elapsed = 00:00:00 . Memory (MB): peak = 3331.145 ; gain = 0.000 ; free physical = 6647 ; free virtual = 12474
INFO: [Common 17-83] Releasing license: Implementation
20 Infos, 1 Warnings, 0 Critical Warnings and 0 Errors encountered.
opt_design completed successfully
opt_design: Time (s): cpu = 00:00:07 ; elapsed = 00:00:06 . Memory (MB): peak = 3331.145 ; gain = 31.980 ; free physical = 6647 ; free virtual = 12474
# report_utilization    -file util.rpt
# report_power          -file power.rpt
Command: report_power -file power.rpt
INFO: [Timing 38-35] Done setting XDC timing constraints.
Running Vector-less Activity Propagation...
WARNING: [Timing 38-242] The property HD.CLK_SRC of clock port "clk" is not set. In out-of-context mode, this prevents timing estimation for clock delay/skew
Resolution: Set the HD.CLK_SRC property of the out-of-context port to the location of the clock buffer instance in the top-level design

Finished Running Vector-less Activity Propagation
1 Infos, 1 Warnings, 0 Critical Warnings and 0 Errors encountered.
report_power completed successfully
# report_timing_summary -file timing.rpt
INFO: [Timing 38-91] UpdateTimingParams: Speed grade: -1, Delay Type: min_max.
INFO: [Timing 38-191] Multithreading enabled for timing update using a maximum of 8 CPUs
# puts "SCHED_PROBE_OK"
SCHED_PROBE_OK
# exit 0
INFO: [Common 17-206] Exiting Vivado at Tue Jul 28 17:11:12 2026...
