04d141b8
fa259510
ff1a9f88
fa317e60
06489188
f9645848
0467f468
01a22a08
0548bd38
027ab168
f9afe138
fee4f608
feb2f830
ffd95670
02f55198
05a11d58
00e945f8
fb2c4280
030bde18
0337ac18
fdb30038
fa9387b0
0478e958
03e47f98
f9184ad8
0471e188
05455478
fd9d1518
0065e478
061f3358
0486a958
05fd92c8
056b71f8
fe80fb50
035bbde8
02e63368
fff4c760
01273ba8
fd5f0528
fb240670
fe47f660
feee6e08
06fba7d8
fcd50d00
02ac6e78
fc6a4eb8
fdc7aed0
fefa5078
03fa5878
001140a0
ff6b1528
0561cce8
fed6f1e0
03644698
06ac7728
ff9b8970
0163ce08
fcf63aa0
f9cf79d8
f97f2d50
ff48cc00
00934548
03825a28
fde50df8
011ce408
00abcb60
05104758
068cffa8
f900a8d8
f8ea4708
fc99b378
0163b568
fdc3de70
fb6fb1d0
03603bc8
0033d330
fd60a2a0
0049cd30
fd292dd0
065ac408
fa354338
fa181168
fee76460
012b0048
0291fc78
fa6610d0
fc0a120c
fe20e4a0
fd8b0840
fcb55e80
061417e8
fd9f9d88
065ffca8
fa539970
feba0308
01bb7e28
01e15b18
fcd3ef94
ffd1f8a0
01b99f88
fa95da10
038e4fb8
fcd69f20
fdb08788
037c7428
fc982458
01c69f08
fee4b210
056d4048
fba5c308
02e532f8
fb2e50c0
fe342b38
fc0f220c
fc920e60
ff87b6d8
05252128
02daf5a8
0235d168
06a8c4e8
06f87cd8
fa3bfc58
02774ec8
fc818100
05093298
03732eb8
f9bba6b0
00b6ce60
f9579288
f8ea2360
f94e6168
fed2ed18
04123fe8
01518778
06caeb98
0715bcf8
fe916060
fe8aa680
02b7d608
0558f168
fe17a4d8
03373d08
fc0afdd0
063c5f58
05b9f888
fb6da7a0
05db1518
037bc3c8
fe004b40
fd49c9d8
ff232888
fa4290d0
fdecc4f0
faa2dd58
fd586e40
ff40a518
fa5a7ec0
fbbd4bb8
0001b590
fc09fbf4
faa581e0
04fc0ec8
fd756418
0688d218
fff19690
ff43a9e8
013fe5a8
ff2d7698
fe7133a0
fbc09b30
fdc826a8
04df4608
ff9833e0
0237b458
0114aea8
04eae628
fedeb230
fe8bde00
04a7a258
05cae7f8
025f00d8
01cda8e8
fdd2d778
fb872810
ff6d0b00
02079348
061395f8
0265bb38
055924b8
04e956a8
fd8b0ce8
fab0f210
ff0c50c0
fb606930
fa5fb1f8
fac6f978
f9c06eb8
0072a178
fa9d2b30
faf08b58
03f80888
fba03ea8
01164578
06e1bfb8
f962d9b0
00442920
fb778370
fadc7118
fe4cf6a0
05566868
063303d8
f9509058
ff782718
fc8c5474
fd00de70
fc26a8d8
fcb5d638
06f560a8
ff0cba98
fc20bbf4
017f0e38
f9268270
024f5128
fca70ff0
f92ea120
f9c572d0
fce2888c
011060c8
022059f8
fda702c8
fb3a75d0
06818448
02046f58
02a16458
fe2f1ce0
020f1398
feb84828
fff51f70
fd12da18
fe961738
fc7a6898
0714b978
03e9cdf8
fdabf4d0
068d2af8
ffff1ce8
fa188fa8
0170d0c8
04bb33c8
018c6ec8
057b4b08
04b3b318
fc9fc0c8
05fbf618
04533e38
069c0b38
06a0aa98
06f49e88
fa3497f8
fbba1260
fecaa248
05d08478
fd1bcb38
04fd0a48
04ebf038
0194aef8
030be9c8
0259c138
01269838
fcd85ee4
ff97bc30
02aabf18
00351758
f9a41b58
faa04eb0
02a2ab28
05be1208
0269f368
fe831208
0265bb48
fe7f7568
03945908
047976f8
fcbe9184
01191f88
fdc71800
015b17a8
00bf2db8
fbdb76c0
00c27db8
f9af5df8
fcd2986c
ff076248
02bce4b8
003ad428
fc02d758
fe8c9500
02510f28
024f00f8
065d27f8
fa40fa00
fbd09148
f96f4030
f924dd88
faa88180
05f7f948
fa42a870
00644878
fe6f8b28
fe76c190
f9001bd0
fad80d20
00242cb0
015851a8
f9e80680
fc1ada2c
06060b88
03198b68
00b76150
02ca20a8
046c1d48
00fc4718
01fbba08
047af6c8
06a17998
faa9e0a0
01e25d48
020c9768
f9b4e1b0
faaba150
fde32e50
01109fa8
fb25aec8
03fd2118
026a97c8
029beb08
03b42708
ffbefa58
fde277a0
0560ede8
fcb1e7a0
fadecc00
00fa05a8
01c4e378
fbe95520
014afb48
05c14078
fb59f470
007051e0
05771b98
ff279c48
02c8cc98
fb7096b0
01b3e678
02eff358
05012ac8
fab340d8
009d5e68
043920f8
fca0f314
039413b8
00c8f170
0302cf18
fb606860
01466098
00ec0c78
01227bc8
00c7b240
febb43f8
0269d138
f92c5e50
0055d498
05994e18
fe8ac620
0714fe68
f96ee790
05247ce8
00bea6b0
fe35eb18
013d1ee8
ff6f0350
fca23278
06052a88
ff3ccb78
fe031a58
04985f18
fcbbff4c
f9a7e360
01ab97d8
04b12648
002a00d0
01966b68
01d82098
fada3048
fa2556a8
0347dc68
ffe6f168
fce25ee8
029303a8
fbf98940
01251ab8
fca4e3ac
044aaaa8
fc7b4044
06aa9bf8
ff7aeb68
03bdbf58
fd1ecbd8
01457858
004ef3b8
029d91b8
fad5b7e0
f9d93ea8
fcc9c308
0316e2d8
fef23968
fd6defa8
fd15db90
03b52fb8
006e5cb0
01a08ae8
041c0448
fd852708
ff86f180
fb88f980
042158c8
fe699ab8
f997ee60
01ec9f78
f96a1950
fc2f1568
01993a18
05f883c8
fe98be88
fc80d06c
01a2b9a8
f9930f08
fd1de1f8
04cc4628
fd208d48
070eeaa8
04167ae8
048e1eb8
05671108
067b1ba8
04197328
fe64f738
0109dd58
fbf032e8
ffdb89e8
fe493090
028cf178
ff813278
fc38837c
fddee4a8
040fb4e8
02c1abd8
0024ad68
005c6448
fd91b280
00468cf0
02e29bc8
05952948
feb0d390
fe64f500
fac3c620
02dac4a8
fb33f490
fcd9c460
00ef7bb8
0447adf8
0470c888
033b61f8
ff379df0
fc2d4ac0
04dc95c8
fbf0e140
03134d58
007facd8
030db118
fc7d9e64
f98288a0
05fe2e98
f90fa2a8
05e27868
fbaff960
04a98aa8
057e4d18
05d13ed8
03125458
003550f8
fd902540
fc81cfbc
f94d5018
f964a490
fc46668c
03beea38
fe2f7148
004587c0
01762d28
03cb5ea8
032eced8
fdf22ce8
f9781590
01cf4388
ff4b7cc8
05946078
fbe7bbe8
fb568f90
037e9238
03f793b8
06df1a08
05e2e1b8
035de8a8
fd062cd8
f98272c0
ff2caff0
0100f768
fee080c0
fec6b5e8
03ed8e98
fc563d24
04c32d78
fb35a520
01c8cad8
ff428bf0
0378d5c8
f9642c68
00e5a988
04888e18
058d0a28
fbd62aa8
01fa3028
fa75d1f0
f9592918
fedf0b08
06199f48
fbd8e7c0
05ac0728
fa088f90
03c5d098
fc70dd68
f9a91f90
0467eb98
06de57b8
0458a418
00d6f008
022d4cf8
fefe2ed8
fd947590
01146ab8
01844d18
fb2af988
0529cff8
055f8158
03ac15a8
fe00c4c0
fdbd9ef0
fe8e4078
fd8738f8
fdc45e60
03826948
fab2ccd0
ff7fbc70
ff4a7fe8
05bb0a88
00fd9068
fe97cfe0
f930cef8
fc23f788
055992e8
faaeecf8
00c1f920
fcdbd038
fc4ea478
fb9d54d0
05cfa2e8
0348e2b8
06645b58
faad89f0
ff62f790
021a3228
03f33818
faa9dd18
fc20b910
01b34d98
00314580
052eef88
01d3c738
06583168
f9e818d0
06c89738
0478d868
fac43d80
f938b1d0
ff682218
fd402ca8
fc4f75ec
fa2cc400
fb6d9c30
001150d8
fd609d68
fd79ea48
023e52f8
fd29a9f8
facfd4f8
fe6d55e8
faea9c70
fea54f88
06dd9fe8
fcd256cc
04acf8d8
033025f8
fd8489e0
04cb0208
fdd91ba8
f9346108
06368dc8
fe58cc10
02a6be88
002d60e8
00c6f620
ff169f48
ffe9a160
02db5368
06f50d88
02676348
01a38a38
fdd81aa8
0187d968
00409d80
fd600278
fbb431b0
04039c08
f9833418
04a82878
fbef5be8
01c3b8a8
00b336a0
02f4e758
fd432d10
05b04a08
ff0e4580
ff4d22c8
fbac7940
032b76d8
02ee41e8
fce00370
05eb5ab8
0526fd38
fb4979c0
05642198
faa65670
ff9c4a08
fd31b9c8
fcc33fac
063e3958
00c73550
0472b018
006b48a8
fcefa960
059d6738
06c8cdc8
ffb45050
fb730740
029d7748
01c27bc8
fce82b60
060a8f78
fa5be0e8
fc1ab4f8
0146ff88
fb796918
f96b9aa8
fe7c7358
fb809140
031c8e78
fa9f8b38
05467368
f9e10050
0370d8e8
05225128
00999838
03bd1af8
fb49d908
00f965d8
ff9fc220
01f6e1c8
f97d85c0
01331d18
ff8e6110
fcc81c5c
ff45a6c0
04ebc2e8
ff6271d8
f9b4f958
05f93088
00804c00
00b813a8
03bdd0e8
fb4e1fb0
03a778f8
05f23c98
0693ed28
fc0a9588
00744020
fc6e4c14
0323b668
ffe112c0
02b681a8
05d399d8
fee53c70
fad2ab80
039f3498
fde31f18
fcfdfaf0
fd3081f0
0686c978
fcd4e93c
fe66c8c8
ffc82ae8
05100358
041b13b8
ff775dc8
fad9c120
01b23628
0670e228
007febb8
06853238
003cb158
065b7498
fc22b878
04bb2168
fff56a68
0276ce48
02ee6b48
ffbaa978
fc1026ec
ff053a78
fcbffda8
070a2508
fcc54884
0483a6d8
fe7fb428
06eee258
f9783000
fcb176e8
fa0ad1d0
fe816640
040fedf8
0228e658
030ffb78
0226ccb8
003a2140
06841768
04b35608
0430bcf8
fbf00e08
fa0f9e68
058e8e98
059804e8
ff494cd8
067bf9a8
f93af280
02b30b78
fcb01cc0
feb0ffc8
042b8858
04a40758
04194718
ff9f11f8
fcd46e68
0683f688
05e516f8
fc566e8c
fb0fe518
03166f98
01699908
f931ad80
016757c8
04414de8
ffb57a08
fbfe28c0
0126a018
fcc17c20
f9996cd8
04a4ec38
00d39340
fb1f2350
fb3f1b20
f95bc510
049c75c8
fd8586f8
f9e01738
fb7dc8e0
03ffbd58
fe91f588
05144598
fb192fa8
faea94d0
f95c8df8
06a29558
f99e3838
00991880
fb644620
fe6932c8
03ada428
04caf808
047bc2e8
fcb23224
0145afa8
05468438
06506b68
fddbc980
feb10838
06cf96c8
f9135a60
fb8fc3b0
fd89a770
017ce168
ffc22578
fbd52d58
fa2488a0
fe906848
fb7c5760
fb731cd0
fae429c0
002a08b0
03bb2ba8
016879f8
fbb3cba0
fbaa76c0
feeae060
006f3578
01a709f8
fd2ee248
fd285a20
f9560d80
0149eb88
006961c8
03b985c8
00fd8268
02d63398
fd3b9af0
06fa0af8
04a6be88
ff062fc8
fe42ec08
fef8d7c0
fe8fcc98
05aced58
001fc0d0
016f1158
0437a1f8
f8e72f18
f90909c0
00b67c18
001dcf30
033fa998
03de2aa8
fd802678
00a1cb08
fb48f420
ff1fbfa0
fde7ec08
02231338
01640c08
00c23250
fd4073a0
01ccbf88
0494f0c8
fa52d5e0
04fdaa08
fc4bc3a0
fa995328
fd298438
f97cab30
0343f4b8
ff00aed8
03cb7538
02341088
f91f76e8
fefb5770
01997358
fb26c8e0
fe272728
03b1add8
05da4448
feb5b0d0
06b09228
03f5e628
00799300
065bbd58
fb1c5eb0
03d2d528
fed615e0
f9632450
fddf8c08
05335968
01531fa8
02e20d48
ff9fac20
0208b918
fe7459f8
fd204bf8
f9565b00
05daeb68
fe0449d8
fd7b75e0
ffa9c490
0599b658
ff895048
0326c338
ffac9250
0168a018
06f766f8
f985f7d8
fa045cc0
fb2dadc0
fc163f58
03db3928
0341c108
03cf6d28
0137b8b8
02878bd8
03b21f58
fac35368
fdea93c8
fde03398
fc6a9d3c
03d74368
fb4f1e50
f93f7e40
fdc28b48
fa0120e0
02061258
06cc1058
005a52c8
0179af68
fdaf8638
0697d208
04b6ef88
fa16d890
03bff578
fcdf7df4
023be308
062c1e48
01082cc8
02b15398
003dbbc0
ffa9de20
0412fca8
01b9a5a8
f9b3cf28
fa33ab18
04cb2518
f972f460
00a27a80
fddaf0f8
05e3f528
fd42df18
0488cdf8
021ce178
f9a41b00
03b43198
0220a5b8
00e45580
fe2c97f8
fcba1038
0564b258
00d29328
035d6ae8
007f49c8
fe16bf18
05bf2ea8
fe0c4420
04079668
fc12ae78
00b88c78
03a09288
fb438810
ffeec548
01f67748
fba9d3a0
fe0a9690
f92ebce8
fea1b558
fa11b2b0
03010518
03082408
059de858
00772e30
fa75e7f0
060cda88
023518b8
fceb7e28
fa179e40
00d43510
04991ce8
044933d8
f95bc388
fbff4f20
01644cf8
01092ac8
fc0a6720
057d11a8
03a0e3e8
0533be88
fa7a1840
ffbadc70
fd0d9a00
06f5d8f8
03ac0a98
05579bd8
025a5f78
fe192a88
051c7748
0397dea8
03d16ad8
fb121560
02823fa8
06c0c3b8
028b0e98
fe888ac8
fdb89940
fb627000
ff926370
0635a848
0065ea78
00cbb3d8
05cfebf8
fe198760
fa02faf0
02c7fe48
f956bb88
ff7da0a0
059518b8
02b41e18
035c3b18
fe768db0
02fc2c78
06155d18
01069688
feecae20
004a27b0
f921e240
fda1c308
05bd4558
fe011c80
fc47fa20
00942f28
f9f279b0
04df8338
05f51ba8
fd803300
025b4678
006f2598
fcf23d28
05f78958
ff6bfe60
00c8bce8
00bc30c8
ff67bdb8
025da5b8
0006fda0
0342d6f8
fd62e1a8
fb0816b0
fc5e6a9c
fe8d8c38
fb7622c0
f97f4568
fd9bc310
ffb23a20
fa2d5f78
0162ac38
fdbd8e60
f9ee2240
f9fc9ec8
f8eb2640
02ca9f78
0625dc58
021eb2f8
0010b7e8
fb9a9260
fdec2358
0117e6b8
f9fd0280
0245e178
056cf5a8
03f783f8
03108ed8
01779e58
06ea2268
07049758
fec130e0
fe949f48
fee9b050
05d08c08
0212fdd8
fc49d98c
faa24630
04975328
055bbbf8
fdddeec8
05c171e8
06524ed8
009745a0
fa2a4358
fc46ce64
ff5746a8
00dd16a8
ffdfa978
f94fbbc8
039c9698
fc9df65c
000f9bb8
037b6368
04f5a7f8
05801f98
013fa738
03acbfb8
fcc8501c
f9fd8a58
fd606050
025223e8
070adeb8
fcdd623c
06af3eb8
fa6261b8
fe717f58
011282b8
00df7fb0
fb712f10
fc29f9a0
02577068
feebdb58
fa039fa0
f8eb5d00
fb8d7d58
f9b9dc78
fadeeda8
0215c3b8
fcb9c3d0
fedd83d0
f9e45088
feab1b70
fcd700a0
03887f78
042be6b8
fc6676ac
04d56bd8
04b3add8
fbe6bd80
fa12da88
024e00f8
04e64238
fe8ed7d0
fcfcdbf8
03ba2328
031a2938
fbde42d0
f92fc3e0
fc65b350
06251388
0217a898
fe74d960
0116e198
f9c08760
fc4b7e38
f9e66c28
fda1bb98
03151718
fcd61088
fe192570
fed16168
feb4d028
05255d38
fb278ac0
fa9fbcf8
04ef2ab8
0463e248
00097aa8
0316c8e8
041e0c08
fa0fa210
063a6b18
fd9d0800
06799538
fbad07e0
014ca918
ff1692b8
febb6e30
04d82968
fd17dea0
fa4647f8
00e24ce0
06e0ffe8
05ef75d8
fa5f4390
046f5038
000701f8
05b90c38
f9e99880
02a24d38
fc7d9684
f9209ae0
019727f8
06749818
01b4d7b8
f92f2ad8
02844488
043aaf58
fbc3c6f8
028fb638
03d26768
04b97a18
01e0e898
03429d38
fa7d0d70
0614d728
066cb6e8
014ad058
0488b898
f909c3c0
fc23cae4
04f2f838
fcf34178
0678cad8
06c41648
fb72b518
fdaf0748
fcbfddac
06e869f8
fb025020
01a09dd8
04191738
05481fa8
fecf1eb0
02d126d8
014c7b58
0356f818
f8e61308
f9d74140
01cf0ab8
fa237d90
fc85cffc
064605a8
04ed5228
fa9761a0
064e2378
05a63d48
fb5bf530
fb5ef700
ff280370
fd9922f8
067a2cc8
fb5b8a78
04bab2d8
f9cbd338
f8ef93e0
04d5da78
f99686e8
000d88e0
ff637180
fb199880
02499d98
01b54fc8
fd4a4838
fc9f514c
0660ae28
05107aa8
00e0bed8
054a14b8
0516e7a8
fd3ddcc0
ffc5d300
fa660d00
04703bf8
01e025a8
033aa0d8
fff07b08
f9b65008
f8f15830
037c71d8
02904bb8
02da3348
04911cf8
012b3108
f905aea0
fb54a0a0
fc5e94ec
06869568
0450b2a8
00b88408
fbf8c338
0218d1e8
fa60b560
04aa9048
fb3fbe00
057c3738
fe0842a8
016688a8
fd0e3cb0
fb31f210
fe2bdc88
01d62cc8
f9330490
fac0d8a0
ffe83b90
05ea2068
fd644208
fefc2638
019a8248
f9dfdf20
faf51310
00c71fc8
fc2c85bc
022c57c8
ff424ae0
fff867c8
fb373df0
04638da8
fba85b60
00370ee0
f9514d90
04903088
02a632b8
04b0c878
fabcdf78
fb6739a0
01ee5e98
05612f78
039df1a8
01975b48
062b4c68
fd467ff0
058d24e8
fa6152e0
0042dbc0
021cffc8
01390d08
001deda0
fa673ba0
008b05b0
05544408
05da6c28
05fbab08
fc681bc8
005ccb90
ff557ab0
0321c258
016b62d8
ff27a3f0
fd06e518
fca2b010
faab9830
01c48f68
fb3d3690
04100e28
f985ae70
011ab108
f9e805f0
05d288d8
ff8e9208
070c6758
027aeb28
fcc67a04
fee88558
fcf2b7e0
05e497d8
fe2bfdb8
025d2288
f8f0d5d0
f8eb99f8
fac1a3a0
ff069ed8
fb6233f0
055e9ac8
023e2d28
02556838
02dc42e8
f92f39d8
01da1a28
ff1412b8
fcdec00c
045f3e88
0356d008
00747320
fa642e80
01139f08
01b0e2a8
f91854a0
f9e14a60
05e7be18
037ad968
017be738
057c4618
0121e1d8
034706d8
fb790308
057b3de8
ff9e57c0
04620048
035be158
fa899458
063c4678
f9ec2d48
fec6ba40
01995078
03557218
03434438
02b53148
fc3d9fd0
fa5b5a70
f9143cf0
045c8788
01cfbbd8
062dc688
ff10ca80
00a14e18
01cf42a8
06e83248
06201058
0166f7a8
fb767280
fa3d77d0
ffa84500
0710b848
fb5479a0
00b2a028
025c3a88
fe02ce08
ffa4f000
fa73e0c0
fa24ea80
007cc040
039c9868
03ddd0c8
03139818
04c2c5d8
fc4d1190
00dfa220
fa220868
f994b040
05765738
029379f8
fb330020
06ce7198
f9bd6b00
fa475a80
051724f8
ff35f308
fba69f98
fc685688
035d13d8
fefc7fd8
ff7f7c28
06840378
fff55d80
fee0ebd0
0087a620
06fea538
06765da8
0043f0a0
f95d65f8
026ce3b8
fee9bd68
fcc60a30
fcee09d0
070fbfe8
002be970
06cdb558
f9903048
02f66f08
fd405750
fe2d1460
f96d6f88
06296b38
0098a1c8
02d60638
fd27bde0
faae8060
04b1c658
fd8def18
fadb33b0
00e627b8
06ca0c78
fe3054f0
ff0e2e80
fbc86140
fb635838
04bd1048
fec8fe10
036cd2a8
fb1fc0e8
fd5cea00
f9ab6a78
f9d453c0
05091108
fcc7a9dc
068bb558
064e0608
0678a1a8
05be96e8
fa0f83c0
fcae8f10
03498088
00cc5950
0467a418
05032a98
069feb48
fc12cbb0
04a2aad8
02ca4e88
fd0f78f8
fcf730d8
02fbc678
fd75fa08
fe6d6d70
01ebf238
fe32f7f0
043787d8
f8f827d8
001a80b8
fbbc6ca0
fd8094c0
f985d7a8
01898188
fa9349f0
fd2d8090
fd4aa5b8
fa19cb30
fa39f6d0
062e65e8
01abc5a8
fa5c3550
06ffc7d8
045a5cb8
fa840868
fe161668
06f09dc8
f9a85b18
f9ed3a40
fe6bd6a8
04b179c8
ff74a740
047fac48
ffd53150
02e0c278
03c77a48
04e72ef8
fb6df8a0
fb0adf30
f93fb0c8
008afad0
020f0608
f9317e18
fe88e948
043b0928
fd445dc8
0499f4a8
fa852d08
fe4e87d8
fb5ce330
fa3c0fa8
fd2a41c8
fb628c70
fc46658c
fa9ea458
fa59f030
052f60c8
0238f2f8
043a17a8
fe7f8680
0405a2f8
fdcfbf00
0129ff68
fe4595e8
01143c28
fd687720
010ec138
fcb970bc
065185b8
0157baf8
fdf646e8
fa107aa0
02056458
04a8e0d8
fadd1220
00cff6f0
0590dcd8
fd167660
ff9537d8
ff34fef0
fa6e4c28
fec2aa70
fa151800
fd588578
03f0acc8
fbdefb80
04d61038
face4ff8
fc8b300c
0022fcb8
f96f20c0
03dc7338
f9d31960
fa871690
f90c5ac0
032b9fe8
f9b8f5b0
03276778
03a36148
03d4bd18
fea284b0
06c153a8
f9113ba8
fbf8c9c0
017b9258
fe058090
fca8fc20
014d5df8
046c9078
ffc3ef78
05feabb8
fa18cf88
02e8a588
036a5e38
ff8069b0
fa5a6ee0
fd3143a0
063d0198
feffd3d8
fee9f048
fb14c758
fd7a5200
0105eca8
06cb3d58
fcb5c6ac
00c03598
010c0928
fdf307c8
fa40e5e8
03c14338
fa8d19a8
044105f8
f9d8bdc0
0307b138
033c93e8
0071c678
f92640b0
0156d748
0402c7d8
fadf86e8
fac49078
fa091c78
fc977254
0349bc98
048f36a8
006d41b8
02f54428
04d6c0c8
fd3bf320
00ad1618
007caa78
fc127b9c
f92ee300
fecd39d8
06db9f18
03e60b08
0472a438
ff6060c8
01f5b4b8
042c2748
062acdb8
ff79e190
00d2db58
00c2b460
fe2254c8
03c5a3a8
fc10f778
fa6b2590
fb8bb320
fe79a710
057ffdd8
064f5118
030e9568
fc8a8494
fb1975f0
05c31858
fb918a98
fa9c3200
ff140e48
061bdf68
032bcfc8
fc2ddc1c
015ed278
fc97add8
0048e5c0
f9e2b230
fd4ff8b0
fefe6578
fd5e57b0
02461e38
fac9ff10
068ecc48
04dc0fd8
fee68b80
0529d2f8
fb5f5988
01a31098
0433b828
fcc8483c
ffae89b8
fdfd52e0
fe0d2c90
023248d8
fd5de1e0
06371c18
046e6bf8
01f44908
fcecc5c0
fe53ca28
0545f8d8
01a06728
fb47b8f8
02189f08
05770498
03d617e8
02facc98
f9b35038
038909d8
ff4fd488
faf77a70
fe21b188
fe6c1b80
fa042778
fd98b538
06a0f508
fb79adc0
fca93470
02f316c8
05272438
03a9f2d8
03bdbbc8
fe29cd40
fc65cc14
fce94b38
ff5758c0
fc8aaa58
052c4838
fc1e9378
fa90b050
fd9e56d0
04912e18
01c0c0c8
014bc3c8
0440de38
ff9b87e8
fcbd5f38
07117938
fc4e8898
005d7420
fd1b0220
fb52e2b8
04d66c68
fd4875e8
feb59268
0417e148
03d49378
f93ea4d0
055b8a18
01131478
03180c28
02f42a18
fe77d230
fb086d70
02180c48
fd43df68
f9e24e40
022acf18
fb444700
fb736750
fa7828a0
fee69748
00b70c58
01b75908
06d8ef68
0268e6c8
0085ce28
ffd4c0d0
05e5bda8
04924108
03ad1858
f9ef8380
fa3091d8
f9c5a460
fbc86740
f96a1f30
fac57620
fc9970d8
fe78f4b8
00774f68
052f0db8
fca42e50
0548be18
fbf183c0
fcee40b0
f96d6470
05be3a68
06c4f9f8
ff8bb5a8
fa523bc0
0419d688
02ec9ba8
007155c0
0060d420
001d3e40
f9ee47b0
ffda8348
fd5c13a8
01a9e878
023dc108
031fc998
fd0ad020
04422408
ffcf3870
fb90b3f0
06bed2c8
03118dc8
03e8bfe8
05829268
00070a10
f9c23b98
02567f18
fc45991c
0214db48
fcc8fa78
03a44198
ffb04628
04a96d68
fa2dcec0
0565ced8
0324d058
05e11728
05c9d758
038925b8
fa1f4370
02b5ac08
068e3208
fcff67c0
fe72b288
03fbaa88
fa29a2f8
fab0fb80
06445318
02834aa8
05435d48
faef4fb8
028ec598
fbd60870
fc9c84e0
0009e2d0
fdf2ded0
037800a8
04d09d98
fff045f8
019f3008
fced9470
f9f136f0
f9f9ea20
05c59c58
06554cd8
fd7e4dd0
00b70ab0
f8ea0d98
ff940038
faff7f20
0334a568
043f62b8
0267a0f8
f908ad20
03dd9f78
fc496bd4
fd071c80
fdd340a0
00e5fe08
0063b970
fde016b8
f9d52650
0244c0f8
fd86c1d0
03a13b18
031e2328
fda51c60
0616c0f8
fd80f7d0
05d1baf8
03e65f58
05ffaa78
fea47550
03848e68
ff803548
054fd748
fcb25520
05ce6928
f8ff71e8
02b925f8
f9e28d38
fa116060
fcc3fc94
fe596568
053174b8
0334b368
03f49d78
fc677234
01c93638
fceacb08
00c848f8
fefcda58
0511a028
029aa7e8
ff7613b8
04452dd8
fd6a23d0
fc1f97c4
012dc168
fa910360
016b6f28
fcd56cb8
fb052d50
0566eac8
f95d6268
04c1b698
025c27c8
02200578
01071ae8
0269f8b8
fe507f78
05c27568
01dcd6f8
05823a38
0303f128
fca6a7fc
fad1fc08
f9bb61b8
f94e9ee8
faa28b28
0226ac78
fedcfef8
0522a508
fc1b8788
fda4d3a0
04948768
f969eae0
ff36c710
fdebbe30
ff3e8b08
05997d78
ffecb4e0
fa6e0a68
038f45c8
05c38bf8
ff0083e0
fdfac670
f9cc6960
fdaf2b10
021c98e8
01b4a168
ffa1f510
05e38c88
01f48a88
03c4abe8
ff3a42d0
0264b3f8
f97f4ad8
04710148
021d0ea8
06838338
fe95c220
00d44810
fd498ea8
025f5078
0102a588
0705e0f8
fc41ae48
fc58c6e8
f8ebfd90
05b36248
fc206a00
0115daf8
f95b0980
f9d06110
025c5a68
02ffd808
f9e7cbc0
06e71998
fc4795d8
03957718
04a55ab8
fa847820
043abee8
04019238
00cbfa78
fe90f000
0320ec58
0262f7c8
fc5be680
052401b8
01b649b8
ffdc78e8
04c6bc18
fdfd61a8
04d4d698
fbe826d8
03b431b8
02288448
fd422f80
fb79c7d0
fb865c10
0381ce78
01f69be8
fe8aa460
06c7e638
ff0da778
031e2a38
02b21248
03853ce8
fb5a2070
065dfef8
053c95d8
fcd6abac
0614c8c8
fdf11780
ff761128
010db778
f9bf9560
fdf21bc8
02cf3648
060365a8
fbb66d80
0151f0f8
f9c766b0
031ff808
fca0da88
022148d8
fdbebec8
fc5b09b8
01873ee8
ff60b030
06cf8d78
0318e308
0111b648
0032fff0
057c3508
fc56a6f8
01bc2138
05c437a8
f9076a48
fc45e710
02e69118
fbf1f870
f9156920
fd045ca8
06393618
038e8958
00d23d70
fa4b8a48
fe7b60a0
fe948e88
04b59d98
04012208
06120288
03681ab8
fad02928
02d99a68
04641bc8
03f4e0f8
f9a658b0
fe0fbae8
018a0238
034b8228
fad72ee8
03419de8
060c7f38
f984ee50
f91ae3b8
056de3e8
03f58ec8
fa8ede18
fb2f5d30
0195e088
00c95510
03a55538
06841728
fc733d34
faf2bb10
023e6298
f95047b0
fcf3cca0
fcf06b10
06c7ee08
01a42ee8
f9451ed8
058d9a78
fb6db1a0
feee9d18
fc6756a8
05a2f758
fa0e2eb0
ff1d6ad8
05014d88
fbdefd48
0219de88
f947d598
fe9db1e0
04d70ff8
fbfc8260
fee89c70
fd4d4a10
05b12bd8
03654e58
fd362c88
0114a698
00c6b728
036e18f8
fdd71390
fd066348
fa94e150
0714aa78
fa554e90
ff7c2f20
fbd072c0
f91be008
05ec3828
ffd78c00
fbd110b0
02e80908
fde1d398
06cd0e58
06d9aa58
027a14b8
00de4768
f9bbb8c8
f9559fe0
01437c18
fc86ec10
0458fde8
05dc3e08
03254188
05be4c18
fe652e70
06b90928
fa72ca38
ff9c53c8
faf16bc8
054397e8
fb75fe38
01b7ecd8
069ac788
003f6288
03cbfdc8
fe12a5f8
fe92c6e0
f91017d0
fbc23b60
fc9a9524
0159e528
02ffd938
01cc4618
01adf708
fab506a0
04aaa928
ffe435e0
fba7ac40
03bb2108
fa077460
04669f08
f96708f0
fc471778
fb514460
ff9f4e68
028c95a8
f94ca1a0
fcac9770
fd589300
f93bddd8
f934e5e0
faedb880
02e01f48
fc1d9d98
034c3e98
058e9348
fc274cfc
003a5f50
039a4a38
fc94a9cc
fd13c980
03d84448
023f2ad8
fe2af6e0
fe0ae088
07110368
ff1af380
fc6491cc
003b1fa8
ff50edd0
03276208
013ee498
01dda8a8
00d0f760
06d99cc8
01a2ada8
fabb6ae0
01b9e198
f93a13d8
fd50ba80
fc152b24
069b95f8
01a1d388
fefb4458
fe796fc0
f920bba0
f9176f30
040b0e88
0366ec88
fc4b9834
fa8592e0
fbb0ca60
017e9f98
fedcf250
01c65688
03f70078
00740428
fe816028
054686b8
03e86cb8
fa4c0ec8
015df098
0524bb68
fc5d7da0
02dfca38
fc9f53d8
04c86e98
fa2d5928
fdde7848
00d10f28
02a1b338
f99ece60
ff612040
ff249638
067681b8
0002f380
f9e2cb88
f93da4d0
036c2a68
ff225588
00a7b6d0
0509d628
f9776870
f90a13b8
067bd498
05a91ef8
ffea9cb8
ffc118a0
051d2048
fcf4fa38
06590fd8
011198c8
ffb31308
0063f580
0267a598
fd3087f0
00445338
01107558
001df5f0
0041d138
fcc9d140
fc53e6a8
fcba34dc
fad940a0
f9ee0ed0
f9458d70
fa9b22d0
03dae768
009ec2c0
f9ec7b08
00c73e70
05952a88
0286dad8
00a957f0
ff10a4a0
fe600e70
fe091b38
fbc29778
fb5f3c18
0706dbb8
0329b368
fa36cd58
04471db8
f9555ab0
fe0637d0
00e90018
fbc1d340
06827228
fa9b9868
008ef468
fc89a240
0715c6f8
feb80fd8
fb129d68
04cfa908
fda41648
04062878
07089c78
0017eda0
ff6318e0
ff3240e0
fba59b60
f97279a8
faae18a0
fdab05d0
f9aadc38
ffa17f00
02669fa8
fe810950
00c4a590
fb0959c0
027d1ba8
feabf538
064a9af8
ff45cc10
fb3798a8
006b1900
05e265a8
fe4a1518
062b3ed8
01327f38
fdedf838
fc9451d8
016d8d68
040e05c8
feb23ed8
fecd3e48
fbbb3918
0489e758
00a20238
046e11e8
05bfd058
fb9a9110
f9847c28
002b9d08
011dc7e8
04654728
fbaa0578
050d8b38
fdbc1b20
03bafe78
f96cff20
00295c90
02063988
fd1c2d10
fadf3ba0
06fcf608
fdcdf158
fb892678
02383a68
00a4cad8
04be5b38
047c6a98
fd5c4e68
feab6df0
fdcdf370
0699f0f8
06352018
fc02e154
fc7bf648
02f0aaa8
f9017868
fec0ef38
00bd4ec0
fa92bbd0
fcec3928
05863938
f9d5b190
01af8cd8
ff4aa500
fba922d0
fe29eb58
02d4b048
fa2918d0
faf34fe0
06c91c98
fb8c47d0
01fc41a8
fd07af38
033a3c58
fe48dd40
00c1ff00
fa4c57d8
fc1b2a04
0161fd88
04310448
f9da08e8
fc6e9660
fd19b130
fc983738
fc4404c0
03d27668
062b07f8
fbb818f0
00058d48
02bd1258
fca4336c
06ca4938
fd798070
010c12b8
f9195180
fdee9178
03bca408
f8f389e8
04f3f5f8
fd7eac70
fa6c0658
0041bec8
fbc57d10
f9e4baf0
fddb8938
fdbb0f80
fd7e24b8
fdab45b0
00846738
05453408
fd1b4450
0062ac90
fdf321e0
06534728
02709688
05765a08
fe14d5e0
01e15b98
03d18488
fe840640
fb6fa8a0
fb02efb0
fb157308
022703c8
054269b8
fbd2fc10
0200ac28
06df4348
fd848d38
024b3b28
01eabd28
f945fdb8
fdcedb18
fd3a6118
070b13f8
f95a8b90
062ee548
01fc44d8
fbb61438
f92b3fb0
05f1f648
02029ee8
f9f6b600
fc9bf7a0
006d8a78
fe405498
04abb7c8
05440688
0177f7b8
034d3d08
fb9729a0
fb7f4538
015c2bd8
02d85718
05ff6cb8
ffb2a310
faecb230
f9cff270
01690e98
05960d98
06907138
00c957f0
fe384c20
00c4c788
fa4774f0
fee00b20
ff3f82c8
f9ad9630
0419ef18
fb4fb260
0071c5d0
fa335678
03a984c8
049378c8
fb94e108
058c8d68
043826c8
05855ee8
05ac5708
05594228
0493db28
fb185b90
01f5ca28
f8fcbbd0
06ebb468
fab44e80
070f5cb8
067c9548
029f9258
0574e2f8
ff4eaa58
fd60c148
fc6a72d0
03dac6a8
fd42c970
f9dd50b0
06433398
005f7aa8
05599678
fa305df8
03b87598
ff93b978
0338ed48
00030b98
ff349cc8
fa6a4858
fbabbfb0
fa4d5f40
03ec8b48
fb2f8e28
fc99a360
025b8a68
ffe43f00
f999fb90
0169e678
fce2a36c
02ec5d08
004f2320
053d19a8
05a3fa58
fde220c8
01ff1b08
fbd66b80
00c4a3c8
fc761d44
ffcdbb10
fbad42a0
fbb83740
fddfd8a8
ffa40e38
001b9140
fa22f868
fa14e528
fadb09f0
fa82e650
03378a28
0579ffd8
fc1458b4
005a7bc0
fb969ab0
fae9d620
015b5108
fa29b5a0
fc0845bc
fa2bd7c8
fbcb0300
01cad478
fb24e590
f8f758a0
fa353ec8
02df69f8
f9109d30
056ba0f8
0436bea8
05166ff8
fdd26318
02c80558
048d9418
f8e77f60
00f93748
03cdc408
02b3ce98
f8e751f8
fa80d098
ffa48648
050f8488
05e76fa8
ff8b4340
fdb2f270
0139e138
03a23038
fc205eac
027eea18
feae7290
037b3e58
ffe8c410
fad07558
fea12bc0
faa2d890
ffd65d40
fbedb7c8
ff327368
047a38c8
027216c8
fe87c470
f93cdbf0
fd3fe0f0
f947db28
01df8868
ffa93e50
047db948
0167fc48
06f9bf18
fc69935c
01f03318
fc0e87cc
fab79660
fd7fea80
013ed598
ffb2b7f0
06a8f288
f9e93720
fbd66b10
f936daf0
018f57c8
001aa7b8
02e64598
fdd82b70
f9355378
003b24a8
fc0ffd28
06c93328
fc3827e0
fa406650
fe5952e0
00c34510
05888528
02ed69f8
fa635b40
01cf9218
f9e22960
fbb3fb80
f99562d0
f919ebc0
fccbf6f8
05412ca8
fe319c70
027eede8
00246038
068d9328
f8f49dc8
f98c71a8
0185bae8
026b7e58
fc06ff3c
031280a8
03cc6c38
023ab638
03e41f48
007cb308
062c7f78
fa259760
06dda848
06024558
01d7ba78
02c1bca8
feb826d8
06fd1ef8
07102308
feea7a18
0114e018
fe1a45a0
04225888
fda248e0
fe4174c8
fcd6aaac
fd17ca88
06cd8f08
05c3c258
fc4db398
00772ac0
05244b98
03e66ba8
05f474b8
fee08b80
fb00ada8
0098ef30
fd4ba728
01c890a8
05c30fc8
fd5803a0
fcfe3740
00dfb700
03f58288
03dcbe68
014e0e98
042dc708
05798958
0629b908
017b8e08
fd6876e8
fa193820
fdf0def8
f95055d0
05ff7688
01e44528
024c6338
053fcc48
fc50b434
fae025d0
004ebb18
064540a8
f900ab68
0716cf48
fb1abdc8
0267b328
fc66f660
fdbf67d0
fea42240
0087f700
fc0ccacc
02a3f618
fc1a29d4
0308da08
02f6c9c8
05e4c4e8
fcf879c8
fe34da38
05c5f848
0085aac0
04edb568
01263378
fa190e98
f9f1cb18
fcd89d14
ff7011a0
f99408e0
fae67590
fa2eea80
004d9490
043d7b88
fd3937e8
fc65c388
012ce728
034b43f8
06955b38
fac76a50
07014208
007e8ac8
05a35ba8
fa050090
feb22880
fb8993a0
0659bc98
fc89f370
06c4f6b8
fd7efc30
fa2c0ce0
000600e0
0220f398
04cf4388
f9d0ff18
fb872480
fe24ff70
02ec6928
01e8dcf8
fe19b060
fd6eb3e0
0138d358
02ef8af8
fabbe1f0
009cc578
05099338
fcdff790
06b57b18
008c2ec0
fb361f50
fbc3cb70
00333e78
00176740
fdf5f0d8
ff9f7660
fcb58298
fbb4ce30
f8e4dc30
fac3df50
06a62808
00ee4d88
ff1ec8c0
fe193950
f91cd540
007ce058
0313bdb8
0397ff58
01ab4d28
03046788
04024d58
fc29bde0
fcb44e88
00fd5468
03eabf68
026bb6d8
000aad28
f9d44ea8
01db8588
ff49d1a8
fd5e1810
016490b8
03509048
fd7a3b40
0125ac88
ff79cb20
02dd0998
05a47e78
0604e6e8
02b760c8
05beaa28
ff00e598
054a08d8
fffe0940
f9be66a8
fe0ca9a0
057ecef8
fb763c30
047df1e8
030a36c8
0674f648
03654cf8
f97ba138
04ddc5c8
f97acde0
051b2578
fe1a5ff0
05a80da8
034b2be8
feeeb638
06455518
fe876078
0197d918
fe4fdc58
06960998
ff4702b0
0016c538
fdfb5108
fd10de20
02708038
fc0e6a24
05a53848
fcf17728
02271318
02522358
04b4e1b8
fa5b5500
fc9c8be0
fbbd11f8
faa79030
ff0f65c8
fb562030
000b93d0
fa8681c0
01b34738
f93d9248
fd6cf618
f9c0a420
04fc3c38
fa505c00
fc1cf3c8
04930de8
f9a2f4d0
fecdf230
00bbd928
03cc3c88
018d69e8
f9c6eec0
045f1638
fcbf1ce0
0085ec40
02a19ed8
ff45c830
fe94c360
0272bd28
06ebd028
fc3ef888
f99053b8
fd1c82e8
ffe76940
060595e8
01be8ea8
fce96d68
05caad08
fcfe7938
faa56470
02cd3508
01ca70c8
f92b8b38
f9c33100
03bb5188
04a3ece8
05cf69d8
fb880b80
00c87eb8
fbf72170
01481c58
f963d040
02131c48
06d5fb98
03d21578
06abbd78
0024d2d0
fabefac0
00f6fb48
fee6f420
01ba8d48
06fbbcd8
06ea4d08
0200ab98
fbefeb80
fa7f75b0
014e0e78
05191428
06954478
ffacaf30
fb145030
ffda3118
000e3db0
fb952538
0597bff8
fef5d680
01876928
fffa3aa8
03ae0cb8
fdfe1fa8
03b769d8
fd6682b8
05323738
0649e9e8
ff6285b8
ff86e560
ff7fdbc0
f9f5db58
05363e38
f98dc610
fd06fe50
fc3c3474
f9410df0
007fb688
0654fd28
023ff7d8
035fb728
06d24788
06fe77b8
00e4af78
f94ee1a8
066a06b8
fc6ebfe8
04071728
0422f038
fca5b100
00e736c8
025308c8
034c3fd8
fab23038
057b4458
05c77c88
fde9b0e8
fde512a0
06ac4d18
fe983008
055f1f28
0031e038
fb1d4758
026c82f8
00d7d408
fc8d74a4
fc0736fc
fd996040
0256bf98
06e42908
ff9fbe38
0173aff8
fe8fb110
010c9dd8
00f7cc98
04ed1a68
0002ad50
fd197050
fedea818
05f9ee78
fa3e4d78
029bc9a8
fde49058
fa5f6f00
fe9d7620
046282f8
07124f38
04173708
fddf5010
048e85d8
015560f8
007d3bb8
fa7406c0
fbe6ed58
06542438
00620c70
ff5574e8
00f33ad8
048532f8
ffe18640
fb70be20
fbe20538
029528d8
fa476db8
04bee478
00c432f0
03b3a5a8
fa3a6138
0131fa98
fcec8240
056e1168
fab59f18
02f9d658
f9156378
01ddb038
05554558
023bc908
f9d25378
03599118
f9c28ae0
fb5f6410
066bb548
03d33068
ffde48e0
0314c9b8
fd5a1e08
02451408
06a19db8
fcc86fe0
fe1c52c8
fc2d9298
01bd7d08
047ce4d8
06835548
014b2448
fafb3810
f96bc2f8
ff6768e0
05a96bf8
01dc0ca8
fac0b668
0351daf8
fd7a2c60
f959f618
fa4540b0
0225e9e8
ff458358
fda24ae0
014d38c8
ffe84d58
fec351d0
fa517860
014b3fd8
fa8161a0
fa625f48
fdbe17c0
01a9eb78
01524498
00d16c18
fe785b70
fc7025b8
f9c66c08
06e8e1c8
0325f8f8
00982930
fad68988
060f4238
fea38e00
fef8a920
f9331ea8
f9aaba20
fe92a1c8
fa2b9eb8
fcc17b04
fc8c1344
00340eb0
043e46c8
fc520c94
fb8854d0
06092a58
ffa86de0
06a3fad8
05f97ef8
ff8834a8
fce6e2a8
ff5e81b8
00cfa590
0322d338
046c3548
fcd100c0
058b8b68
fe3c24b8
032b4af8
02351f48
03632348
fb860fc0
01580048
f9da1990
f9dd3eb0
036c5d88
fd0bad40
06a180d8
ff6dbc98
0213abf8
05af1338
00984ef0
030e7e48
fe84c2f0
04774fb8
fdeaf4d8
01d07968
036b3be8
06ad40d8
004a7d88
fb8bce00
04db2138
fd5fe1d0
ff1d9178
014fd808
fb9db418
0214b188
fdac1a00
01956bb8
fed52920
03a62178
fcbf7a64
05076a68
01aff808
f9b3b4b8
04e0b158
057ea078
ff9aa6e8
f9aadec8
fd0bd190
f999d308
03553238
025d8928
023df2f8
038a2958
019a0938
01e9a888
fca35950
f9aa5310
fcac1a9c
046d2a98
faf9ce70
ffc81340
fdfca468
fea393c0
0423db98
0114a058
fba2b2e0
04298be8
fb4d7720
fd8cfae0
066c9c98
041f8428
fdb76950
004ffb98
f977c4d8
fa3a2358
01a7fd18
fc05c780
04f71cd8
02992da8
0008d768
05bfa158
fd6999e0
01b5ae28
f990ad58
fb0dafa0
03cdd298
03eee7d8
fac8e8c8
fd2c8cb0
fd68aae8
011069c8
ffb8b3f0
04a11e48
fc6b6674
fd6e3410
fe381620
0537d318
020a4c98
fba84e08
01526d18
06f97e28
fc863f60
f9127710
fc007e18
fe9a4d88
031a7948
fc7ae96c
06fba3f8
f9413758
01198608
fbd4b8a0
036799e8
01380928
fc892234
fe648db8
f9178010
02e82458
0468e708
00466d10
017dfeb8
f9e73660
028c6818
fb3f53f8
fa535398
03a78b28
00b9e0f8
00ba9aa8
fbb4c810
ff4ca5f0
ff413690
01f11fa8
fd7da440
040fc1f8
00939f38
f9afca58
f9f84b08
fd923418
ffae49f8
045c0988
063cd6d8
01ac6808
f9bdb4a0
fe937950
f9bafe50
fb5ca120
fbc22e30
f9f3f698
043b19d8
fcb180e4
02152608
ff77b648
f90857a0
059af768
ff2a5bc8
fee1ad28
ffe46550
fe3860c0
0683f4d8
00a1e1e8
03d0a4a8
0317e588
01254248
009f5958
f9d57db8
02b96e88
fa1a4c90
01995958
01630c58
06751d58
031d0768
01294988
047ac598
00481248
fc732d38
00e17588
0253bfa8
02a86618
05bd8ca8
03c534b8
ff68f670
f9c4bab0
040e8fd8
ff588860
f9f95190
007b1720
00063fd8
fd0af338
040dc9c8
fec15f30
fdba11f0
00567d28
fedb6068
f91bd0b8
0010fbe0
058d97f8
ff25d210
fab7ff00
010b5908
01f44458
fcffe020
04ce44e8
f9c6e630
fd9f2380
05b3fd88
fc359554
faafa320
02978138
f903a6b0
fae7d480
006aff20
fc6840a8
0618ffe8
05b5b138
f937cdd0
04999d18
002b5330
fc5fccfc
05ffea08
fdae6740
06678278
04dba908
ff9ed678
01dbe718
fa0ce918
0318cc68
fe1a8108
00058480
00ee7728
f9fd3b80
01485b88
009c3e88
069831f8
01faa928
fefe3248
06812988
016f3dd8
06aa4ac8
02a30b08
04981568
fa7ddda8
ff757c20
ffc1b4e0
fedbf370
0644c9e8
03af1a48
06c33428
03ab26c8
fdb5e5a0
024e9ca8
044cb838
065b1e78
fb5ec528
068fbfd8
0099a500
fe505460
0236c748
04052b48
ffbd2940
fe3c41d0
fc977f70
f98052b8
017c7b38
06f86b08
068beb78
035c80b8
023ab768
f9851d68
05db7f28
f8f78ad8
f9f4d8d0
03b612c8
00f68f58
03e37968
fa593080
fd8a48d0
043822a8
01501df8
02b83e88
05354c18
fec0fb90
fe85c7d0
fdfba988
06454338
0001edd8
f9e71cc0
fa9f6958
046e5ac8
052f7338
0015bf98
0177fcf8
fa2de368
fb5e1890
04af3c18
fa571a70
00042770
0459dba8
03ff1348
06de3268
fa255018
00006848
01e23c98
fe9877c8
fe410610
02b1c7a8
004327b8
fa96ca40
fdeb8f18
04f45798
03930c88
fbc3bba0
05ea4f28
fa987940
feca8910
0597a1f8
042d4088
00ad0258
04089a98
01225ea8
0672c1e8
ffe055a0
f9b3e108
01213f08
060aeca8
fc9b813c
faecb5c0
036f5a08
01720998
027423f8
fd4279b0
03e3b7a8
05602328
fb6a3138
fe744238
04f8bd58
ffeefb20
fba68c40
01867058
ff68f400
ff1fbec0
02e75f38
fd810108
0697a898
f93adda0
f90757a0
fcd02650
fc3c06d0
02e73858
fe4d91f8
ffd38968
f8ff4098
02a122b8
00914d70
057adbf8
03edc278
fd2aeeb0
0092f238
fdfb4798
fb085370
00a26bb8
0673ab38
009cb798
05626588
fbafcc80
05e52d68
05093898
ff24b238
05f364c8
fa96f290
0155fbd8
0151c818
03bc72f8
f8ed7f80
facb1180
0284c538
05eefc08
02292448
0343e0b8
00cc1278
f9f4da08
06634828
04664198
049bb4e8
046004d8
012c7a88
056664f8
fad35f68
ff795cb8
008fa788
02662a38
0022fa30
fd03a218
0679f8b8
ff9f51b8
061e35e8
06627378
062fcbe8
fecc9db0
fc813aec
0617dcf8
017ec5b8
04a95158
045ca638
fdab0980
fe782608
ffd94588
05b9c3e8
fa98de70
fab7a980
0553c2c8
fca89a10
05737828
062c3a68
0502ae58
fb7f65a0
ffbca038
fc920bb4
04579588
036b8368
03057dd8
fdaa8918
027fea68
0122fec8
ffdb6fd0
fb98c630
043d26e8
ff0a9418
f98075b0
06dad4f8
024381c8
06dc11e8
059a1d88
f998fc20
fccf5f84
f98c61e8
fb4e8980
fdf31558
062e2a58
fa86e720
fa23feb8
0009eae8
062b3c18
fc812128
012c1ae8
fad8f638
ff5fcd30
fcdd9f88
05f03068
fafbce68
05c8b948
0076ab28
01bb9b28
fe121060
fb0c5c00
02147ba8
068614a8
04efaf18
04a49488
fe955fa0
03442aa8
06643a58
0185ba78
01d42b78
fa3c3250
02b20bd8
06e8af08
f9ec6ad0
06461a38
06d70e18
008b7b88
fedc7480
01013278
ffa7e6d0
00e80ae8
fced7538
04c91ce8
06b70d78
f94ef3c0
fecd1410
02eee0c8
fa7afa98
020f54a8
063729f8
fec8bca8
f8eb6c70
fd6f6ce0
fd170030
f96caaf8
fef27380
05eb6598
0595b2f8
0254f528
05531ba8
010107e8
fa06d620
fd087b38
fb34a598
f96e69a0
0690a028
050b04e8
fe715080
0620e9f8
f9566320
f9eb2b88
00465588
071582c8
fdb2c178
0099f1f8
03f0f528
06c26f88
047a0a38
03ba7e18
fd042090
0474e6a8
028dc3e8
fb2db7c0
fb2ce6f0
05d60bd8
fb9fff40
0023c2d8
fddc45a8
faf8b398
fc1395b0
0457dc78
00fb3448
0631d118
0709cde8
fe5c4928
06e9b9f8
fe3856c8
03999bf8
fde1df48
04e4ee78
fc5dd3cc
feab92d0
f9c17d40
fc0e4b64
04115c78
015ae178
fe048840
fb119da8
fce5d7c8
02c1ab58
ff73f750
0602ca48
05b6b4a8
00a46dc8
fb37aa30
02dccc18
fe700850
fd608cd8
ff744748
fff90060
fb4d8dc0
f9fad0e8
f9688eb8
0079b7c0
05889408
fe216ab0
f9fe3660
03ddecf8
02a862c8
04c617c8
fd3d9b20
fdb08938
04d7fc28
f9907d78
fbd013b0
f9e1c000
034d1828
01bac5e8
f9970580
05f69118
02505a08
fbe99bc0
fc1fbba4
ff103ee8
0171f5b8
fc8893f4
fc9e862c
fd33cba0
00ad8640
040ce458
fffb58a0
fba1ee00
fc49a43c
06a27128
02dd1e48
03dd0d88
037f0f98
04111858
fde49ae8
0702c658
f92fbfa8
02236f08
03270fb8
ff8489e8
ff165fe0
04433888
02480ae8
fd152400
068b4c18
027c48a8
ffaf9b20
02085498
047c6758
fc976254
faeb9490
ff5757a8
0006ecc0
01341fc8
fe8daf88
fefdc8c8
06fd9928
055d2bd8
04d621c8
046fa848
ff0a8a88
0453ece8
009a2528
01cdf948
05c49fe8
03142f78
fb266090
0581d508
f9d290a8
02c268c8
02742a28
01d809d8
fefda640
fbf3ed68
05467b18
03137bd8
042a69e8
fe8f70d8
033cfa88
fb383540
044fb328
fd0d2b80
f8e7abd0
fdb201c8
04ea6638
ffcb3c80
04afdec8
0210e448
00886df0
fd874030
01761c88
029e9f78
00ac68a0
01f30a68
0069df48
00623410
f8e5ea28
fbf11bb0
0160d1e8
fc765420
04e629e8
fabce498
fadce280
054d1af8
06644358
fa490ea0
fbf52590
014ff018
06304bf8
02b2cd28
fbb07910
fe84a068
fb8f4d50
fcc11684
f934fa48
0361e9a8
057f0318
05c82d08
06f24388
01552c38
07050368
fe7b36c0
fffcada8
070ef1d8
02cbc958
06d83bd8
f9ccf668
058ad268
f9b75f90
0277d148
052a6588
044479b8
fd99f048
fca23f74
f978c8b0
0316ecc8
fc12f538
feae04a0
03738be8
fdcb3798
06896d98
037bd038
ffa3b9d0
f9fdd1f8
f9e967c0
03084678
07067738
07195f68
069cb178
00b30be0
0449f118
01cbbd78
fa4f2578
03003bd8
f9cedbb0
fa3ddef8
06c53558
fec2c8a8
03703378
fee31ff0
060cd538
fdc83bf8
05a6e098
fcf6f6f8
05f59908
00dda380
0220c9b8
fa7009b0
fb49f9b0
011f3648
0304b548
fdbebb70
05525da8
fd85f328
ff1ee788
0587e408
fb2e8848
02ad8368
ff31fd90
fa93eaa8
00048ef8
053c5318
012b7ea8
fe466db0
fd7c6a48
038c9108
fd57ce90
fd592d08
04fd80e8
feffacd8
fc9f2bdc
00e94c08
fd15a280
fcfefae8
002f2d78
fc5af2d8
00a54478
01a17608
018d1708
fa0430b0
03c5f328
000be488
03d888e8
013322c8
fec1ee18
062bc3c8
fa7c9948
fe454b48
fb353d50
035fb228
f9cec260
00cc0d08
f9508ae0
01bb8c78
02edceb8
0074ad50
faa43fb8
03f3a2b8
ff6e7380
0169d558
ff140d48
06b4d8d8
06a07688
ff809e18
f9b6fcf8
047773c8
fc163590
03f5fb78
025b4fc8
01dda578
ff7590e8
fd5da6b0
fbbe73e0
036492a8
fe20c218
fccec328
04ed7148
f966f828
05d6e828
036ee118
05dd8f68
061c8138
fea2f5a0
fe9679d0
026c6e68
024a9af8
f99fba90
fa24b3c0
047812e8
fb22c0f0
0331b6e8
f966af68
fbfcb180
f99e8380
fc87ee7c
fce524c0
02c2a318
02b7bcd8
fc64ac3c
fbca9ad8
fb5942a8
f9d72d98
ff076f80
03b974e8
f9222418
fa94c218
fcfe8de0
0444dfc8
033dcc18
01f8e518
02862398
01644758
017edb78
fc2d9ad0
0488bcb8
00340e78
fbae9e70
f926f008
fbed09e0
058ad4a8
fa1ab998
fef9b650
044f7708
056ad768
facb71c8
ff7c5f00
f9198f90
fbe64290
ffc848c8
05232f18
fc7bed64
f91be460
04d56088
0566d978
ff706158
050e2bf8
0142b298
ff6f58b8
fa4d15c0
03f4eaa8
012c0768
023a97c8
05c33a38
fc9d6d88
fbc8ebc0
0506f358
fccaf1fc
06fa37d8
ff10f820
06ee9b78
fb5e5938
0141d998
01689838
04471508
fb046ea0
006c7a48
fbae1248
02205958
fa99bfc0
fb783020
fc0257a0
06ad96b8
05f37e38
059ae268
06ede708
fcc77be4
04ba00c8
0667b108
0444f758
05d23098
fadf3648
f8ff6178
00cb3dc8
06dc5638
fe9231b8
fe3f5968
fa181910
fef3fe48
0399d528
fd5113c8
fc64fac0
fa837408
fa23ce10
fea75298
fda61140
021acb98
fc78378c
06fd4cf8
f9445bd0
019126a8
fc271590
00a7d6c8
00933e28
03d686d8
018a6468
00c65ee0
022fa268
fa2dce30
02054198
003f6038
06162bf8
00532a80
ff5d25a8
f9c12810
fe3f7e10
fd9aa618
ff7950b8
04c9e528
05e31cc8
05d2a8f8
01c9a7b8
06b019b8
f9533250
01c8f0b8
001e5ba8
fa90f498
01666b08
02c2cfb8
0563dae8
0328f898
fd2efe28
faa46978
051c98b8
fec2ddc0
fc6fb538
fa1f0108
fce5bdb0
00f3fb68
01ab2dd8
fad17d30
ffaa2288
fad82a18
034f1b28
fa0a5a30
03935778
fe9433e8
fd1eb0a0
023f6fa8
fa975930
000ff4e8
ff9d7050
05213438
fda48420
01d2ddc8
0049c5f8
03bd09e8
051c5418
fa364718
ff33cba8
045a2018
021c6fb8
055cee28
fe2dfce8
fcd0472c
02580618
f90e0318
04b33778
01437c48
020e4628
0004bcd0
05518528
fedd32d8
03473d88
02f4c208
05ef70f8
f9fd0ed8
03cdb558
01892398
02aea758
fb48ccb8
fab51780
fab3ba40
060d1ee8
04daec58
fd512118
052ffd48
fb464410
008e3880
000ddf80
fb5a1300
fce80db8
0698ce58
03df13f8
05a9e888
fd59aaf8
fffbbb00
fe6daaa0
fda5b0a0
fe11b668
01810018
ffa88da0
fe6d32d0
fb893cb0
04159708
027a3228
fdd6ac68
0145e0d8
05de2478
fa6da9b0
fca70cb8
0619d828
fe4a0758
027ec198
0268f4e8
f98a79d0
057e9348
f8fde270
fa51bf78
03e478c8
066b0798
00577b98
f90d4168
05d55cd8
047bb208
03c87828
06472788
002fdbd0
055c3df8
06b1ba78
fffa69a0
f95f6428
00fbf8e8
0154ae08
f956c668
fb42e560
027c8088
0219b588
fac90e00
0585d7b8
fe148b60
00f818a8
fb21b2c0
fdd49d38
0424dd68
068e6338
05a4cd88
03ece1c8
fa162be0
042b7738
062efcc8
f9a893c0
fab8d5b0
06abaa48
05165138
0046bad0
0523ad58
03109848
02a78288
fef90fd8
03dfe5d8
fc762028
04edebd8
042a27f8
0299ce88
fc0a82e0
0302cb68
05cdb008
f8f50928
06ae3278
00f19388
03ba02d8
04270fd8
fb55ebc0
fd021ca0
06860498
0409a6e8
0372f118
044c1268
06fc0c98
ffa535b8
061cdc68
01d7c0f8
faba42f0
038c2868
012241c8
0506d1c8
009c5ea0
f900cf10
fceebad8
fad1ba68
0166ce58
faef5b10
06e49218
05c64db8
fe9baf20
04e5be08
02625c18
fa601440
02e44b68
fc5b8cc4
00ab0ab0
fe5baa90
fa6ea1a8
03b2fb68
fd5c6e68
00e8ba38
02f6ff98
012e4068
fac873a0
03798bf8
fb8ad020
0112b828
fe64a360
fcff9728
02290f28
05b681f8
fb222008
008d56d8
06e1ca48
04d3caa8
fe9f2cc8
010bd3d8
0667ebc8
fbb4b350
01123158
008f88e0
fb51f430
fecdf3c0
ff372570
0224ada8
066841b8
fae43910
fb4e13b0
028d3cc8
027b9b58
f9d4ff38
00a35280
0397d2c8
05a23718
ffc667e8
036332b8
035e3328
ff526018
fe82dc30
fa09e5d0
fe6da468
0522ac38
fe344c68
fa0e8fc0
03f75888
0012d610
04b04da8
fdb88680
ffb43318
fc652b80
fe502c50
0193b428
fac28248
02fc1128
fd5c61f0
02f9e9e8
05e31378
032265b8
ff27d7c8
0494c678
01371878
0681fa68
faae1950
01b91be8
fc2ee288
f954a458
ff35b1c0
065def48
ff60f328
fd7265a0
fecadd28
f980ec30
047d4698
0542c2c8
f9350080
057f62b8
00210f88
f9ff41e0
fd7ca828
fa2cbb00
00f40788
04cba348
ff317168
f9a91470
0365e8b8
03117678
fa54d030
0098dca8
02fbf518
04bef198
00ea0ff8
fb9a7d10
ffe75920
00224598
02f29a68
feafa7a0
fb023ce8
056da158
fa740fb8
fef605e8
ffffd740
fc8a0988
03db2bb8
fa7a76e0
04a09ac8
fc0d1bfc
01708c78
fd0c1888
f90c5e18
fb759428
024f93c8
fb186a88
02f3ac98
fec878b0
fde7cb98
04bfa628
03366ef8
fcf5a440
fa017ef0
fc210c5c
f8e4dcb8
ff3a2d28
fe0bd8a0
fe0db160
00189df8
fe8421b0
ff6763f8
029f26b8
f91c9068
06f69aa8
055350f8
fde62b40
0671f218
05910898
00c22c00
05ab27b8
f9a31c58
06f4a318
0716d198
fdf23990
ff963b60
fcdb509c
051d28b8
00418cd0
fecdc5e0
02c45cb8
06605648
000cbae0
ff897410
fbdd41c0
fd60c808
fa5b9248
ff6624f0
03d14cc8
0236eae8
00332640
005086a0
fbd8b3e0
043a6f98
fb8ce550
01f497d8
fc882590
02361198
ffa1cbc0
fcec5778
fd6f4808
ff9d3420
fa14db98
fec1dba8
0245a688
f9936b68
01274d18
fdc439f0
fae85fc0
030fad78
049813d8
01e67418
058248c8
01e8f0f8
fbcb2c70
f8eebe00
06e8d278
f9a2e098
00f70ec8
fa6775a0
01e34278
fae1d810
00e83b38
028fc858
fb38df08
fad757e0
f9c30c08
fe0b6108
02563d18
fb2f1820
f986dca0
0526d808
01867cc8
fb274820
fdf01730
fdaf69b0
02ed38e8
fee79c60
06f0b448
ff026ed8
02f684e8
ffc0c138
fe3c8400
ff055470
020abe88
01d32008
01b47488
0203ae78
f930a170
fe3d9068
01ed15f8
f99db7b8
f91aa650
0452d1f8
061f8248
ffdbe850
fe63b080
06ff8ac8
05366648
066a1fa8
fbb71118
fb5cc470
02c0d1a8
02fc5eb8
064a8ef8
05d2b148
036ac548
05087a78
fa401db0
fb1edbb0
fcf8c868
007044e0
07145108
06535ca8
01f4e108
04a28cc8
ff3ac430
0194a6b8
06836b58
05e038b8
fc39f130
fba77240
05d28068
04a88118
fda32c50
0560adf8
f9084cd8
fc73f6ac
04160968
06cf07d8
00a047e8
ff543ef0
ff249420
fcd2d480
017cc9c8
ff15e498
fc0812fc
fd9e0450
fca3c428
02518bf8
fc7af54c
03c9c218
fb0018d8
06cfcf28
ff73bdb0
01917198
f90d1b38
f9d8ca30
06f07678
005d9e70
037172b8
01ec2ea8
02154c08
03482728
fce60de0
fe71cf50
fcb08694
fb6cc5e0
fce90e20
fc05110c
fb5148d0
054335f8
fe44ff70
ffc30608
0300e6a8
fc203dcc
0130c5c8
fd34d928
fb0edd70
0595d468
04535888
033021e8
046a9708
05714a38
f91ed050
044a6768
03ad0af8
0110a1c8
07018dd8
fc952fa0
fe931980
f9173250
020bde58
0038a4c0
fb1dda10
fc68e6c8
07068758
03777478
01fc1fe8
0093c488
043873a8
03fce7b8
04dc7c98
fe5adda8
fbca46e0
fe9b5e48
fd2c0d70
029a6778
fcc3e678
045d3558
00aedbf8
03c2eca8
04bdf1b8
ffe974c0
ff907678
014bd988
0343c9a8
01a9ef78
044c94f8
ffce7688
fcac1380
06f70b28
f9760aa0
faed4a38
0391d358
f9d96250
038a5288
046b82c8
03ad9848
ffa4e158
ff2e6940
02bba5a8
f9329ff0
002a3490
02892b48
fc691818
0659dcb8
f9911db8
04f96bc8
046a3df8
0249ecd8
06146918
037a9668
fd16af40
ff8a4dd8
00bca0f0
f93657e8
f9ff9e80
fd93c1e0
fa51b2f0
fc6bb150
fa9bfd98
fa5c0d58
02c89a48
060ec948
04199f38
fcb57bec
03b77998
fd5f70c8
030a2658
fabe9f08
06d1d3c8
023b4dc8
0156e988
f8fc8148
03f0ca88
fdcd1838
faa519b8
fa2e4a40
fd468f28
f9044ad0
fc6c75fc
f958dc00
fc328464
01e990c8
01998a88
ff63bce8
04e1d8c8
027d0d08
fda27dd8
02879418
009f4128
f9904348
fe143930
fbda9230
06a93728
04a7c288
012d4be8
feec81f0
fce85120
fc2db540
06e49fa8
0131e588
05016188
fe9c5798
0486fc68
ff40f440
f9c26178
02764338
0494f838
03cc1d18
fb546c50
04597428
03409508
00e80108
fbb0c220
fa0ed4d8
001926b0
05070f68
ff69fba0
0250f508
fe7d45e8
fd60f620
f9a3bcf0
028739e8
03ddeda8
ff45d1d8
f9174d50
03afe0d8
fdd840a8
fba06dd8
01e95c98
fb649930
fab99178
004283e8
ff3f8f20
fb3329d0
008080f8
fc2dcdcc
fe362030
0496ed88
ff421090
05cc3858
fa43a1a8
fb618c00
0512d688
fc3c62e0
065b5628
f9b7ccf8
06c14a88
04dbcce8
ff42a560
0326c3c8
fa3b9d98
004c5c28
01db0438
fdb39220
054ec9e8
036778b8
01d2d318
069b82a8
0288f758
0609b0d8
0275cb68
001c2b68
01f3a118
fdf91238
f9e54f88
046eb348
fd0fbfb8
ff11ce40
03840ab8
06c15af8
f9727fc0
03178408
ff253e78
0641e0f8
02d79d68
fbd1fc00
02fcc0f8
f986d880
02be0c08
ffbd6b18
fd2f2ab0
033be2c8
0173bad8
fc1ba7f4
fd8db320
054a9858
0606dd48
fdb22d88
fa9e75b0
005b4570
03213648
03c9fb48
fdadc440
fa10a108
ffff0140
ff4be598
006f2d60
0642ad58
02f93d88
fc878ec0
0099cea0
fae88230
01c3ff08
00ffc5f8
0511d6a8
fe68c268
fbbdb970
06f5e8f8
01d17fd8
03615a68
039ad748
063c3488
f9fc71f0
fa8a9b70
05f47ab8
ffac5f38
f92efcf8
fc817b70
fc717c8c
041d2218
03b5f098
050b8fd8
fd21af20
062b5cd8
fd5a6cc8
0669ea48
03dcc2b8
06b70b78
fdf11ad0
04ec50f8
fea363b0
facb8638
fa911eb0
004f8130
fda3aa90
0435c668
fa377eb0
0629f308
071938d8
01b3e848
0624e7e8
fa124598
05ae7b48
03d34668
01365f28
045db708
044df398
fe1e68a0
0185c9a8
f9c1c6c0
fcb45ed8
0341c888
fccc928c
01eb0a58
0682c838
fc368fc0
01d7e8c8
fdbed818
ff2ca860
ffce4f38
f916c280
fb324200
fadc7fa8
06e609d8
f98641b8
034be2c8
02696028
fe766708
fb6f4e00
00f0ea98
feff6970
fe2efb90
fd326c78
064b8db8
f9d4c3b0
f91b05b8
0038ef80
020a0098
03fb0128
0248c888
065e2248
fdfc9c50
02919ea8
04afbbd8
fe403a80
fd455bc0
04c8bd18
05af42d8
06e6b328
fd47c258
f9e8fe80
049faa08
06d1b128
00418ad0
04c93778
05198e78
fecddc18
0263aa78
fa938940
fabf6098
fe664f98
fd5024e8
062944e8
fce654f0
fed609e8
fa6b0898
00338a00
00b0e698
00de7560
faf31b00
0335b2e8
0031c300
050cd908
ffbcc288
fa134b90
f906d180
06792398
02f8e5b8
ff3e85b0
05332028
fd475348
020cd2e8
fc30217c
fa8158c0
f99c0f28
ff638260
f922a408
035bf4f8
fada0888
06bf85e8
0283dc58
03d4b7e8
05cf1c38
fb296d80
fa2f73c0
012fde58
f9e74960
f9de9ed8
0377c058
fcaaf350
f97c73c8
ffaf11e0
f9891fa8
029d6088
fc712e5c
fbacbd20
05fb3e68
fb125ac8
fb91cea8
fe243668
00f83368
fadee720
05ce1158
fc448524
f9444130
fde16218
fd4115e0
05401998
fe207940
02eaf918
040a5578
fdd0c848
0102f838
fff5ad58
fc238140
06611868
ff85ef68
05f91778
0076f138
fc3577e4
01814608
fa2922b0
057a2cd8
fe02ba28
0327b4c8
fb3be030
fcf083d0
fde78fa0
fa373550
01bb15c8
fe334fc8
ffcf8648
04117ee8
05a502d8
0472ab48
fa136220
00de6680
fb65c790
ffcb8cb0
04487438
06299a68
021552a8
028940f8
f9094928
fab3a578
fb8fa048
fe8f2400
fe372c98
02292dd8
fe9acc40
03d9ccd8
00cdf8e0
049a0098
fd0b0000
fb84c998
fd7c8a28
04fffeb8
006d1f30
023aad68
01578758
fa3a9aa0
fbcd2250
00d3bb20
fd6fcd80
fc787ed8
fd90eb60
fead9ba8
05b60e08
f9e32d08
06ac49c8
fa4b2958
02c8e448
fccfc0cc
040d78d8
057af248
051f6ee8
fc749794
fab0f3d0
fe349640
ff9b7700
06b3e9d8
061b5588
fea8f5d8
fe7ffc20
fb22f660
03d06d38
03ab1e38
044c9a38
048cd1d8
fea32228
03c8d1e8
fc4afdd8
fbf5d6d0
fbdd5c40
065f0f28
ff3f01f8
046283a8
0683c188
0350bbe8
07122bc8
fe90ba78
05906f08
064ce8f8
fc4d32fc
f8f9be50
05f78f18
ffeb7df0
03b79448
02b0f2b8
f95d4988
ff975258
fe7f9448
0081f500
fa39e680
f96dd9d0
fdc93310
ff689b28
04fc5348
05b90a38
06638af8
053a7d78
fac874f0
064af0e8
fcb8b92c
fcb83820
f8f7ac40
fb6c3b80
019ee458
05f5b0a8
fd735cf0
fa382348
fdf22658
064dc9a8
01f00a28
0529b8f8
02e779c8
fc3ad7dc
f97ecfd0
ff8114f0
025cbbe8
049704a8
fb752150
03c9b588
0085db40
fb18c240
02b64908
04844e58
04ed0a18
0644d9d8
04b2a178
fe157228
f9ccebf8
02dc36e8
01a525e8
fe7966f8
f9ef4270
fe8d8d58
04cecb48
f9fd6d90
fa1e8a18
fbc63550
ffe980d8
047d33e8
029e7898
ffd88750
041dc3d8
f8e747f8
04e9fdb8
f8ea9ea8
fc7812ac
fd474b10
fbfee880
ffa39aa0
f9439660
fc03e930
f974e870
009f4760
f9120a38
0289c7e8
01063b28
fffa0320
fbf4c350
fa1be200
fc38da1c
ff4bca68
03e25f18
04df9038
feb721f8
ffad7ce0
fe5a25a8
04caf408
0112a898
0288cec8
fddef838
fd16e900
04a633f8
00cdd0b0
fc1ac568
04861048
fe5a4a88
fda11490
fd532680
04707c78
fef90bf8
f91b6800
fe676008
06e7bf98
01a6d138
fe1a39c0
032a94f8
fa065cd8
fb854018
ff460760
f9004f38
fb8061d8
05e64d58
fbd41b60
face0590
01b3c988
fd53f068
fcaac41c
fa791110
fd8769a0
fd50d6b0
f94eed38
01f5a798
0487aa58
fcdc527c
06834378
fdb65438
01b888c8
f93e3c50
f9a518f8
06e2c428
ffa7f708
fd243408
010d5ec8
fcdd8d6c
0529b6c8
0488a468
fa38bac0
fc004eac
fe760388
fdc881f0
feefe7f0
fcedbb50
fb87dbe0
ff9f8db0
ff632650
02cae568
fa9be540
fd156f68
01d6d318
fbc17248
fd27a6e8
055074a8
ff2d1e50
fb04c540
fe35b570
fb54fcc8
04d546f8
00013e10
fbfbcf40
fda63b00
0270df68
ff955560
fdd9e1a8
fe49a080
029d7d28
fa0176d0
05946668
fd3346d0
020da228
fc731990
f945bd88
01a803f8
fc3fe8a0
0581c298
06da1cd8
013a3c68
015903e8
037648c8
02761d58
fd16f150
0678b388
fcd98e84
fe3fdf00
fc2c3354
029e5e18
ff8d3920
021aaef8
fc994bf8
fe322a98
fca119d4
06107c68
022b7c88
fa1ad408
01883208
f98b0950
05f04408
04c8e768
06c9e218
02fe8f18
fc68c924
0131a6d8
fd59f310
02407da8
fc12d690
ff676ff8
ff721f40
03e14d88
fe901bc8
00ed7d48
fc7f3130
fb2ac970
02a9ee58
fa7ba1d8
fcc1242c
fed5e320
fd578b40
0172dc98
02ac83e8
fe85cdb0
fcc37f4c
fb8c6380
0506b698
05a18518
fd4d2668
03168ee8
00641228
fcebcd70
04bf7cf8
faf57bb0
fbd64218
00a76a80
fce899f8
02be6548
002ecba0
fb69d428
002ca300
f9586aa0
fd6ea5e0
06688c88
ffe10988
ffeba6e8
00915f18
fd6bb780
f95b28f0
052e00b8
03655818
fbb92260
03c829d8
01fbd478
fa781230
01ddbca8
04fb0e98
fcd40fac
0007ff80
fc203440
029d79d8
fcb5f96c
06390ce8
050655a8
fda361f0
01f07ff8
f920e0b8
0086c1b0
063f4bf8
06e74638
fb9df360
fd842760
fd20b060
05952d68
0653e248
062d9468
f995ef50
f9167970
0539cb68
011c25b8
0151d768
058fb258
fb401050
fa1fcf10
fb98fef0
026cf4b8
06041398
ff664a00
fdadee38
01caa728
fa323bb8
fa0a1d40
025e8608
fdccd1b8
fdec2040
000b9260
fa319280
fb87a220
fecdbde0
fce60830
fa43d0c0
0208ca18
01d7b538
061d7488
fbbce690
fd7d82d0
fd96bd10
011379f8
fbb83680
06c61608
0152a9f8
fe406760
05b3ff38
f93023b8
02bad738
fe7ad178
046cbc68
fbb122c0
fd6a62a8
fad345a0
061bb038
04c7ddd8
032e5158
03810408
fa297f00
fb351470
fcc47910
f9b7f660
05f93488
fa1a10d0
06920758
00505bf8
055bbd88
06c9fa48
02146378
fbeba748
fe6faaf0
041a9218
fc22ab98
0002ce88
054b79f8
04ad4ee8
fbbaf6d0
fb16adc0
fd563fa8
fd4dbfe0
04252bf8
03c70278
fb547fa0
ffe32178
fb0ba550
00a44728
fb571ea0
051ed948
fa909888
ffaa5ad8
01053f48
fa9b0960
fe328d68
ff883818
0378e018
00028d00
fa6ed6c0
fa75feb0
066a8668
02a8c6c8
fce5e890
fc516200
028c8b88
fb84da80
01216178
fe05cb50
fa367d30
f957e720
01ddedf8
0111a6f8
00f47e98
fe6f0d90
ff25cf28
fd8b94d8
ffbacc00
0292a588
fef92ab8
fef8b570
fe687700
fd596178
fadd3e38
fe6797a8
05084d48
0506bc08
04f9a438
036a61e8
fe40b658
02bae3c8
fdc84468
040fa938
f9a383d8
fa02b550
07029b68
0581b4f8
02d5d268
f9290018
f99c8700
fa5bf600
fde3de58
fc910864
06d61908
046054f8
00fde178
ffead420
fdba4998
ffd101a0
06bd6f68
064882f8
0551bd68
fae2c028
06e3b238
06a1cf08
ff1dafe8
04eaa708
fd0d8c38
012816c8
f93bbac0
058b1f28
043b5878
fbcefb60
02572e88
f9043f48
03e32848
fc75cd18
fedd1d10
fd8556c8
f91f62b0
0128bd28
01a43a08
068fece8
fb6e5550
009fb4a0
fafc5ab0
04818098
05f938c8
fff80a98
faa85448
045e90f8
04c840e8
ff04a888
0150bde8
f911fd90
fa2f66a8
05e3aff8
02ecdda8
02dfb8b8
fe4d7d88
faff50a0
fa912ab0
ffdcf980
fe769b40
feabfe38
fea76f98
ffe283c8
fb9bdb40
06ca2308
fa1a60c0
fce641a0
01c9c228
06ef6db8
fea70fc0
f9acefd8
f8e5e740
feb15530
04c21928
fec24660
fc6d864c
040e29a8
059a11a8
03ff4278
02047878
ff26d4f0
00761178
fe3e2938
010aa238
fc18a1cc
05a3a2e8
fa2919d0
fb766f28
066d7fa8
02a60ff8
0148bdd8
01d7d768
faa52ad0
06298848
00368d28
fba5cc98
06885748
03537318
05f3ee28
027a8e18
f9fc3a48
ffa5fda0
018076e8
01be58e8
ffdc67d0
fd039e50
fd6e6798
07083338
05cf0a38
0124f868
01549398
fafb07d8
fd3a6050
f9475588
fa60be48
053c4ba8
025f7238
069c6688
02bf5c08
006d1a50
02c06bb8
04255e98
0287a568
05a5d288
01de64c8
ffd81228
f92854d8
029901f8
fd585c60
f9d22a40
f9950e70
0483c478
fe4705a0
fb975d40
05a50f18
00d417f8
f929b690
fad4ad70
023a8a38
f9295248
03ce93a8
05011958
00bf7a38
052884c8
02c27b38
02b58058
01c16c28
f9722e58
0228d8e8
fbd88b40
056bb5a8
fe2aa790
0335d438
ff755c78
ffec78b0
fd7702c8
ff54f6d8
fd9a48d0
01446f68
fcca3d50
02b90b08
f92731a8
f9ecd9f8
fe71b158
00591010
fcacc8d8
056ead98
03b58e38
03f61228
06a29ac8
02428f28
fecfdc28
0155ce58
ff591618
fc2db440
fc533a50
fe261f48
fd594040
01723598
ffdd60a8
ff1afb40
fc9bb5e0
fcd5c990
fbd39a38
fa705320
071b0d88
fbf816a0
fe2ff188
f99da2d8
f9703e80
fa1c03a8
fad8a298
fedbfa90
fe5e6118
009c84a0
005d4c80
00008e08
020e38b8
fa6ef948
04d45178
fd63a9e0
fecd2380
fa5a8550
0313e908
fca5fd30
006bff38
06cde1e8
02fb0988
fde0abe0
fe261dd8
fdb94628
fabef1e0
03003368
fa265e68
04ce7588
05052828
fd3100e0
066a11b8
02ef4a48
fdb97208
ff3b0f08
06211568
f9702dd8
03a54598
fdbd33c0
069d3e98
03ba9e68
fb321880
04c68248
032b76b8
04cb7488
fb045d48
0122cfb8
ff073e88
03115b78
fe460c88
065e4e58
ff8ed200
fa8bf6d0
faca5e20
fe32ae10
014bddc8
fff3f820
0353cfb8
fbbf4558
fb24c378
04f01ca8
faa08fc0
032aec58
02a61808
ff04c288
00c1ba80
0579d6a8
fb038860
fe5633d8
06e644a8
fb0ee020
fb1d0680
f9f3fa28
04f22688
f9b0d250
03654388
012e4038
0654c808
fc911d0c
fb409c20
fdba2710
06861588
02308f38
03602878
f9ae91b8
fa6c13c8
fc91dd2c
05b32b88
fd1dad38
fc228448
fd8b2820
0134f938
06e6b228
03750648
ff5febf8
fa0cf4e0
fd2a2220
fcfeadf8
02bc1e28
fd68ed88
010282a8
fb836b70
fa01aa00
01377538
feaa86d8
f95f05c0
043dcd28
f912af08
01edfb28
03351978
f9f3c380
fb78aaf8
fe9ba6e8
fa39aa88
04eaf978
fc963828
06ceb358
fb34db70
06462348
ff4c3970
044aa8c8
ff4af6a0
06fe5f78
0607b2f8
047eff98
049198a8
03618c98
01ba6da8
ff099600
05c21258
fd28d5c0
06254218
05dd4988
fdc5fe28
04910538
ff771e78
026974b8
feb7c9c8
04e32428
000d9a50
f9c22060
01f93b48
ff87e940
06616bf8
fa20d0d0
0540c6d8
05cc02d8
05afd938
04dae2c8
051428d8
fa7879b0
fa679c08
006bb048
03a274f8
fd7970e8
fe6678b0
0179f9c8
faaae9d8
03a08f48
019926c8
fc8bcdf8
f8fa4c08
026c2158
0572a9e8
066abcd8
025e10a8
01ef2498
01396748
0415e118
ff787648
fec647a0
023c7988
f9cf3ea8
0557df38
fbefc130
fe1a8360
0009e328
018730d8
fa0d5c98
f941c5b8
07182358
ff638db8
0019b8b8
040f67e8
fcb73fd0
05f38f18
f8f4a500
fed4dbb8
05f23b38
fea6f270
fba5b128
fbfd70a0
fa20d6d0
fb48a110
0028dbb8
0330d358
fd36d800
0617e3d8
0012ba70
fc636cd8
06603bc8
02e4d078
018551b8
ff6ecb58
fa1dcfa0
fd5676a0
03609d68
01c8d7f8
0574b618
01c82068
051231d8
026f70e8
02775818
fc15b168
ff4792a0
faff8fd0
036486a8
05338228
0050da78
0470c7e8
fe7af058
fdf928f8
036ba748
06332728
fb23fe40
fd022b80
015fe338
01d4db98
037f71e8
00e7dfe8
033df898
fb62d1f0
04991078
056f5d98
0693eca8
053b4978
f8f2bde8
fa1f2120
01923f08
fbace030
fac0f310
fdc33a18
f970fe10
fb58c6a0
fb24cf40
063f5618
f8ee7cd0
f967afa0
fb954be0
001d2ab8
fc844e84
fc0287b4
f9317250
fd245d70
060243c8
fbaec5d8
059b1e48
017a2c58
fad77bf8
045d2678
fb8917f0
06817808
fee89178
02872a38
fb380828
ff9f8128
ff2d8c28
02d36668
013d2ce8
fab37780
ff5e26f8
039dc7a8
01ed50f8
02490638
027b7518
04d4ed48
fceec760
faa4b490
fb3834e8
f99b60d0
ffad50c8
065aa9f8
001312f0
061387c8
fd395fb0
fe27e960
0341e468
02830558
fddad568
fed5f778
f9b62330
007c2000
05a7c978
029355f8
019d8758
f9136160
0347e088
060e2628
ff8ca118
fef8f950
fcadd328
fd4fb7f8
063cbbf8
f985d500
fb0c9218
003bdb70
019cffd8
01255148
f9b8d740
0666ca58
fd901698
034a78b8
fc8a18a4
00dd5e88
06a7fdd8
03f60478
fa4c34f8
f9cae290
0655e3c8
01054fb8
06b53658
01fb2f18
020ef448
fbadba18
f962d740
ff32e638
ff6ed570
fb1b90b0
009737f8
fb721cd0
ffcd9a18
0166a318
047be3c8
fba0a480
f92eece0
04820788
001f70c0
00750d98
fbd8ec10
fa9e6340
05fef0c8
f9580158
f9a69c38
fdee0838
ff25fa60
fe8818f0
020c6488
01539ef8
fc5f7bb0
f9eebb30
f96cfcb0
04519dc8
00949b88
fb7299e0
fe85ec38
fb96ebe0
05d54868
ff072b88
fdd9a578
01318388
f9f60f88
fa66f4e8
f99f0320
fd3349b0
ff9178c8
04bf4838
02004d18
fe7c9ca8
f9ee2308
ff1170f8
fb69d0b0
01061f08
fae923a0
fb9f6390
04c3c848
04db1df8
fd5bae60
fbb92b08
045a8a08
00a9a800
fca0de88
ff250b28
06f11f98
023a1548
fa1f7a50
02d3f658
00bb0998
05148a88
fbb8af18
f9ea4730
fd559bf8
ff020838
02cdc578
fab0c510
fbb76510
0479edc8
04c828d8
f9774a00
ff5e9440
fd2ffcd0
00be1288
fcfead48
f90ce790
fa5ff898
fc5a9b74
06222b78
f93b7d00
f9987e30
060f1638
f9beced0
045239e8
fb2a3170
fc015e6c
fe620468
011b80a8
020d00a8
ff0af5d0
06fef6d8
ff1a76e0
fcd02a4c
03560f18
0447ee48
0300e668
04345728
fafec420
0014e460
fb7b8310
06d93488
020f6fc8
fc337128
fded2e20
ff935530
fa0fe4d0
04e2a5c8
fa38ff60
fd3f5558
f9fe3890
fff31778
062aef78
01f55c68
ffcd25d0
01efe2e8
02f94ac8
fa1db1a8
05fabbc8
ff99bb08
051be778
03459b98
057f2368
fbb709c0
fd56a598
f9ae0240
0690f398
fbaf4870
f93b2a28
fba4cfa0
ffb76800
fbbd2da0
03be8798
01acb0c8
03ceb7c8
060bcf68
042affd8
fd1ce2f8
03b68d28
fd46e290
ff5368a0
069c5648
00fefd58
00eebfa8
03b51648
fcc4fd54
fb949768
070b0008
01890978
fe0b9658
05eeffc8
fc8d5c34
01602b38
fe6e6470
fa323da0
fc267588
fc0ea274
04924a98
fcffd5e8
fd1bbd40
06fdf6f8
fd4e2948
01dd4108
03eb51c8
05aa7ac8
ffa7db28
faf358e0
03a78b28
01267298
fbd3eaf0
fedc47d8
0592d3c8
04dbb198
fc850a30
ffbb12c0
ff1b5038
00c65a18
ff547840
ff7c7918
f9e44200
fe2ee4b0
ff94e4c8
04523c08
f92c2de8
043b4f58
063b7298
02398358
fb5e2d40
01fdf088
02917ff8
01252118
fb0f6480
041a1418
02090e88
02e1a358
03e50b98
fd60d940
fa194678
02890938
019f9898
fee34c78
fff76020
04d11838
fa8d3e30
049e68e8
fa5e5240
00536c40
01182ee8
013b0588
04010448
00861720
f9b65f78
fda1e108
fe37b0a0
019e9268
00c9d3e0
06431a28
063e22b8
01de0f28
02c3b448
f93a6540
065ced38
029eaa78
faccd880
fa6b2400
fc5095e0
04cd3d68
ff4b10f0
00f56f98
04b7cf18
fad69588
fe6cd3e0
02f944f8
02b31118
ff274c18
f9e039c0
05febe48
fbd8d488
fbd18f28
064f6f68
f9819ae0
f9ec3148
fe570348
fadeb5b0
06e7e598
fffbfef8
00ec1558
06cd0e68
00c42bd8
ff47b9f0
0142efd8
fea51358
0062ac20
fd23aa50
faf3a540
fe3cbfd8
fc12e21c
fa430bd8
03e320d8
fe869778
fb6cc8e0
fb14c900
f9ec2980
010ac5c8
fe787570
00f48f28
02de8f98
01372a08
fa976d50
fbd4cff0
06d2ff38
f8fac068
fb2c1e80
067d5e08
0236a888
fcdcd7a4
03fae768
04124e18
f8f34e48
006724e0
031ad628
fffdb430
fb820210
036a5b38
05bd6cc8
fce85390
01bb3018
fbe63320
ff471340
045ac878
01008b88
ff9667e8
03c616b8
f9b3c560
049baa58
03987b08
06e05ca8
04375e18
fbbbdc70
f98414a8
04973108
02c72678
fb3a90d0
fc9f5368
fe4999f0
0428d958
02470328
067ef908
023d6988
fe2682c8
04ddef48
fbd1a7d0
007c96f0
021439b8
05470a98
05ba6f48
fa9d14c8
fdb0f480
f9a68120
04904a68
06a2d578
fad095a8
fa10e300
01f3b5f8
f9809720
fe327350
fc556b3c
04008488
fa7ce440
025eb558
fb049d40
fc159bf8
064d9a88
fd0479e0
06229ee8
fce9b8b8
0602b5b8
fd2a7b18
03894178
fe60cb90
ff85f430
f8ee2568
01383b58
0444d508
f9d7aac0
06cef728
0374b118
fa4821f0
01359fe8
fbb22150
fdc77768
041b9c88
f9ffe620
04ee4de8
06ebe248
040c0be8
05c2da78
050305f8
fffa9380
01c7ee68
faff6610
fabe6010
fad43548
062f3ae8
fb522080
028fab58
fce235b4
0430d7f8
005f2c58
01cbd108
fbe70b00
00b93848
051c7b28
0418efc8
067389a8
ffd7e0b8
008ea9e0
027bb9f8
022a5de8
fbf37890
fe0feaa8
fcae45fc
fedf1440
02944728
04128bd8
003a39e0
f98d2720
00683780
022bb128
051d46d8
06a156d8
05c5df38
f9f7e1a0
f9b1b770
ff7a5af0
02f70d68
03533d48
f9c93238
fd505fa8
fc313cac
0569df38
020e2d68
06136378
fe887e70
f9e362e0
0625c238
fb5e0708
feccad90
f9325230
fa2ec9a0
03f93fb8
01d8f398
fbad6398
ff388bd0
f9eb43a0
071a4508
020b4ec8
039bb448
024d01c8
fa400408
05f79ca8
036be738
feee6c58
0315faa8
fcdbf314
fa00e9c8
ffc0c938
00a644c8
f9e94c20
fc8f7af0
f9195d98
03fa4c08
02a135c8
ffeec260
06a16ab8
fcaef3ac
fff4d4d0
003318b8
0608e448
fe33ceb0
fa8a76b0
fe6ede78
fd8af4f0
02d88648
fc286dd4
f8f4d7c0
fd9b3958
06f53b58
fd7e0150
fcc712b8
fa025bf0
ffdae5a8
fff44650
04735ac8
fb2e3f00
ff6e75f0
030e5aa8
fcf19058
feb777d0
04f2d668
036e3268
0585f5b8
fd112ca0
fbc7ca70
ffe3b948
02e05df8
046c2e78
03003ab8
fb4a51e0
fcae8b2c
01e37d98
fa9185f8
0499ed98
0259f888
fa3ee9b8
ff691cf8
fcd12fb8
fec49f50
fba4b4f0
fb218c20
05486048
fc22f154
01277788
05ca0e18
ff9495e8
fc2c9b80
02841838
027ce548
063de688
fe4068f0
fdf58690
f9f7ed80
fc39bd00
f8f606b0
03a5f678
038ccfa8
fcba1534
fcd05680
004c1da8
fe057e78
04f26948
005a7af8
00250820
f978e340
06705e88
017653f8
056415f8
00f0b5d8
f98e4018
fbc05750
04822bb8
fe64dcd0
03819cd8
02d96ad8
f9114890
fa8163c0
fc2f75e8
fe0e87d8
01d97618
05c51118
02f51ed8
fef2a540
fbd10000
f99ad800
05f641b8
f9a59378
fb97f8a0
fac15ce0
fe87ff68
05cdb948
fa1dd3a0
fad39808
fa5ff0f0
06284778
06340ee8
f9343c30
03eee418
fe60d650
01d4cbf8
ffdc38f0
fe1418c0
f9f3d230
fc1f3e28
fbf23670
04ba0c58
0639b498
01be37b8
03995bc8
06352d38
007108b0
005304c0
fbd1f600
fb810ce0
03611288
fad40988
fe526fc8
01bcbce8
03134398
05165588
fd86bbf0
fdc644c8
0138a428
fb58b830
fab94c10
ff01c440
02f39bd8
019aa798
f94b1780
0278abd8
fda13f70
fc74cfc8
fc952af4
0012e880
fb18cbb0
064a3e18
f9ebfe88
fcbd5200
ff0014e8
06439438
fdf64898
064330b8
070d70d8
fcadd828
05be8b08
067faad8
ff9bc0e0
fb2ee290
fe868260
fee7cf20
01037828
00c41eb8
fb292aa8
02bbdfa8
ff65dca0
03abfe08
fcd57d0c
062bb2e8
00f14798
02246758
01e647a8
047aa9e8
f9dacbb0
fe9d6ec8
fba91c28
ff7425a0
00116198
016d31c8
0398e068
004f48b0
fb83f1f0
06811aa8
f9e0f238
fb3ef740
ff83e7c8
fb8991c0
ff7bbc18
05488008
03c78008
fd52f5a0
fbe5b1f0
ff877670
04f43a78
05721898
04f3a7a8
032ca8a8
06572a68
05634f18
fd28f560
fd314c30
03a56a38
028df278
0506e6c8
021a9cf8
05b56378
055eaa58
fc1d0754
00fbd068
007e45f0
fab716e8
069b1f38
0087d570
0326a2a8
fa82b0e8
fe36f7f0
01cc54b8
fbfb4970
05337de8
fd9d6df0
fd42b5c8
f9003f78
00fe4c48
040a60e8
0373b518
035b7918
036a9cf8
0198b7a8
fd74bb30
01eb1438
f9836ac0
f9fba678
013e1708
fbd190d0
047ffb18
ffe24520
006908d8
014c7f88
0193ba48
03da8d58
faee9e40
07010a78
0473dc08
fad117b0
fb714c60
fd1d7fb0
02e66778
0667f248
014cfb98
f9463a98
00a89eb0
fb8ebe80
fbd134c0
ff0360b8
04517ea8
00be3868
ffc77090
fb3dd710
fbe3d318
01ac1868
ffe3f160
fc8c0bd4
fe15a870
017f0198
028c0eb8
06a562a8
0585a168
00b843a0
ff8f2ea0
fa0918f0
012145c8
fabb8938
042f5548
ff3cf8c8
ff0422d0
fc4a34b8
020253f8
fc43cbac
fa5b0160
0035d958
03201e38
02b4cae8
06c6c998
fab587a8
01691e08
fe7f4a38
05952e28
ffd0a938
fc2a613c
ff56d728
03d9c188
fa58e418
f9024e50
fcf6de38
04f52f98
0450e018
03735f58
fc8aca54
fb4e7930
fdcc57a8
0159af08
fd9b5c38
035282e8
fc537e80
05842788
038bd5e8
066ddff8
0415ac58
fab75400
02f83178
0247ebe8
027eb758
fc27291c
fea428e8
fb844838
0137fce8
fcc49148
00201500
ff293df0
f9c41158
fd0cd8f8
fdab0d78
fbfb1fe8
fbd0f440
0670d778
02f65108
06c3a4e8
f93100d0
fa4410b8
fc11e85c
fb74ce08
fe2ec398
fc883d54
05fb98c8
fc3e472c
02953d98
00aac910
06f49008
062c1c18
fc85429c
fbfff180
fbc2c5e0
ffb16c00
00aba9d8
f9bd0c28
05e2fdb8
fba0fdc8
fc6d75c0
fc42704c
ff64e0e0
fed14ec0
fac103b8
fc3c4fa8
fe07a468
00c44380
05580288
fa28a450
fc6dbf08
ffbec2b0
fee7e2e0
06663a18
fbdbc4d0
f9e312d0
022c8b08
ffa217b0
fa74b250
fb666b28
057e9908
02bd0478
fcd052f4
f9a13380
fad9ff18
ffd2ea10
fb08bb28
0322e5d8
ff30e6d0
010b0018
032a7ff8
fee75268
fda00998
02a30558
f97dc0f0
06be9018
02814238
fdd966b8
02958458
f8ee1368
fcd5a924
0507b758
03bc40c8
fccd9b50
0217a2e8
fdd97778
faf94ec0
fe06c510
fc965d78
0487ddf8
02f93418
feea3090
00a314e0
00baa070
02ddd928
05163378
ff7014b8
fe143a18
019a5f38
f9de09d0
00d92388
f9706de8
033d5608
fa1f9dc0
00430848
05d898b8
fe3586e8
0366faa8
0545fbe8
ff36eb40
f9226068
fcbd8fa4
fb0dab80
025f7b78
f9f0d6e8
f93857f8
ffc317b0
fe03b5f0
fcfe7218
00529078
fc8168c8
fbe8eff8
ffac0c98
fda6f3b0
0384a138
05d4a608
0110aee8
01f6ff78
fb34bc08
fc32368c
03bee268
06fe1fa8
003bf4c8
ff390dc0
01b53f18
01b82568
03051518
ff89ca00
063ed8d8
fb637118
05be2768
0582da38
fc5e2250
f9f9d4d0
f8e739e0
06e9c688
f9e2df48
06aff328
ff894388
04d6ae98
ff9ec458
04983028
0318ba48
fa9a0910
fae44210
fae41188
0208a1e8
044defe8
02e0af88
05517b88
06d79778
fc023ca4
fbeab0a0
f9f7eef8
fe8d4b98
f9595fa0
fc4047b0
ff9dafa0
fd93e8e0
002f1a40
f9b61568
05980f58
fa4ec0a0
045ee778
0306d938
0554e1b8
fbd3eaf0
028a5768
030ccf88
fb9adad0
febc68d0
00f77948
feaa4438
00359ad8
054ed218
fd1cdc70
fdf0c250
03904ba8
fe27a488
047df648
04f2ed18
fbc1cb90
fc234a84
0583d1a8
05e2c2d8
ff28f8a8
fef91130
046851a8
05443ee8
0224b2d8
fb1e56e0
f9331770
04072b38
03c519b8
05331cd8
04511098
05244598
fc2cdf94
fbfa4f90
02ae0f38
02bd39c8
fdb55c20
069c7308
0599e8a8
fc9f19a8
fabe8bd0
0678edf8
02a55a98
04887d18
05714118
032c0a68
fc690438
ff2133e0
054b77f8
fd024260
fd7c2ba8
ffa64a98
ff09fff0
fcb5df50
fb3a54d8
07031d38
03c0e3e8
f9d25c40
06befe88
fb927600
03c40868
03416368
fa07ac38
002b9dd0
0341d518
fd4c4748
fad799f0
01cc5388
ffd98ab8
fa205de0
069b2bc8
06c7a1b8
04de12d8
0362fdd8
fec12338
070b4078
00412750
fe17db28
0594f5d8
04685ae8
058f3908
fdf05298
fb37e8d0
0705f388
fa0db088
050fc2f8
f93bcb68
02817a58
02abfc68
ff22bb40
ff2667c0
00ba1b80
050207c8
fd395d38
03b4e9d8
fde927f8
0475dc58
070591f8
ff40db10
00ed4f18
0450d2a8
03254b68
fcc60adc
04c692b8
01eaf978
fa671fe0
0005fb00
f9a862a8
059ff418
fe4307b0
ffa512a0
fd071f48
05b52988
fa97ced0
04702c48
03f39058
063c45f8
039194b8
00676fd0
fba04a30
02cff4c8
fb693d20
056d3018
03e32618
05404f18
fb42b030
fb3dff78
00590960
fd3b7410
04f464c8
fb45c170
fae82290
06478f98
05b2ef28
022b8f18
00be2af8
0604a008
04207408
fb3b3068
0522eb58
01484808
07036698
06adfc38
fe899068
fd512cc0
fe052a80
0446c538
031ec9f8
040e3768
02d100d8
fb5a0240
05251c48
04135788
00e45bf0
012a90e8
000b5a30
f905a588
fbe37420
ff0c9ed0
0449b498
fc1e0b88
fa423380
05f94cd8
fa8c30e0
0555fe98
fa835e80
fbf04bb0
057229f8
04a2c648
05058938
000e16b0
fd2db7a8
fe7996d8
f9a953c0
038d5728
06197e38
fd11e3a8
fc2d4e30
038aff48
010d4038
fd4d8508
012e7af8
fb9e5b20
fbc9b2e0
040952f8
fa8368b8
06b2fa38
fc5851f8
01d211b8
fde62d60
fddab418
fe0f9858
fbd1f0a8
0028fa80
fef1d140
051aa418
022f2e28
fa44fbd0
fc795ed8
fcc67a5c
058a8258
057401d8
014480f8
00da7c90
f9519150
00a36bb8
ffccef80
05534168
fa21c638
f9ce2900
fdb75250
03307b08
002d4160
fc5d8764
06a37438
005602c8
04c25dc8
04e62ba8
05a1d388
f96e76a0
f9a9b728
03c8e318
0624ff98
fae0f648
06975e08
f99e5370
0279d7a8
064b0918
fd39cad8
0028f0d8
fff09260
fb41d330
fea29270
06fd9a28
012338f8
03431168
0167c8b8
fe6979a0
ff1d2f18
f9d55d10
01619b38
f9fe8630
fc273afc
0594fa88
03660098
fbb8d7f8
01480978
feded7f8
feea6c50
0271c508
fefd8a08
06e2da58
fa5fa3a0
fc352860
fb139580
06253238
0382b9e8
03617f98
fcdf3834
fa59a8a8
fe38f308
00ebaeb8
f91a4160
fc5a9b74
fc18985c
01247978
fe3c92a8
fadfdec0
022c09e8
06a47158
0368d8b8
fd4743f8
fe0f6580
fd39b348
fcf2ea10
0674d648
03d95db8
ff6d5050
00d067b0
fbb37420
fd915350
05b29f88
010f2538
fc7b9a54
fb109d90
06358298
fec67c28
fe31a1c0
fed48418
03fbd148
fd495720
004d8a00
05758b88
052d9b28
fcf61318
fa6f6b20
fd7c24e0
060f1078
fb5fcde8
ff80c368
017a11e8
06d770f8
00f04b98
03754d88
06931ab8
fcc363a8
fd10a978
063a4ea8
02025628
01bb0788
f9ad5870
04d309b8
fb289168
06f23038
06428ae8
05485c28
0480fda8
03e4a758
fe30b038
0170b1a8
fdc81370
033764b8
fe1fb938
fac80490
057d0e58
fb940528
fde392d0
0055f7b0
01b989a8
04b358e8
fcc3fcb0
faa8aa08
fbdc2b50
013228b8
fce9a030
fcac74ac
fa0aa760
042955f8
fc830c3c
ffc5f868
fb33f890
fba57af8
ffea94b8
f978edc8
fadc5890
f96d8930
f982da60
fef0ea08
ffdabb08
fd1b2b70
fe115a78
fc4e86b4
fe909d98
05ca17a8
0412d5b8
fc2d0358
048a4f48
013a4a98
ff49bde0
ffadcc48
fa7a01a0
f93b16d0
019bdf38
0629ff38
01264b28
fc353eec
fad86ed8
04e5f898
ff35cc30
f8f407d8
005fb880
fc50c668
fb97f810
03a42398
fbc5fb90
fc8bdc84
fb695690
febafae8
fc2764a4
ffdb6228
01542688
fe8e1040
053390a8
03ca60a8
063a2a38
02c6f048
02a0bf88
faa06a38
028f6198
02b9b498
fb7a75d8
fa7fadc0
fc142ff0
f99c0dd8
042be9d8
05349968
063f4668
faeb1ef0
fcb91800
00223610
ffe20680
009048e8
f94af510
05ece7b8
fc394d80
fb07cf60
00b74af8
fd517928
fb134ee0
0192d248
ffd33820
f9008b30
000545e0
ffac0880
fdc63b90
ff95e130
ff49a358
0334ce68
ff806120
06ba6308
f9eb9ad0
06558df8
03d5b2d8
f99429a8
02889bd8
fdfbd8a0
027270f8
0607f398
f92cf058
00e924b8
f96f0fa8
fea805f8
fc037998
fce3f778
fa0fcff0
03baae88
06152e88
01721128
ff9e50a0
04f2f238
fd2f1208
fb249940
f92e4bb8
0013b730
fe3fd820
03878d08
fa134420
00dbba68
fa6bdb78
03acfd18
fbc557a8
0051b440
fbc34db0
05b71c08
f933cd38
00997db0
fdb9c5a8
f970ff80
fa70bab8
fe30e7c0
01e15928
f8ef9c70
05add898
054b2508
ff62dbd0
007d0550
ffdb7260
ffc352c8
03004eb8
02b0d838
0547f188
fc66d5f4
047c4b58
051b75a8
fa9d1200
0234fc48
0239b0e8
023fe888
002ee3d0
f946b488
034670f8
fa141498
fbfa46e8
f9e7c170
03b76ab8
fe731578
fd504a50
fb9eacc0
0471d8f8
faad8b98
f9f642a0
061952e8
fabbc768
04a956a8
008e2948
001a29e0
0502c5c8
0359ecb8
f9f7d030
fb7b5b10
02a1e848
03c3e948
00e68b58
02b9cfa8
fecfa4c0
002d1d28
fd6e4780
037d25b8
053be978
f94444a0
ff95cd38
fb6c0e30
002e71e0
01f129e8
017bdfd8
01fc2458
017d0bf8
fa8f9c70
fce15160
f9cb4a30
fc67d060
fb81c070
fcfa64d8
f98b65d0
fdb9e868
02deafb8
04b952e8
fd79ef10
04809c58
03494538
061fff58
feea9518
f8ea3d58
fe953ef8
021ad648
fa26bc08
0156d2c8
fccf4388
061f5cf8
00ffc888
fb5d1b98
04db4148
06ba40e8
fba9c330
fd0d2e48
01eea258
fd3dd0e0
ff8fe788
fc8ea1d0
ff189ee8
045a1338
01c84bc8
042fac08
fa440b10
fc8d3c90
fa108a48
fbe7e3a8
05ad0be8
012b6f28
ff9a61f0
fbcc6560
012067c8
fb233f50
04dbc558
ff755698
00c4e7c0
fd55ff78
ff433330
fff00f88
fe5d7190
fa4f2240
fd13af68
fba21668
03bf2408
fcb153ec
fa7e7608
04ca0c38
fc45c668
0704da68
f94f1bf8
ffe46218
fd26ca78
007a5ae0
ffa87c88
facbf410
05add808
05f29e38
05378f68
fa1d7840
fc67de08
0681f758
0412b978
fdb08550
f90e5298
fca469d8
f96ea278
f97bddf8
ff40f0f0
ff1fd3f8
0692b458
03cafdb8
0087c8e8
ffc6f548
fd90d5f0
fdbdb4b0
fe1ae4a8
0559e7d8
f8f170f8
ff868500
ffb1b918
fe575c20
0420eb68
070748e8
050b22c8
01472848
fa4c1518
f8fdcfa8
02702028
04c2ebf8
fa256188
0587e6c8
fd3c8e40
fb153b80
fe971930
fbe8ba00
0296c3d8
fd7469b0
fdd690e0
fbd250a0
faaea978
f959d238
fcfc2430
fc24e9a0
041ad948
fa9d5168
02a6b638
fc4f82b0
03cd4348
fe74f258
0198cb98
01da47f8
050d9be8
003aa460
039bd2b8
fc4c531c
faee1e50
fb397510
01e38458
013e52d8
06f02c78
0679f3d8
02fd5dc8
fb5e1278
01bbba98
ffeeec40
fefdeda8
fcc074b4
05363de8
f94335c0
fbe4ee80
00b12500
f98397d8
f8f091f8
f8fa0ef0
fb1f16a8
f9387168
fb9f6fa0
017a5748
06215508
fe3070b0
06c55058
fc6302c8
01616fc8
03eaafd8
01c42e78
06c40968
f9eafea8
f92c49e0
04bd2278
fa5ba610
fe7ba408
ff75cac0
f9dcea88
00da6698
f93fb570
04cdbfd8
fde2e040
f92bccd8
ffe93f70
fe1a13f8
070ebe38
fcc3c1f0
fae659b0
00c01248
015718f8
fe8a43c0
00f26ea8
0413f158
f9989230
fad18818
007fcfa0
fc2013f0
067ca1b8
04afe128
036ae398
015041d8
069c8c28
04dac928
040c6768
06098ad8
fbf93910
fada3810
038aaff8
04a6f948
00caf2d8
fa0c7960
04a27fe8
06722268
035efd68
fcba0200
ff6ca180
00e34d30
0673edf8
06319d58
f9a8b948
00610ae0
fa269f08
02cab418
fa942b48
ff2c94d8
05f501e8
fcd85fe4
04bad978
04c7e348
0560e3f8
fa73bac8
013f09f8
00d1ab48
02a67b38
027d3ee8
0619ef58
ff829ba0
04053548
fd025340
068804b8
0312c118
fd89e830
fc101160
fb0d4d38
02862e78
02965358
054fdbf8
fe4bf650
fafdc0b8
023f66e8
0338df28
071a9e18
0510d7b8
fc601480
0261fe58
0497e518
fea20e48
052a0f98
01d584a8
fb916010
022bacb8
fbc7ee88
05802f48
00136c58
05c9f218
fe86da00
05a42618
001caf00
fe29fd38
014ebe78
fe831878
fb6928b0
05d76e38
04469758
01e024c8
f9cc6078
f9727dc0
fc2a7b90
06310af8
faf5b5e0
04cb39f8
00c0da48
fd5e4208
013521d8
fe9c0e50
03b75e28
fd2842f0
05463238
fa246ec0
ff125530
fc606974
fc0ea71c
04e1e858
05764c38
fa871070
07074188
0084ccf8
002f5838
fa020e80
05650d68
032a1408
fc6e20a8
fd822fa8
01b4a348
03d69418
fa87a108
0620c618
005df688
fc0bbfb8
fc55320c
06682968
feba70f8
032f7268
00dd73a0
fa92d158
fecbf758
00e4bba8
0276ea48
060e6af8
01358278
fc203b04
00b3bb70
fe946918
0214a068
fc5a9b58
fd9bbd10
00a402a0
016eb4f8
033b2038
0125f4f8
fe362768
02d6dfa8
06214c28
03613838
fffeea08
04dca828
00faa9e8
fa3dbd90
05c21fe8
fce2dc10
04d66418
04378738
fb2d3800
ff83a080
06ce4a08
fd48bae0
fa4ede10
fb96da00
03637a08
0080a768
0587d608
fcbf5cbc
f97afb68
fbef8200
05e4fc88
0336faf8
fd9774b8
01ebb758
006bd020
022f8c38
fc694c4c
06803318
00bdb858
fa08dad8
057fd348
fc772994
0694f508
051b1028
fb4bb750
071a84e8
ffdaf188
06b150d8
ff7e7780
fd9ccae8
052115a8
f905afa0
ffa550f0
0578b638
fcdd0cd4
01bce4d8
fb1a3750
fab4b0a8
05050c28
fe327570
0096cd08
06a090f8
fb4f5aa0
05330e18
00b16830
fd374b80
00178b90
f9dcf710
01ca9fb8
01b74f78
047995f8
06e22818
faf5e110
fe23a498
02790718
010d38f8
04164be8
fb27cda0
fcf648d8
053022b8
fc004c58
f91e2a50
05eac788
fa14d8f0
01857948
fa67c690
fc4115b4
0510ab98
06276398
04ef0808
02f66ab8
fd3f2520
046906c8
01df01e8
011f2af8
03197418
f98f6248
fbad3010
055f3198
f9e43500
03775288
03393d08
fe950600
ff28bc58
069f0508
f8e7a308
ffa41a38
fc06f9b0
0051b990
065fd308
04e5da08
01c20648
f9f6c2c8
ff0de038
04c8e7b8
fa054118
058fdea8
01356db8
ff524c38
0594edd8
0639c448
0669f198
06c88b78
008b5fe0
063010f8
0309bf68
06756c18
fd5c5fd8
ff77ac10
fdc10d78
04e09348
fba549e0
fd660a20
fb04e0a8
00871800
02f0ef48
fcd6f884
f9db9c40
fad80f00
fcd7da68
06f4ffd8
04891528
f9f1a4e8
06ebad68
f9f24e98
fce358ac
faccaa10
026e8808
01309438
05421968
02f44f68
054bc4b8
066d8228
05eefa58
027c9f88
f998b710
05e79f48
fe4e71e0
058217e8
ffe4bb98
fa1bfc50
fb73c560
023b4a18
fdffa6e8
fede3f60
051d02e8
fb1718b0
fabc3cc8
fa770ee0
fdeb5190
01ab1918
ff27a180
01f05858
fd5cbfe8
02362d38
fe9518c8
f9fe7b38
fd7c1f00
063c42b8
0659c568
f9ae68a0
fedf5d38
033aa678
f90950b8
ff965298
f9724338
01eb9dd8
00b0dad0
fd13c348
f914aec8
fb2ba7c8
fbcb63e0
fbaa0a78
037ec148
049e1648
fd4ba048
fee83fb8
01613d78
00b48220
ff565ac8
06f9e588
fcfa9028
fee4d568
0674a668
ff3be280
05b794a8
06817bb8
fadc7670
fbb880d0
04267278
feb45920
06a75918
fee018e8
03eff1d8
fc4bf6b4
0520b188
fe9c17f8
01a3f9e8
01e72d18
fd594128
fdcaec48
0700bca8
0240cc68
05fc8b58
fff9ef40
fb6da000
fb7d7290
fe605df0
fa849da8
fb1620d0
faf85c88
fc2fd64c
fe3845c8
02165068
f95a1ac0
fcf9e8e8
05a144c8
f90bb430
02e72e58
05e18008
03640098
ff48a878
03648538
04bdbd38
019e97f8
fb229ee0
fbacec00
04d67e48
fdff8698
05321b58
facd73c0
042273d8
fd5633e0
03ca0bb8
ffabfaa0
06f32ff8
0388a6e8
ff958558
fe9bbb20
00de9598
00f5aee8
f95c84a8
031eab88
03fefbd8
050987a8
fee21d88
fe7ec980
0050b260
fd4a0140
02521c58
06b5a3a8
00d4f330
00f0d488
01fb6fd8
f9412340
ffe6cdc0
038ca228
fd79fb80
fe6e20b0
fec13988
ff52df78
05c46f08
fcf08e28
02f35138
02509aa8
fa770258
0032f0a0
fd711990
f9aed5e8
000e66a8
00dd65f8
f97bc350
04122358
fdca54b0
ff0b3758
03579658
ffecfc28
fddbef28
fe3c8e90
fcbe478c
05898208
f9fd6ee8
f99a3ac0
fd274f98
05030588
fe70c8c8
ffc12e48
fa323a48
06d25918
fdbe4e10
01fbc608
062807f8
f9ffd7d0
06323e78
ffba44f8
047fde78
ff633130
fda267f8
00f7c528
fc7229cc
fc2b8e6c
fc496360
faf9c020
04013438
f8e7a160
01082558
066fa988
0683a5e8
fa87f9c8
0049d9d8
f98fb2b0
06449328
05129048
0175eff8
fbb94a00
047f98b8
ff1d1a70
fdf4b058
04eeaf88
fbbe6c58
fef4c4c0
05c35a48
ff0cbf60
fb9dc6a0
fbf83c10
fed27598
0496c018
fe223bc8
fc37b0d4
fb39ccf0
02628868
fa4a6120
fb243218
fbbd30f0
040864b8
ffa93688
053d7a48
01bab648
0615b498
fbb413b0
057ab0c8
06b129a8
fab892f0
03384828
f938a928
02070338
fb3fb640
fbb503d0
0702f3e8
ff62ff58
ff0e5460
fafa25a0
ff6bc468
06e4baa8
ff677b68
fe85b1e8
006bd208
fc68ef74
fe0885a0
ff56e898
fe298a48
ffad96d8
02b73dc8
01a31bb8
0565e8f8
fb15bbb0
0599d758
05b64bc8
fb8950b0
03a4ec08
ffc91770
07198058
fea6e618
00a4c0e0
fe857828
f93e3568
06639088
0456edf8
fe3d2cd0
041cefd8
00cbe9d0
06bedd68
fd5a6c00
fbdb81d8
fe7ecd48
fa3da820
05c782a8
013893b8
018ebbb8
043e10a8
fb630c40
038b4818
ff1524e8
f9c7f310
05c0a9a8
0325e2a8
013a6708
fca9eb1c
00825368
fac8ff38
fd88c070
038f1678
fe391a00
fab9e688
feec3af8
fabb2428
03324eb8
f932d6d0
03d5f1f8
fef5aab8
fa5de4c0
fd5095b8
fd210a38
0607e498
fbf47640
06f4ba58
fb720210
06fce508
ff659e38
fd12ab50
fceab7b0
04b892e8
ff805578
0395fa28
010a1e48
01f0ae98
f950e480
07068df8
070aaee8
ff85f510
044861a8
fbda4990
fea75e40
fa1453c8
0084be88
f93a12d8
028fc088
f91ca6b8
06a44bb8
fd9828a0
0622d088
fb63bba0
04dd0d18
fd05d3c8
03c54c78
f947d5f0
fd845c40
f936a2d8
fb10fd30
fb287550
01cbc578
fb1b7260
ffef8a48
ff21e078
0392dd38
fc6ed900
025574e8
f9082018
002ce1c0
fdb07c00
fc549204
05adfa18
fd358a10
062e0e78
f9cfe120
ff587510
061e46e8
fc2e4ab8
03392798
06bfec28
fb10f650
01c81c28
f96a02c0
006a3608
06ad77b8
fb880210
fc8b8b90
fd385b60
f99ee308
01f7bd08
fab4bb90
fbd51220
009b4b20
f96c75a8
069da058
fa066860
03cd9fc8
049d3fc8
05132088
00f4f668
04628738
047aab58
01543c38
03141ee8
fe583b20
01f30628
f924d330
01fe3168
fd805fa8
fab85cf8
015cef68
f94a8fe8
fd12ad50
fdee2070
00aeac20
0596f578
04d3aa68
03a84948
01955f68
04eb54c8
03879528
026dd338
ff98e620
04d456c8
040a59b8
fb5dfe10
ff1ceb00
000f44e0
058fdf38
06cde1e8
054140c8
058699c8
fb1a03e0
fa513918
fb00bc00
ffd70348
febcb090
025b30b8
fe4e1890
fa9c21e8
faec3660
06689478
014d4718
fad843c0
02c2dee8
fb0ab620
0429ed38
0442b828
028c55e8
02b5c338
fdcaffa0
fca49398
f9b4c408
ff89e770
06a0c1b8
feef04b8
ff877418
06361968
fc4933bc
01e3aca8
ff39ba18
03eb3558
fb990dd0
05cc4498
fb07f008
00795b78
fcf96388
fdedc698
05383028
0421da68
ff62b160
006a4690
059b4128
ffb21ab0
fa8f3428
fd0c5a48
f9dee560
fa173348
03d60f98
ff666220
064bab28
02232f98
004869b0
063af418
f9c2adf8
02284c88
fcc5e338
0285d2f8
031a5138
02354908
05d2b2f8
05d8b408
feec2118
fca25be4
0289a4b8
fe80a978
0277cc58
ff035a98
f9400f28
010e1e58
02fecc08
00f7ea08
000f4338
ff7ab838
007e0888
fa2e5ae8
05aad8c8
05a327c8
ff240ca0
05ad8248
005cb090
fd296ec8
04c893f8
ff81d8b8
0532dd58
024a6a08
02b21178
003c7fb0
f9226368
fa06d4c8
0352fd88
fe2d42c8
fc34e94c
00e65208
05329eb8
05eed358
06972068
036f9038
005a26e8
fb7d3d08
ff9613a0
0013f008
f9cb40b8
ff3f5060
fef32048
02002238
faed9da0
02526f18
0263c7c8
0713cf08
01d26058
fca533a0
f968d178
01c30248
ffed1180
05784638
f978da40
fcdd8a34
fb1ae670
fc5f78d0
feb78ad0
01ca7c48
00f2d0c8
0062fac0
fa299e88
03494f18
fd5156d8
028d3758
fbba7188
fbaa8210
04d40ae8
02148c78
fa69f310
03850558
03daf628
fc6d86a0
fb24e040
0493f308
fd842148
040fc5e8
fec34460
00b176d8
ff2c7068
fa3f2b20
fa94afc0
03eef868
06a62e18
ffd82db0
0719d3f8
05ff6b18
00084be8
00029ee0
02813058
fad844c0
046af868
06299f28
06573988
02620a98
fcbeb77c
fe282558
04dcd6f8
05fd6c78
fcda2354
fd25ef38
f9a262e0
03db42e8
fcfba320
f9ecf6f8
fe8eb468
fd6a2720
062a8dd8
043cac68
001d3860
fcf9e898
ffa9b8d0
ff435d80
0027da30
fe466c20
0208ab78
fec70ac0
fde0c2f8
fc5aeb30
faa96a40
0147f068
02d91598
05c7f278
fbb035e0
f91fb988
ff356c90
fbfd4c80
0115eed8
043a01a8
05d176a8
05637f78
007918b8
f977c828
f9f8d8b8
016982d8
fe18f8b0
01aac6c8
00585208
f97ac0a8
feb71250
fc7b9070
fff68598
ffa5d688
fcb0d0fc
04d5eb08
ff36c148
0307dff8
fceeb348
05298b38
004e7a20
0313f998
01ae8468
05d56498
f9e1a300
03035418
059fcaf8
ff8872a0
ffb79aa8
05611de8
02a9c008
03b77a08
fa098fa0
04bb6968
02a441a8
06c95308
02d523f8
fbb39250
fd157bf8
062a1658
fe4ba720
029034d8
fc6e4a84
fb931d40
01a04768
00c26df8
0527c2c8
07188328
03455ca8
05e15738
01d16cf8
fbfc0400
04c6fff8
026fdf38
00dc6818
028208c8
f97c17d0
fbc9fc98
00b70dc8
01bb20e8
0048aa18
f8fc2be0
02bad5e8
fb6463e0
012e0b38
f9c30660
f8e88098
050acb68
fb9efa80
019bd6a8
fb892720
02ae4d38
06f8e8e8
062f70d8
04f6f578
0145a158
fc99de00
fc1abd84
05faf588
fb308040
f94378a0
065fbc78
f9915078
0408f918
f9f86dc8
015812c8
0199f4c8
fcabea84
05107ad8
f92af268
fc63a5ec
00fc1248
016a40b8
fd9c89d8
f9963248
fe496230
fc067614
051db0e8
fe526000
fe361c30
ff4193c0
04872748
fdfff188
fe6cc488
05a756a8
fab71cc8
0502e968
03a6add8
fa883cc0
04be35e8
01baeba8
ff87c360
fe1b8cc8
febbe838
01107338
fd582e30
061c7b58
fe7d48e8
fe78c4f8
fb5110f8
052d7768
058d5948
04f4b368
034b6548
fc96f0d8
016d5408
0418d3e8
02641db8
06259328
058e3468
06bc0878
fdd81b00
01b9e1d8
fe33beb8
03343758
00a80950
fd64cd48
fb30f188
05f24278
0588cf38
03c5fad8
feaf7588
faebce80
ff31a180
fb2a5780
fdf80778
fc119664
fe5448c0
06577498
012dfb98
01f65a48
fb433b90
0066f600
feee5d20
0075c428
fe96eca8
fb398dd8
f93ed690
fc22d704
060cf188
05688b78
fca6f680
065eac48
02de3638
06f86a68
055fb9a8
02648ca8
042c3a28
ff4c2a38
056c64f8
fe52c730
fe1fe870
fe514f28
04cb52b8
fef82a10
00689420
fe0f46d8
007470c8
fc733418
049dd1d8
fe011180
04add188
00161af8
03455838
fba57280
fb46c650
04f94008
fa1801d8
fab25318
fbd72100
f9b33ac8
fd0be8c8
038ff598
06fdadb8
045e6238
fd306118
fd911c00
03213368
00f38278
f9adaa10
039594d8
fa415310
0067ac90
05a54e68
039b55e8
001539e0
02395658
fafc9470
032dc438
fdc2a928
06dda878
03efdef8
fdebb2e0
fc6693e0
000f7cc0
fcb27f50
03f9e218
fa339fc0
065fa218
ffa0a300
faba6f20
020d08c8
ff930390
fce3934c
05671398
ff244108
f9a913e8
fe64da90
026d2518
fa28b100
f90061c8
05d298d8
05a2bb08
ff2f8f58
00045238
019c22b8
00f46548
fbce57d0
05b2a048
fe05a638
faa544e8
04a6a2e8
fdcfeb88
f94f5798
016534f8
fd9c4050
021ff3f8
fe8c8d90
014a2648
f906dc98
06dda198
028799d8
fc74db1c
f8ff79c8
066e22b8
fed53a70
0550f478
fe94c010
fe622a28
fa454458
fdcdaa98
feb1a840
fd9f2d98
ffc8e408
0479a008
062aaf08
067cc198
047075d8
ffb2e0d0
06feb3a8
ffb78400
037a3138
ff7212d0
ff462340
fff394c0
fd554f70
031ea748
ffa41788
fbb476a8
ff8e2970
f9d8f108
fb044668
fb18dff0
fe999930
04281818
02b21558
06382c28
fb8e4de8
03fee458
05a9ea88
0660a4d8
03d28cf8
002dfb80
042bdd18
059375d8
fa0f40b0
fd642a40
015039d8
fe0311e8
f9b7fd80
06de9b38
fc369ac0
02b9ed38
fd223f98
02bd0758
060bcce8
02619188
0527b298
ffebae20
fbf90a30
fbe0dcd0
fd666768
fd98fb30
fb61a2c8
03294738
feae0cf0
fccff954
00ad36c0
06bae068
065d8d88
fb10e210
003b2600
02f3f7c8
fae6ed80
ff5c8d50
02f47268
fa40d4f0
fe7e5390
f97ef7a8
fb7304f0
fcd57264
fdc61640
05d4e4a8
062c6778
ff613fc8
f9e817b8
fd71f790
014259a8
01e76328
f9957740
fc04665c
01b09c28
06f646c8
04e4ebb8
fa598b50
fc723574
063b54d8
fcaacc38
024a7798
fe90a598
fe26ad38
fbd06a88
046bd238
fca58c94
fc883ba8
00d54578
f9171458
025aa9d8
fe67d888
070b0f68
fa3c4ea0
05be6268
fd8fd868
016fe838
06087358
fbbb63a0
00a6f7b0
f94ae5a0
0135bda8
fc063258
ffe01238
063d8208
020a31e8
066e7dc8
fdd6bd80
fbb7fac0
f9c0b5c8
fcb0e4dc
04535638
fd707ca0
f9140f48
04398a98
fd6b95b8
05b692f8
057af288
fdb2bfd0
fc22a144
049521c8
fc2fb4e0
fc0c6af8
021d0318
fd5df910
0289fe68
f9b93a38
fb941fd0
05990c58
042bff08
01091818
052e54b8
fe4e3bc8
f9b92558
01b06168
f9ce0d40
fce9cdd0
fae8d4e8
fdce5768
fa55a810
0010a8e8
02692838
05e5ae98
022c83f8
fb433eb0
ff01de58
02931008
021891e8
f96606f0
f9089ae8
ff28a9c8
03fed0c8
ff6d7e10
05f09938
fa8cb260
049d5cc8
fab11640
fb5e0b08
ffd50400
0100e398
ff220770
fd2a4e18
fec066f8
fb984098
05395948
036c2458
06f3f9f8
f9631f00
f983c940
fd4eb050
000d5840
0020c3e8
fff40d40
057e54d8
015394f8
ffed92a8
f96e0b90
fdb0cbf0
020589b8
02b9beb8
fe7b11e0
f997af30
fb2df890
039dc6c8
04af8a98
fe569a58
f911aa28
ffbeaa48
fdb2dc78
ffaa5548
fdd1d7b8
fdd99ed0
fe9e04f0
fc13ad3c
fb2090d0
fd8bd0b8
04b2e3d8
02569438
f9ac2148
f91d62a0
06f458b8
051115a8
fef0bf48
05df5468
0435ef18
026b9d88
01036d88
f9f064c0
fa1b2018
ffb5cb38
04e024c8
041dbcb8
fd334bd0
fd580fa0
f9d75560
fc5b2544
056fecb8
fb9cbc00
02b588b8
023fdfb8
f943c790
020379a8
f9df7580
fa7ef4d8
fc0ec154
036dd988
fb98efb8
fc2e394c
051811a8
06a99e18
05df52b8
06392508
f9636848
f952e8e8
007d6098
fd0ed9b8
002ef978
02953dd8
017d1648
06fc74d8
ff77f108
fb195288
06353da8
fb690660
00890c48
03864c88
fcd2a534
013e31c8
01b78228
faa89008
002fb5b8
fceb5ff0
04781b78
01f69878
056aa858
fe663380
01de8b58
02dcf9b8
018750e8
063217d8
fc791954
06501a18
046cc6d8
fa19dc98
03a845b8
fc95620c
06f5ebf8
04a79588
fb942400
fbf3f3e0
fb615710
019e6ce8
014142e8
032a4588
fa717d48
06b86008
fab48e58
06ae80c8
04f05ca8
fc384230
02e4c398
03a1a878
f907b878
fe8376c8
0134ff18
f9a20dd0
fee5d7f0
053eba88
fbb750a0
fc04ab50
ff58d3c8
006b5a30
fcc10d4c
01be0a78
fe666ad0
f9daa280
feb510e8
fb137250
06eeab98
013ed0b8
f8fd43d8
fa2e4460
056fd0f8
00a74370
fbac30a0
f9df8ab8
fb2ba6e0
03e5c248
0265e1b8
02bc5598
fb3a6260
fa2a0920
fecc9e40
069e2908
0698f628
fd2f5b00
fc42005c
06e3a058
fe33ab10
feeb5830
048360a8
04f5e2c8
ff23afb0
06bcdba8
039cca28
0155e188
fcede648
057b5678
fdd73590
febedb48
fa3a6950
06374f28
fe657fb8
0549d9c8
06439b48
ff025230
046b2688
0312d998
01e200a8
05601168
00a9f948
fb1dd640
013509c8
021c58a8
fd9efc10
ff311098
fafc6620
03d667a8
fe91cd50
06b3b6c8
f9611b98
02bc5108
01bf9e68
01240158
fc40ec80
03911b78
009acf48
feb02de0
01f11388
fe787e50
04fdca88
fea79658
ff6d12b0
fcf51fa8
047d85a8
fa4531e8
fc3028d0
01a1d7c8
feb68028
0421b528
0405d1f8
062f74b8
028108b8
fe725f90
fe17a088
fc9621b8
fce53f50
07032868
f9d15f40
fe02bad8
fa482168
fe25f0e0
065e85f8
fbf91ad8
04cb25f8
05635688
fffc6760
05823ce8
066e4cc8
013e85f8
01e5e398
fd6535e8
02177e68
00cc1590
04db9bb8
fe3fe818
ffa44288
fde07be8
fadbabf8
02154a38
fddbf0f0
fe5dc268
fa3a2900
0235f1d8
009104e8
feb45f58
046446c8
02bf1958
fc39e5a4
00f2e428
fc690de0
0456c118
04dc4b28
01f562e8
053c0158
ff97b9a0
fa324160
00913370
02c82208
fa284f60
06342618
024bab48
fbe09c30
fd9d5330
fd28dd80
fb63aef0
050e2428
05b7c188
003af7c8
004e1d28
feede470
04d52838
fdd4fda0
0331c318
fccec198
06a90b48
03bb60f8
00322a10
fb8d03a0
fbde38a0
fd5d06f8
05cb2b08
05664718
030bb408
05976288
fa39fc60
fb374de8
039516b8
fede7e20
f9d77158
f9ce1f58
065b6b18
05efc008
fc3ccdec
02610e98
063bc058
ffaa4ed8
053207f8
fb9109c0
fad50968
04766a98
fca533bc
ffe6c638
00d67850
fa2f4b00
fddb5058
03ea0318
fff5dd20
fa429620
fbe98320
fd5604e8
02590a68
00a10120
fcbc4724
06303368
fa6e6dd0
03c3d0a8
07189978
fef5ed08
f964ba58
06128e68
037cfca8
fae77ec0
051a6218
fcc58608
016bb2c8
05c24758
fe84c498
f9683900
00129b90
fe1c6958
01004108
fde269c0
fe2a9e90
f9681720
06850348
fc2d1700
02f6f528
039d4d28
01de5498
fe1eb498
039016e8
fce96518
fba85708
fdd42ba0
05f50858
f8f5c9f0
046db798
fac457b8
fccdd52c
fcbacc1c
07120938
fd5c76b8
00fbb1f8
0023a7e0
0388a6c8
00b36528
00c54cd0
ff30c468
fcdcb270
f98fc200
fa187c38
043a6e48
01288418
fcfa01b0
f9dadb78
fdb2f120
054744a8
03cecfc8
069e9f88
ff4b3498
fb622d98
00f75618
0595aba8
06d6b1d8
fc12c5e8
06125258
0386bf98
fb709e80
006ba398
fc2efe14
04b29bf8
04cab7e8
fa239600
02d687a8
0521cd08
03cb5558
fbb6db00
070bd3d8
ff096f08
02624918
035d4ab8
0024df08
05927918
fac00dd8
f955d788
00e21558
fc8ff8dc
004d7fe8
010e3bd8
06ca1668
f95b32d0
fe28eb40
02356c88
fa8c6ca0
02b77188
fee403d8
024feb48
032fd428
fcefe208
035ad9e8
f9031e30
fccf278c
fd9a7100
f98f3da0
0276e708
01d3d7a8
f9c81498
05907e78
fdb30818
f95b7d90
020c8798
fc4faf8c
024305e8
fee623e0
06e986b8
fd4adb78
fc7b5b08
0471b1f8
fecbf6e0
fa7ae128
03bb4108
fb2b3fb8
04257208
fce664b8
00406188
f9945880
026d2d18
01c6a5c8
ff4bcbb8
fb2ba650
fc4db008
04a5ade8
fad14a90
06f8c838
04963788
071183f8
fabd8030
04d6edc8
f92be480
fdf18288
05db22d8
fa1d7458
faf8b340
febe6d00
fd3f1378
03edce78
fdc90218
fc7b8d54
06d560c8
fbb9bb80
01f06538
033d43b8
fa270470
fd94c6e0
05c33478
01b2a578
fd6c38c0
01cc8e98
024d58d8
0236a788
01aeba28
fc211878
05373438
fdcb9be0
fa485828
0422a2b8
0606a938
f9dc2510
0464fce8
033e6c18
fbbacc10
fbfca4f0
021a9168
02f825e8
fa3d7860
056c8a48
f8eeb500
06d89ab8
fa7308a0
04f16fd8
0048a9c8
ff471720
02da53b8
0103e288
f9e34390
fbedd450
02cbb5c8
fef8f430
f9102960
fcc2cb2c
fca659ec
f8f86f98
00cccb60
f9788f80
03885c08
056b4958
fe2e0640
01a45618
fa453658
06895ac8
facb4e90
fc822078
ffd75c20
fee46438
05c5f8d8
fe05d918
fc559f70
fa5857f0
00206930
fa90a530
018e4b78
ff83dec8
0367fab8
fc33a4cc
fc26dc44
fca080cc
faef48c0
03984348
0357b218
052db0c8
0399d8d8
0023ab30
06785898
fb8e8a30
fac47d40
fc003bac
04798928
ffc15328
0530a8f8
01d4f048
00df09f8
fb5c31d0
00373480
0345ba28
04f4de28
faa7b8b0
04ae2858
060cae18
fb976880
014438f8
fbfee680
fbb9cda0
fab1a830
fc044708
008a82a8
fd6f0110
0251fbc8
063eacb8
fa9645b0
fc2d3fc0
fae0cf88
04e74568
01243448
05833b38
fb9818f0
01aafb78
00c9d418
0448f4c8
06b37e08
fab567b0
052d3c18
fdf95148
fd56f6e0
fd4d7bd0
fa5dc5c8
fb7788e8
02a3b1b8
013b8378
f9581d20
f9382e50
fd069898
fa10de20
03d2b2c8
ff047500
fb4e90c0
02a94488
031d3128
fb8ccd00
02f84098
0338b538
fe4d4a90
fd5c4f68
ffc88568
fd8b78e0
069e0d68
fad20f90
017bfd48
01373958
0312e098
00e4b488
00ef8758
fd63ba00
002a2258
fddd70c0
06f5a288
f963c120
01490458
00a097f8
01087d18
00927328
02d90728
fc5e3c88
f8e48790
063d2a48
04700dc8
f93bc4a0
030a5218
00f022b8
f9d00fa8
fd3b7b68
fa115010
01724078
fbc90df0
febf3690
fb8f9fa0
046eb398
01130de8
014a71d8
fc3fbb50
06846418
000259d0
024b9fd8
009a6e20
007716c0
f9341fc0
ffbe5650
00aadf48
007e66d0
fafd0d60
00571ca8
fb3f9e40
014ff738
f9d4ad28
016ce4d8
facc87e0
049e0bd8
fe83b4a0
0658e128
fdae6bb8
fc2a5708
005abb28
032e10b8
06bed738
ffdd1560
f9669338
00bad8f8
031210f8
fc9ff534
00d9aa70
012209d8
04c44288
00d5dbf8
04144288
0495a2e8
fd28b4a8
fe277b50
0549fbd8
01f65fb8
06f77728
fd670438
044c8a58
fbce7358
017384d8
fe132a58
fa29ae30
fe8d0aa0
037742d8
01adf408
029d4788
fd1f7ec0
00e8ad98
0686ca58
01506268
f90f6520
fa71ee00
fc6ad0c0
fcff82a0
05eb7998
005a8e88
f998acb8
0007d3a0
021bda08
05cfb628
fdb276f0
fe294270
f9d926c8
056c6158
02adfe98
06702fa8
fe2bcf88
02cd2f08
fd962db0
fddaf7b8
f9b3abb8
06c54c08
00230660
00741980
01d04688
00a25588
05fe2598
ffefb408
fe45d538
03a1fec8
fe924a28
064fa1f8
fd831cd8
fd8de488
fd20c720
f90ae860
002c6f08
00cef550
fb062228
03d62998
fc3782a0
01409408
0584ed18
f92032d0
0443a448
f93cfd58
ff1e8720
006ea418
0471ffb8
ffc97e68
fb001968
038787d8
fdf804b0
0671cb38
04daaa98
006de488
fe6b3cf8
00020780
f93bf640
fdd78388
037823b8
faec98c0
f9f3b230
032c73c8
0189b8d8
032fb808
fd70ea78
00742360
06104a68
05c7f608
fcd47c2c
052b2008
033b4738
f90a0648
03a27798
fee7d290
f9c13db8
fd2c3768
fdc60940
fd981a18
0662d7f8
05e5fd18
ff46ce98
fbd81d50
f9efe390
045476d8
fd3a0cd0
fc93e83c
fb6aa160
f9edefa0
fac7bdf0
f9aa5d68
ff736a10
fbd287d0
04e5a228
f94017a0
06a3ce88
063b9498
faa18810
01531978
fbb51720
fd5cd3e8
fe0b0f10
fb2e8268
0253a808
00d917c0
fe2266c8
fa08f148
fee96bc8
fa60f2d0
03fc79a8
03f4d468
026597a8
f9bb3868
fe388e30
fe5de498
ff614a70
023e9858
005a7f18
0133a648
00f69258
fc02820c
0027dba8
052c2218
fd223528
03971768
ff35fbd0
018e46a8
fedcb708
04ac8d08
04300268
043d5988
05ed8838
013921f8
03000f38
052c8248
fa765a70
fcea9e28
fbd45c70
00a82b50
ffaa0388
06f71108
febe6390
02362028
008fbec0
fb095ba0
fcddc2d8
05bd8768
ffa0a8e0
04052cf8
00303d18
015a44b8
ff3b3020
03ccf838
ff850f68
05697e48
fec91160
fc5aba70
06312988
ff5b3978
faded0e8
054b9888
fc4f1b4c
004d2cf0
fded1120
019747b8
02910508
f9bc9f70
f92405e0
fbbd5780
f9aacfe0
ff9811b0
0542b778
fd908e88
016f0f58
fc22d274
f92bb268
0713fce8
041fcd88
f940b918
033bbd58
04aa2bc8
031e64e8
03568468
0391d028
04963588
00f85a38
f9537980
fee0df40
fd0684d0
fbb12900
fd1f84a0
01b66f68
fb52ae50
024fb268
05449da8
016b2af8
fb4f1058
05887a28
fd482248
fe081a78
fcb23c5c
0665c8c8
026aafc8
001b0a58
fd5f3478
02b73958
00a313a0
02e047d8
0375cb68
043b8b38
03a46228
fde48660
00a27980
01b76c78
fb81fa68
fa6e39b8
02fcb718
0356a9c8
044c7288
06df1698
fa3b7180
059593a8
0245ae48
032f7368
ffdceb80
fcfccb88
06baf1b8
065af6a8
061007c8
02d57e08
053e8808
00081460
fe4883a8
fc0aa550
f97cfd78
01e92328
068b6848
06e424f8
fc0510b4
0602e668
002a7fc0
fe50f668
f98b95b0
06ba8f68
f9290e30
02249e58
01c72cd8
03216178
02c211b8
fe3a26e0
ff9886d8
05ce2b88
fddd5418
062de108
fff96188
fe4f0f90
ffc3ff90
fd5747f8
fb4f0a58
022de178
0444bf98
fa622670
ffd7b5e0
f9b5eca8
fbcf1928
fbb0c620
fb1156d0
0665e4e8
03aaa9b8
03811058
062544d8
002e7d38
fdda0018
066b1cf8
036f3bc8
fe6e2c40
045d4208
fcc22808
013870f8
fb1bddf8
ff310b98
05eca638
fc8cf944
00ec4578
000f6630
fd83c650
038f3208
02c17a88
045dc728
01101bd8
fcf2d8f8
02937db8
fe14e750
000fa610
fc918570
067d2db8
fe7662d0
fe834958
f9c2a868
06048a48
06546758
fe8f1740
fbb24af0
fd1f6888
fcf0d290
00c65020
fb8c1ea0
ff2c62e0
032ef858
0170fc88
05f392a8
ffaaecf8
fadf46a0
fcfc9938
06975d88
021cdfc8
02b570c8
fcaa43bc
01eaea08
004b1da8
fec595b8
ff27b1b0
070efe68
0612e9f8
fe041200
054664c8
f9669518
fcca6a80
ff5e1b38
070c7648
00f7d928
0274c9e8
05ac7b38
fa8fe180
ffa824e8
05e7dab8
fd4d86d0
f97a3e10
fd54cd30
fb9bec20
ff9b4e40
fd91c778
057ec118
00d31388
fba9b330
06b85378
ff49cb18
fe4b7598
05f2de78
01633e88
fb1eee58
ff96aaf8
05436308
06b4a5c8
fd9bc160
fe0b1cf0
fee73768
020283b8
02627148
ff58ac78
fd2f8630
04f12668
04a03cf8
fccb9904
fc20e0d4
fccb9658
fd332db8
fa0f4f50
fb2545d8
03099828
0129d208
04ca70d8
ffc3cf98
0703f3c8
fa206750
fd2b8df0
02c985f8
fdf96280
01bced38
f9c622f8
05bf99e8
0426fce8
fcb15140
0339caf8
fcb7eef0
011d64f8
04bd8458
03111768
f9a55ea0
03736f28
ffa95350
03c0fe58
065261c8
fc74760c
028a5698
0150e568
015741c8
03d6f278
020dffb8
ffea9a78
fb709c98
037dd8c8
02a27f38
f9d2cf68
016f9cb8
fa123bb8
fa375d28
fda04b00
01033ac8
f9357078
02fb7cb8
fe53f8e8
01e3da18
03a48d78
02bf3b18
fd9c66a0
0307e298
f9ca7180
fcd80e98
fbf5baa0
0272f698
fe60f830
0196b858
f9ab28a0
f9853310
00b39478
fd142d90
fa40b3d0
00b85430
068e5e28
017caea8
01752058
fd1b6330
03b3b108
f9247d20
005e6a78
fafd3dc8
0085d0b8
0492b248
0596dad8
fb37b1f8
f9657758
f8ff8600
fa31c4e8
fa004e68
06f7d6c8
fb7d7670
03d72018
03c618e8
fae82750
fb4aeaa8
f8e94c60
fab3ede0
fffd2ad0
01e19008
fbf56770
062f6ed8
feae0210
ff918650
fc673758
05270118
02300bd8
f94a24f0
04971e28
fa24df98
f8f58350
021fe1d8
05c5e718
fb524908
fda01df0
fa9a67b0
0248d2e8
ff59c2a8
fa5408d8
0019dc28
03e60778
0214c518
02358518
0075ef08
f9d5bcb0
038ccc98
fb76c8c8
faa80f70
febf6ca8
fc762a7c
fcd99eb8
00b9b0e0
fb3c3840
f98f9f20
fd65a8a0
045ed4b8
fcc9a028
04e7f0a8
01a2f998
01a0ee88
03f12e38
fe76f8f8
02b670e8
f94ac6f8
febc99e8
0564d6d8
00d4bb90
fbcf05b8
044a6b28
fceb8eb0
ffeccf30
04f82618
027923d8
007e7a58
fe4c3f78
fbc2b6b0
fcd24808
ff6ad3c0
f9448608
03ea12f8
03136278
fb3d5470
04f93678
051a4d18
03519808
055664e8
fa507650
f9c2d0b8
fa32fa50
fbd4bc10
05e04828
067c85b8
0184e098
06720f38
fc2d3f50
066d5548
06b89f98
fcda2ce0
02f57de8
06b7aae8
023889c8
045241e8
02d20f08
fbd190d0
f9b6abc8
04a5e858
0453eb38
058eec58
fec4fc60
f91f5bd0
03d69e18
03534798
feaf55e0
fd801608
02151fb8
0637b038
fb4f15e0
03c3d2c8
047d8f38
004783d0
027bba68
f98bd1a0
0320ac78
fd355738
01026dd8
01b4f978
04828858
ffae52a8
fbedce70
01606c68
025b1f58
febf0b78
ff87a2a0
fd879f60
032e4298
012ee918
fed20a18
f8fd2de0
f9c825d0
fce08960
038c16a8
012414a8
00ba6bb0
04bc8958
01615db8
019f71b8
fb8fa1a0
ff5dd240
0477aac8
02e54f28
01841158
feaa9df0
fe7253d0
00ca2cd0
053768b8
fecc9598
0494ca78
003821d8
ff933cc0
032015e8
f9c5ff30
0648ab68
ff717c18
05f84618
033d2f28
05524048
ff741170
fe2b9ca8
04582798
001fb998
fd187838
00ae3fb8
060119f8
00c8ade8
ff7b7000
0221cd78
f9f7a100
f9655a28
f9b75f90
01faeb98
ffb0bc70
025c45a8
02675e18
02501598
fcaa8760
fa875cc0
f939c538
ff60e228
00e17388
fb70f238
fe2308e8
fb8cdf00
0238c318
fdd9c590
fcdc7458
00bf38f0
fef12518
faf9c7d0
0681a348
00268c98
f98b31a0
fb76bfc8
fe609d20
fd6904f8
fbc43860
06599718
04209ca8
ff4bb6f8
fb526520
02a3bb08
02bf6828
04391d58
f9f791b0
02497be8
0412f9c8
fc29c08c
052d2a68
fd715f30
fba0c778
fc8e60a0
02b4c1c8
006a0b08
04cbd408
04467d08
004f0fb0
04bc9ce8
04ea5e88
fab8f418
fd7f36d0
f9da67a0
fa670fc8
f961c980
05a02008
0088cd70
07021778
fa2bf370
04c09e78
ff591c50
fbdaa0a0
f9916600
04504b08
02abe2d8
02261a98
f981d130
01287748
06c27c28
fa165c80
fc414ae4
02e49778
01b3acf8
0677a508
0126a658
fb1e9df0
ff3f62d0
03aee3b8
04dddea8
069d2848
008325b8
02b74558
05485a48
fdc0eb98
036c0df8
f9ab44a0
f98121b8
03881d88
f93506a0
fbce3e60
fd634c80
052dbb18
fad26688
02685f48
02bc29e8
002b8160
fd261fa8
02e382d8
0227d098
fd12d130
fc1f9aa8
fa406218
0342caa8
01854338
fbb9fd60
03a2bfa8
002dacc0
fb5094d0
0088b220
04fcac58
fa467368
faf461b8
fc4c4d38
f9cd9650
fc4f0630
02548708
fc726850
023afd48
06de82c8
fa60f620
ff710b98
068b1ca8
fdb54ed0
fe77d1d8
f97b9e50
fbad1130
fedf8118
f9f9a910
fa1e53e8
020acbb8
fdc481b0
fc426e30
04018cc8
026c9e88
006ff908
0167d2a8
fedb2bc8
05d26778
0592a168
fd32ed68
fe1fe970
ff63c658
fc251628
05a87448
04cd7a78
fae1c910
036fe448
fa7e86b0
04386e38
013c2478
01bd0eb8
fef15cf8
035994d8
fce54cc0
fcaa3ca0
f9ba7648
04677a18
fce86dc8
04148958
feb2c388
05af14f8
f97e6bc0
017b7b48
fe25d170
02e1e0d8
fa95a950
07015918
fed4e2b8
02585dd8
05eb4228
058b73a8
04d622d8
f95a60d0
fccbe914
044106f8
fabf68f0
ff916120
04e9c928
0474f588
fa429fe8
03c15358
046d3e28
039f7218
fc6764c4
fd80def0
fe5cff80
f8eea590
06891808
008fc530
063399c8
f999f500
fc20187c
faa27010
ffcd3d40
00101b38
0341a128
ff293948
f990d088
fe328c70
036d00f8
02e17398
fa5573a8
06724b68
03f8efc8
03ee9e38
03e06ce8
fe0dc598
061ac1e8
f9296528
05762858
fd65cf80
fa039b70
fb6af050
f9e74c98
fa805138
01f126a8
02342b48
055d1a88
ffea03c8
02eb3bd8
fdb13f20
fd290780
0033d880
03c37c58
fcd0b404
f93340d8
fe3c4d40
002310f0
06670aa8
071a9788
05dd2298
fd454f88
00a17450
01a9e978
062c0ba8
f97dedd0
051dd388
03b80388
fb6bfa00
f9f75560
029fa2e8
00dbbfa0
fa5de6c0
067cf8d8
04b6cec8
04682a78
002c1b30
fea63950
fbdd1a88
fae2ba28
ff2fa050
016fc638
03961138
0657a138
00c477b0
03e88c68
fad459f0
ff037908
f9c03a10
03c48638
fbb5edd0
03affe28
064abe28
fedace28
f9a47480
05386ed8
fb8547c0
fc178810
0718dd58
fc913144
05bffd68
04af8888
fef06d70
fcdf79d8
069523e8
017b17c8
02c38368
feabed70
fe30b818
fc8add50
032a8688
0124d3c8
fd662c00
fbc07480
fd3ad408
fa06b800
fda93330
02481488
056e5988
02b68d58
00fe6218
009acf68
fffa97d0
fc741ba4
0454aa48
00ef2e88
02e82328
fbb15bf0
04a470f8
00038550
01cd6ae8
fdf73390
fad25188
fa495090
0327bd88
fecfa710
02461a78
05b62ae8
034264c8
01b89fe8
f952ec40
fd846a40
008bae28
fdecf328
01a95578
05473758
0689efd8
f9c36950
05fc83e8
fe460dd8
fece7790
fcdeac80
f9afd6b0
fe2ca150
00f91688
04bfb5f8
fb452ca0
fe6570f0
03673888
fead3798
06ec0158
fb0f89b0
f9c723b8
fa06d7a8
043e1fa8
00f179c8
fa41eb20
005db990
05855de8
ff1612b0
0485eea8
ff627830
01057728
f9816340
ffe34290
0440ab78
01e71458
050cf938
023c8898
018d8418
06c44158
004a1e58
fabf4398
055d8d28
fe469be8
04600bc8
02170308
064f0428
0129c2e8
05f53c18
fff818f0
0087c658
ff37c278
fac6a2c0
0482dc98
f9062508
03d4d4f8
059c8068
fe3d8f88
06e73618
fdc0ec10
01657fe8
fd897420
05049c38
025c54c8
00522ad8
fe182ea8
039247b8
fe149860
fbb0ed90
fc8a697c
05dcedb8
fb068300
00f9f338
fe5c3af0
ff37da20
fadeb5b0
fb1e72c0
feb6f1e0
fadbeea0
06215fb8
fee45a58
f9ae12d0
f99d9330
001ecbd8
018ca4e8
fd3bbe08
023ce228
fd3c5dd8
ffbba9a8
ff27a2b8
010a6878
003baed0
0546b4b8
01d17b78
00ccc3f0
0628ff98
fca130b4
fea09b80
faea95b0
03b35bd8
f8e6eeb0
032e2de8
fa955820
f8fb2be8
00365168
0197d6d8
003fa9b8
fc725ec4
03c7d558
035d95e8
fa570ee0
fb8866d0
041851c8
fc21a810
04b1e1f8
0590d5b8
fdf9d058
02bdacd8
06975798
fa57ca20
fee93108
fb7919b0
fa7e2fa0
00aae6f0
fe8afe00
04056328
06cff5f8
05f9c608
fc84dee4
010b9d88
05450de8
016afe68
060bc1c8
fd21fc30
fe176670
f9381400
046e6038
025a3eb8
faac5538
f9dbb220
06ddbb38
ff540050
005b9228
01492f38
f97ce828
f9efad98
043c7738
026d9d78
0129dda8
fad9cc00
06c78878
fbafdfb0
f8f35d28
fff6ce18
04e4c4d8
00275398
fd77bfb0
04e9d468
fc88baf0
04ffecd8
fcf75e40
023f4a58
fb0cd3a0
f967b410
05a1f028
fa82b3e8
fd4fef28
fbe88a20
fdc21ea8
06976a78
02787fb8
fbc7fa88
06bb53f8
fb334850
ffd6e168
fa957370
00fad088
fb1207b0
fb620bd8
03694808
fc9acb70
fbd45ce8
fd683f10
067a9a48
fc5a3280
0380b148
06411fa8
00ce7160
fb14f618
0387a6e8
058c2208
fccbe96c
fc02e2c8
ffa4cb20
05860148
05add698
fa0998e0
014ef7a8
ff4790a0
fca0c770
fe621e28
faff6b80
019af988
035fa1b8
fc02ea38
033e7fc8
06797238
03307608
fc717bfc
fe6f86a0
fb0f5b30
ff47f500
056fec18
05fb5778
055f2098
fe3034a0
fc6a1014
05c1cb48
fd98bb20
028d1428
05212ae8
fafa4f60
026b8b38
fdebdd48
025603e8
fba15560
fc7d4ce0
fd4264b8
05868638
ff07fae0
04ce5658
fb08b1a0
042f26a8
f94d3470
02c30058
0645dd08
fe991f40
fbaefdb0
fddfb618
fd40d820
07183a38
05773fe8
fce1e6a4
fb08b798
007a6890
062b1aa8
04063558
fb253d80
00b82850
04211508
05b00ea8
fea32a08
056cb028
063209b8
fcb4692c
fddc8ff8
ffa05ed0
fd2ecf30
ffe51b00
f9008350
fd43e9f0
00376778
f96c5838
fd03f6f0
fba86d90
057e6c08
02078428
00c53d28
fa2429d0
05959838
fd4a5058
fad0d748
fdba21b8
058eea58
0656ba38
017f8468
00fd92d8
fa010638
fd41b790
06a58dd8
fce5b078
00220450
046894b8
fd4dbe70
fc3189a0
ff790158
03dd8de8
05246808
fbc1c740
fb8f91a0
0410d7a8
039c38c8
05efe7c8
fd1020a8
0485f768
fad30bc8
03ef5a28
011f28b8
00ffb338
03fedfa8
0488fa78
ffc29050
f9df0758
06d7c358
045cbf88
fa5ba5b8
0453a298
fbe3fbc0
007fe198
fa3ce790
04b5c5c8
fed1b1e8
fbe08510
f9abfb10
0072c5a8
06befc68
ff4fac70
04426c68
02f69518
00e5f9d8
026d43a8
00259010
009ce8b0
02c9af98
05013dd8
0632a788
034a0978
f96b5b20
fc4a5460
fef19560
fc4c15ec
0601de38
03bbab88
06b43678
fb677cb0
fcbc1110
fedf5270
031d8a88
fcc54c2c
01a16dd8
02a5b1c8
0301e288
014b2418
fd2f6888
fb6e3be8
025ff848
fe580b60
fb2cb018
fbd997c0
00d63340
fe260f68
fb15fe30
fccae654
02659a68
fe911c68
003daf00
032af298
057f4648
01a38138
fbd9a530
fcee69e0
fc3ec31c
fe923128
fde98698
fb92b890
042ad488
00137000
fa348c50
03fb9858
fc9203d0
fad9bee8
05aa9d78
01bf0db8
fc62982c
03817888
03f016d8
047afb88
fb877fe8
04dc16f8
fe4e7ec0
fdcdc020
0595d0a8
fe205940
feeef428
fa3bd608
0093fc30
04c3c698
fc2d4ec0
02926558
fe2b0a50
03b682a8
06998d38
0515e648
fe4d6a18
03791e78
06f0f7e8
0604b5b8
fde316a8
fa377660
fa411200
01483d58
007ed368
057d8228
fad77b68
04d6b7e8
05c0bf88
ffc684b0
fc214a00
04535c68
faa6ff20
0512e7a8
04097c28
04123be8
02c99598
024914a8
fd0d9470
059f83c8
0319f758
fea0b0d0
faa1a3f0
037174d8
fc388b44
fbc149c0
fd18b788
01ecb4a8
04c54b38
fb441758
02662d98
faeaf910
fee37ac8
0050cbb0
06131248
03bc2778
017ee578
053ba268
fc225230
fd1530a8
02f31f78
00fd1d98
02fffce8
fcc8add8
fd720de0
fa77e438
fd09e5d0
fdf7a730
ffdd4120
facb4dd0
0670ea98
fbec0e20
fcc3bfb8
fd0b6680
f98f00e0
fb9dd7a0
02d4c4c8
fe5cd7c0
fb6349b0
03136618
fc401c9c
028cf078
02074018
025822a8
00e7b248
036ad008
ff2260f8
ff905c78
fb5cf930
fa4a4670
04e793e8
02074b18
00cc1f20
03e6f148
fe053f10
04a73808
ff509918
02a7c9f8
fc3b88c4
0328dc98
02618418
0077e4e0
056c4558
06004af8
fa0db2e0
04dd9278
04b9e728
f929baa8
0610b778
01c4b9f8
03659188
fac12a40
f93869a0
017c6508
ff3f21d8
00eed7f8
069284e8
fa187140
03b6ed78
020d87b8
05d89a28
01c02a58
03b22e68
ffe80928
fb362a48
fd5a8e50
05ff47f8
f989ff00
06451ce8
ff5a3328
fb9365b0
fa774818
04b986c8
01b10168
00728808
05d9d7a8
fee2e7f8
04018df8
06ab12b8
fe6117f8
fb0a6740
fba26ad0
003fb1d8
ffc94550
fa935480
05e346a8
fda5bfc0
00785980
fcf39e68
0322f4f8
049ae678
fed77428
fcbc555c
041cb1d8
fa5ffbd0
fe26e768
fb7fcf08
fc312094
ff7f3cd8
0634f028
fbc6e190
0047e7c0
059fccf8
fc73a644
fc0c6ebc
00d90438
fdb8dc70
053589d8
041361d8
01fcf8e8
058b7038
fe69ffb0
fab68818
02572aa8
0614cbe8
fe00d418
014af418
03fb12b8
fa218c40
01993dc8
f95ae988
fc8fb220
fb1cb730
002777b0
fb8f4870
00ff6e78
048de7f8
0234eef8
04ced998
fad2aa60
03dacb38
00eae768
fd112668
0043a288
fd8f1610
fc5871f4
05b57cc8
05f40b38
06fd4418
033ac058
006928f0
f9a21398
fa93c538
04156678
ff62c578
fe0dea08
faccdaf0
065d4298
fd12f330
0525db98
04c3bc28
fafa36c0
f9c44cc0
fb4ae190
02725f48
00d91330
0155e188
fac26d68
06c3ae88
f93d0f38
062af258
fbadc5c0
0582ef98
00897c38
01230378
065e6e08
04ea73f8
ffbc0a80
057100d8
02d0ee68
06140998
06fa5d78
fbd255a0
fab40730
05732618
069d7a58
02e05678
0128e1b8
fe5ecc28
fa0c4f60
fab45428
fdc70f20
fcb07b08
fb1a09e0
fca1a1c4
00fbcdf8
fa4a2860
03603218
fd3d36f0
feaca190
0053a4e0
01e90bd8
035d53b8
fdd9c720
fb321cf0
ffc3d4d0
ffb37c10
0502d9c8
fe25a458
fb6def48
03f82df8
03063e28
fb868160
051f13d8
fc116c50
01947db8
0470b888
0014af80
044fd6a8
0369b4b8
fb894600
f9f99da0
06a271e8
fd1f34c8
0358b2d8
fe612668
fae1a488
01941d78
06d33788
0416b6b8
fcf687e8
0452f548
01ab25c8
f9f61a88
0442a748
fde5c450
fa115da0
03ad42f8
01dbff88
fcfab808
03de6998
037eb3c8
fd4611a8
02970408
00a850d8
fe311030
014eafe8
052eb0a8
fc707a58
fed21388
fe26b8e0
fcdaaa08
fe251218
00a9c570
fa3eab50
fbed3df0
fee25028
fa303b50
fdc68c88
00601c58
05c66078
009a0bd8
01ad4fc8
fee4f4d0
02fee998
fb4bd138
04a14498
023ba388
05501f08
fb820980
fb9b5968
033c81e8
0396fa78
fa2d3df0
045c9818
fbef1440
fd09e198
fe2f0b38
021d5628
03c70528
f967bf28
04dc90c8
04541d58
fc7cbc48
0635b3e8
01008b88
ff9c90f8
fafc5c40
01171f98
0314ffc8
fe7f9448
ffb96f68
002cb920
033952e8
01613f98
f9c67208
00644e78
fd774d88
f98e3650
06270a88
008d6080
fc1893d0
fc4a6794
00f593c8
0074e660
060f3158
0073ad00
fb6c2050
0628b348
055c8218
fa7fc1c0
fbe578a0
00726760
05458758
fc3fff48
ff62c9e8
02d7efd8
0695c198
045a2068
028ec1a8
ff9febc0
f919e230
fb5bbc00
fbd46200
fe4d9dc0
0582a928
fc292484
0032e0c0
03554cc8
0435bcc8
0259a178
01242ef8
06aa94f8
fdfd2c90
03345738
fc0a0d48
fd0fa5f0
05627f98
03b6b578
07093c88
fac33050
fafc2440
06ee7328
06316478
fd4e19d8
fc77020c
fc56aedc
01f557f8
0153d098
f9ddcc80
fd19c510
fc99d4cc
05788b48
0321b2c8
0269d5a8
024b6d68
01cc5bf8
009a2628
f9191f68
fd0af990
fec13450
02dd7868
070cf158
fb51dfa0
fa4f3e90
f9714a78
057157a8
fb956210
fa790068
fedbc0d0
fe9fa028
01d9c288
fb899710
fd3f3fb0
02b6f388
06223d08
fd8c3800
029ef188
00a4fa10
03c081c8
fca6064c
066a4a78
ffd2d1b8
028745e8
fcc4b0d0
fc9d8788
fcc1dd14
fb7599b0
01e83068
0708bd08
049e8aa8
fdd06a38
fd5a07d0
fe6dafc0
ff0e0950
01a72ed8
0675d048
fd99c9a8
f99d6e50
07191338
04615278
fdedc7e8
feb94c20
ff13ade8
05f262a8
fc94b93c
fb0c8f18
f931b448
02970128
013111b8
03b979c8
042f17c8
00061388
007e78e8
febd4eb8
fbefe4a0
058f3b98
fb40f4f8
fddda260
fbdc1b00
fe6d7120
05d2c068
f9960368
fceda330
fe15ac20
05d2d7d8
03439068
001bdb90
f9943fc0
01a6a7a8
fcbe3e8c
fb9fc2b8
004abc98
01625228
01205c08
003ff9d0
041ab588
05d3fa18
fbe93f98
fb988a50
f94812c8
f97246a8
fddc8688
fd9a3fd0
01a5ab08
025c7868
044980f8
fd8891b0
04bbfe58
02509e38
fadf0f70
01a25758
068f1b78
0229f7f8
06629608
fbdde050
0548dea8
002f8cf8
fa2d8a78
054c7648
fcc09540
06a88f28
f9236e28
0479a368
070f7098
022895b8
fed68f98
ff679548
037579c8
fd7ad948
f937b0f0
f96ad7f8
fc236a9c
fa58fa30
01c61b38
04ec65b8
f9b32d40
023abaa8
f8e49800
036a1ae8
fe5bb720
fe941140
06a260b8
0495c308
fc0fc3dc
065db2a8
04fbc6b8
02ac3ce8
fa2ef980
fe905ea0
feb36258
00317a80
0118af08
fba7cd18
ff682ec8
04b11148
018c90e8
faa604d0
ff7a16a0
fcc489b8
fca49260
03f1ad98
fd903378
fa122248
002a1340
fde3be08
fbd70890
059c13d8
fbd74730
005f7638
ff2d29e0
fc4f0f14
015ec298
fca7563c
01c0bae8
02fe7f68
ffe0be90
06d331a8
fd035a38
fa9accd8
02de9128
03689278
04ca6eb8
fbccffa0
ff2307a8
05f34418
fb18dc20
fa6abfd8
fe181878
07024668
fda38978
04121778
06eb2d58
fd46c058
04d38f88
011cd608
fe4d21b0
fbb72ea0
fef85098
fcf37dc0
02b85068
fd3b5d68
fd4ae140
06350598
04736c38
02d7bd68
fbf70ee0
fb42a218
01d37b18
fd505a70
038a5858
05aa67b8
03464c18
0383b758
031d5ee8
fa137038
038d3488
f92d77b8
0038fa98
ff2c9f60
03086658
04b24fb8
0182aa58
06a680b8
06ed2ca8
f9857228
0690b128
fd1e4fb0
04d54288
f910f540
fb53f420
056d16f8
faec1440
047a41f8
06a074d8
faf2fa90
007347f0
fe461aa0
043235a8
042fa3e8
05307b68
034ffa28
f98d6400
04a8d068
04c40a98
04914168
fdf89f28
02f9db38
02b1e598
fee48470
05ced158
0573bb58
06f49a08
fba61920
fc6d7ba0
fe2e17e8
0441e798
04b44e78
0538db68
03e22518
04b5ef08
fbcc6430
0071e570
0654fc38
f9c1bcc0
fecca858
00b05c38
fd1c7678
faba75e8
fbb574a0
fb485890
01bd4998
fc113770
fccd45cc
048129f8
ff0f6340
faf74fb0
03460e78
013c3a28
fb3e9f60
fabf7e58
f97d6b50
00d3edc0
0187e3a8
ff08e5f8
fbc815d8
03affd48
0665f398
057cf5b8
fb1d5d20
021cce28
f9678188
02a31d38
00f5f368
011b04b8
05275088
fcc41390
f92a9fa8
0431d548
f91a8370
01d4d628
fd994148
039ca298
01dc6808
010d63f8
f9404528
faa7d178
002b5488
fe7f50e0
fd6f72e0
00134240
057c83a8
05810428
004226c0
fa33fd28
f9e8cd80
02bba4e8
fed57dc0
00663400
fc6b43b4
fb3a48e0
052a09d8
f98ecd60
01ec63b8
faf24690
02e9c028
01d9f448
fc72dc24
f9001e28
fd1b75b8
06a947e8
03605fc8
fbb590d8
04de1c98
01d1c538
fb280f20
fd2902f0
03527e58
f90427a0
0135aa18
fcba3550
03b17238
f9ac9100
fc6e52d8
042c7fc8
057d7ef8
ffc5d3e0
01bca708
0388eb48
00da1a30
fe210c80
028dad78
fe4e8df8
fe4d9418
fa69a138
00a4e680
05b0a188
fd6a3208
0273ba08
04086d18
04c83fe8
02506ba8
ffe5ca38
039b1978
046dde48
fb06ad30
01297048
005acb08
06eecc78
fc4e2fa4
04111648
fa2073d8
fa986cb8
fa214188
012aea38
02cf5728
05c27d68
fa774170
fdcb20d0
03a56b78
01526878
f9c2ded8
fbff6570
04d07298
013b77a8
06c9b158
0618c428
ffe12c10
0461f948
06055588
00933c48
03198938
031e0598
03c95eb8
f8fd8c40
fa269228
00a9c238
ff928168
fae32318
f9e12510
05c62998
ffb4df70
ffd43770
00b97e40
032fea58
fa2dfed8
fea29138
02b09778
04e5eb08
fb9dacc0
fac2eae8
fbe4cbc0
06dbf7c8
000ca320
ff84ac90
01518778
ff3443f0
03cd3af8
00c7c8b0
fc084468
fec5e308
fc8d9068
01aac808
fe1af4f8
04c47ac8
f93b1dd0
ff446f98
049864c8
fe175458
f975dd50
fc5a8a04
01d9e728
ffb4aab0
fdbb2b40
07102048
fabae4a0
0553a978
ffe23898
fc928bdc
fca79334
fcf7bc50
fc8cf8b4
01573658
ff1b5090
02628d48
006829f0
008a5990
00dbc4a0
fded9e48
ff72f2b0
fa4365e8
05e36cd8
f9b0ce90
fad1c748
03a38e08
fa48f168
fc4840c0
0245e2b8
fab81ce0
041908f8
008aba68
02c86b88
004e6e20
04414648
fbdd57d0
fc91e464
fa27c0c8
0504cd18
01fb25a8
fd2c6d60
00108210
fe2968f8
fe442518
01250fa8
01c8fcf8
fa20d878
0314cb08
fca10ad8
fb866460
fbd383d0
03784628
fbeed030
06bbe798
0174dd58
fc773474
054a5b78
0696b7d8
fe2b4bf0
007dc6e0
fe8eba48
024173b8
fd4d1bc0
01b35138
00a2e258
fd95d980
fefed3f8
04f654b8
03069908
010ce248
fbc10d38
025efba8
fc5195c0
0708ee78
06adfe18
069216f8
07050928
03ee8328
01e98cf8
ff7cee98
040d5358
fcfbb278
0426ee28
fbb307f0
0109be38
fd24e8b0
01765e48
fd0cd588
0100c488
fabd8bf0
049a39f8
032cef48
fa5e60b0
057efa68
fa6f3ab0
02828d88
fd856818
03cea538
04159fe8
04d9c5d8
0214dd18
03569908
fb27e710
0523f048
f9bd8750
06676948
0012e030
fa086378
f9db20f8
02ede748
fa2b1100
02078bd8
0155d678
047e01b8
027014d8
fff8cf28
00885110
feac2ac0
0034f098
fb3d4ee8
05b9e6e8
feaea118
fb1b80b0
04da8988
057a3c98
04345e48
fc9d2ccc
fd9b4da8
ff441d80
010ab7e8
0428c1d8
fbff00d8
fa539c58
037596f8
00b20770
064c62b8
f9ae1bc8
fd1e35b0
028321f8
ff193c28
064a1d38
057508f8
02edc608
fb9f1a08
fa52cc70
ff7d5d88
02724258
f9124750
fc5c58c8
fd366db8
f981e2d8
f972f5d0
fea8d7f8
fdce2b50
00930718
ff028ad0
f92272c0
03af7be8
fcbc4a98
0158f1c8
fa736a80
055806a8
fc4392d0
01343038
01747228
fcb12780
02ced178
00b3d800
fca0febc
022c5848
029fd118
037b0478
03b623a8
06ac0258
f9df55f8
fe48ea98
fcc980d8
fc956798
02ee6ed8
068be378
00cb4a58
fb1dbeb8
05763ae8
fd9c4950
ff3335a0
06ce5948
020de068
063044b8
04578738
032b8a58
03a914f8
00297170
044d6a88
ffbd0180
f99fca20
fff562f0
02263e78
fc2f4798
fb19d770
ff392aa0
ffa667e8
0047df70
fe494b18
01621048
06991428
01697688
03abb878
03596c18
03f72298
02be6418
06034ef8
f960d8d8
0596d848
031f6ff8
ff7a22d8
fc198bcc
fcf0a598
00244be0
05cfb5a8
f91db920
ff1b9310
fd401938
f8ebd028
03cc7518
03b7d658
f971caf8
fb2f9728
ff766c70
fc079fb4
0616d0f8
fce07f7c
02be1018
00ad4018
0021fa50
fceb2750
0336e3c8
fce90228
050ad608
0466c088
002fde60
fac95ff0
01cef2b8
ff359e70
013bd218
048b8ec8
fb785d70
fe83bd10
ffbbd1a8
fc811f98
fee38100
02bd7c68
fa648f50
07180998
0037a7b0
fdc79a68
0587c998
fc958740
06a78178
fa6771a0
fcef7830
02a48608
f95a7640
02399878
03642d48
fa9bf1f0
faab3e58
020e2bf8
05688ae8
ff2e3e68
fa8588a8
fa433580
044c6958
03da09d8
fc3160e0
ff7f55f0
fd4b38e0
fb475860
fa9e0550
ffb91c58
0190a778
fc1cb57c
fb9a8210
03c06e58
ff2dc1e8
f91bcaf0
032bffd8
ff4cdde8
fa90ab80
0213fe48
01447928
fa248b30
fa7063a8
03ed24f8
fb6dba68
04266458
fd9b2958
ff4b15f0
04449078
fb50d570
fc3d9b28
fb0d0b78
fb7f9480
00243b20
025b7b58
fc56217c
014cbb48
fd7f36f0
042f7548
f90f7c38
027e9f28
fb416e78
010fcd68
003d9b58
fc538160
04bad4c8
ff327030
fabd7910
00035670
02478a08
022112c8
ffeac340
ff722700
f9166288
fcdffbe4
02f65198
fb7beae0
fd3eedd8
005f8ba8
05928d98
fc91bc68
05735a68
fabe5760
02202e98
0176e9d8
02fa33d8
ffb3bed0
fac320e0
039f6178
00d2d708
f95cc9f0
fb9745f0
fb280120
fc7595e4
065e86f8
fe1d8530
fe925140
fe70e800
01923c48
ff23dfc0
ff64ba58
fd3a2308
0192bdd8
fa72fc18
04b21698
05809f88
033cefd8
fbe6f340
fa2ccf58
fad726d0
fdf46b98
023fc918
ffd15060
064a6ab8
03e70e78
026c0b08
fe4a21a8
fadce728
f9143860
fa28af50
032a0658
fab67700
06a59468
04ece888
03747d88
fcbebf7c
027f7fb8
fb560050
02f3a4f8
012d6a68
fa98eee0
0431d398
00de1350
045a8fb8
f9bbca90
017c63b8
043ed498
05c06058
05d6f828
ff799a60
02c4e858
fa149af8
ff1b9bf8
fbd6a628
f96c2460
fa18eb10
02de5288
046e4418
fa1e5600
fd597e00
04593468
051bd998
f9f36038
05743ad8
00da0ff8
fb495b30
03a10b58
00770618
02ccbeb8
06b22e88
f995f930
06b64ca8
06428538
0615c208
0425f5f8
fdd520b8
000ddc30
047faf98
fc483ef8
06011d98
fcb6c434
03098dd8
ff3e28d8
0091b4d0
0581f0e8
fa02d230
f91a2328
fb33f900
faeac950
fe76ee50
02678418
048adba8
fde9d770
04718cc8
06b703e8
06b3afa8
06467a28
fa080568
06641098
fe46d8e0
02822b78
03bf7f58
fd50dad0
fbe61e70
fee953b0
fdc885d0
feb3b3e0
fa258b30
048a2f38
ff9bb438
fcdcfb2c
049da138
ff509118
06ccde38
0594f1a8
02039a78
03dd1ac8
fbc2ba70
fabb2cd0
029f7b78
037b0e38
fe289680
055ac388
ff09af88
f9f10100
00ce68b8
fb164a08
060270c8
0578e5a8
03f10428
fda7c340
fb5728b8
f9d39cd8
fc24cfdc
fa4536b0
ff3199f0
0184efa8
00b26fd8
03b96498
06d20fa8
038cb098
04498908
0466dab8
fd6f91c0
01a59808
fec09ab8
fbbcf300
fc58a6b4
ff997c28
f91e9858
058a1748
06f773a8
fc6369f4
fd9bca60
0581cb68
029791a8
044e6f48
f9ecc500
fc218630
04bc1c88
fd8d9c98
06c91d18
0660f8e8
fa9a6520
fda2a698
f9d53a68
02595898
fd670170
047a4c48
02d5fc48
051bb748
fbc38990
03934208
00050a00
fba89300
02fb32f8
fbb4c480
0257bf48
fe969be8
06159928
020c4ff8
01720b08
0151efb8
fc323534
05026b48
03932718
ff850088
05014388
fac1ee60
00be66f0
fd90ca10
0567de58
00dd7da0
fd1e5690
05060e18
fb362830
00db33b0
04aeddd8
fd4ad380
fd000cc8
fa4a2fe8
ff3092e0
fa669780
fe22a4d8
0108c278
0624c108
fc651014
ffd61a30
04e157f8
fb347a80
006547a8
0011e230
fb184f00
0518cd68
05b81ba8
fbac7f40
fe6fb5d0
fa906470
00499f18
f9458738
fee47970
feb6bd40
04a43188
01835108
008e6740
04394c18
01ebe598
fdba02f8
03f82b38
03765f18
031c9b58
fc462878
fd81c840
ff3e83e8
fb48a3e0
fb9396c0
fe571b98
05c032b8
065a5f38
fc190188
0478bb48
030539c8
fcfa0e78
fc072e18
fd5f75e0
066004c8
05d6f5f8
007b76c0
ff46dc98
fb3131f0
fe8bd1e8
fd8e03f8
fe708928
050b9d78
053c9cb8
fcc2d248
fbf7cd20
fd86a028
070236e8
0056adb0
00634e28
fad20920
fcb48648
fcaa9c5c
fc528910
01b46788
ff6d7530
faee0120
05bec458
ff12df38
fa6c52a0
fd71e9b0
05263d78
fd9d6fa0
fe8b1b88
fb558b98
05adfdc8
01a4c798
ff522da8
048757c8
004aa8b8
f8f11eb0
0075fa90
f9317470
03d61378
008c2838
fe1b84b0
fcecac18
06341498
0241c7e8
fb6961e0
061dd348
036bf1a8
fdfe65f8
fa6facc0
ff65ce88
005b2c38
fde67990
f9ff4850
003da750
f9b64260
ff16e108
05e3aa28
fb389650
014cc138
01807248
fdc4d918
fdcd5c10
fcd03a30
f92db008
f9f1aa70
fd25d1d0
fb5fe700
0172b648
fffbade8
f9032ac0
021fafc8
fdc44cd0
fcd7fff0
fc0b8ff8
fafea408
fb2c88e0
04d06f88
03083828
ff033910
05b98848
02d39ef8
fb9a0a40
03f3a1b8
fb14b020
fb80da70
f9589598
fb98de10
fb40abe8
02302d28
fc8a27a0
02b2baf8
04807528
062bb838
fb44a860
03764f88
fccaede0
fa5c6aa0
0365a868
0662b0e8
fb1d38d0
fe1bb3c0
0318c6b8
0417f108
00066a48
f9092dd8
f9781700
ff4f4e40
06c08638
0219b058
fd172cd8
06736898
fae18588
fa5fed60
067f12d8
fa0738b8
01e140d8
fddbf010
feac7908
02a307c8
fc6fdb50
fe305b80
facb2bb0
05bc4228
fb2ed290
fabe6648
04dd15f8
01ef2a98
02176a08
fd0ef928
f9da7eb8
fce853b0
faa30c00
fdf3dab0
fa599b38
ffaeb928
fec69408
fba9dc48
05126968
fe081778
fc0fff60
fc1315a4
fb21cdf8
fe33be80
029ba5a8
fc13de18
06863b38
023bc868
0004d608
fe52f6b8
051c9eb8
060fafd8
fa2750b8
f93fe2e0
fb4ab678
003d9970
fc4c0c08
04546b88
05d58dc8
028e26d8
05874358
04aed0f8
031341e8
fe3ddcd0
052999a8
fb7aebb0
05378998
011f6908
013de848
05fd6088
026c4b38
04ece6e8
fe55bb00
0718a1e8
0357e168
047a8ee8
0405d368
fdd64f38
054fead8
fff51700
fd60ff58
fa90c030
f8e5e640
0117db78
fb6e7400
05afa628
016ad618
05bcbad8
fcaaac78
0195eb18
0103ec88
fdf9eaa8
0194d828
00604938
fa327db0
fac78bf8
fbf3f6a0
fbf5abd8
fc1e1aa4
0207ac98
ff543b28
02b59b98
02e223b8
fadaba50
00b9e2a0
06903578
051fa668
043fa908
f9d00400
00ac4338
fb3e79e0
fdbe2fc0
fa6f3b98
f9505e90
059c74f8
fbdb5a50
00f4ef48
03584a78
fd9aac88
fdc5e610
ff52e838
06c71b18
fd554e90
fca3dacc
f8ef4cd0
fd5236c0
0315d998
f9f624a0
fca70b80
fbe00f40
0705c188
01b54718
ff747ab0
04f1b398
fa659488
01105e08
03bef2b8
fb857468
f9c471a0
fec9c230
fe0aa378
025c9d28
057686c8
f9596f60
fdc38080
039ee848
fecb3ff8
04361b08
ff06c440
04ade2b8
ff761a98
06086638
f9516758
044b8908
06a25b88
f9bbfef8
f9e77678
012b85c8
06b21538
fe1d92c0
01948718
fecb51a8
00a13a50
05ebf348
00089518
06788de8
008cecc8
0504ed68
fa3a0960
03f23bc8
fb504950
00bfdef8
03f87968
fc77d360
fef66418
05107768
05a321c8
00439290
fbd3a550
06960ee8
f9c55b10
fcbb64d0
fa534198
0271afb8
fbca3658
04cb13a8
fc97e9d0
00dd67f8
06960ba8
fa0eb8c0
014f9ce8
01e79558
fbe729a0
f92eb420
057c57e8
060e4ec8
06b8e888
0409d578
fe238da0
fb02ba10
03899658
fdcf9a58
06c32ad8
fc336d44
fe518178
0646d378
07137128
015e8488
0465e588
06791398
0352e938
ffea9e78
04321658
0059dfd8
fe746f50
fa05d878
fddc8850
fc91bba4
fe26ee30
0312a8f8
018b9a08
fe4c2110
ff442db8
004b9d28
064f4178
fa779a80
03393528
024bba88
04ae9748
05214558
04a14ed8
fef1fd18
fe850e90
ffe149d0
036c5748
f99bc930
067ba428
067ee898
06db6cc8
fc3d929c
064c5f98
024a6738
03b33b68
067e78a8
f92a1a48
038a57c8
02db64b8
ff245a78
01639e18
03b95c58
fd57f670
fedee280
fb36b590
031a52a8
ff57a6d8
ff546708
f9946948
03ab8b88
0642dc68
05543928
fc2559cc
05333bd8
06df98a8
ff8762a8
0212bc38
fe608398
00aa5b90
038abf88
ff7e88b8
0537c358
0057cb38
01350258
fbf43d80
04bc3688
02add348
f9e34720
05706718
ff021450
ffed5a20
008fba10
02141748
fa07a138
014dac98
fd2d6808
fc3a9efc
faea3380
fa9ea000
04e6c478
042a3298
063e5ea8
fac13a90
00db54c8
02d5e0d8
f9a13728
f903c490
fef9ecf0
fc7bd014
00c0d1f0
06181878
0173dfe8
fe3ec4b0
fcf21fb8
fdb49b70
fb9145c0
fd9773d8
fd315a10
022271d8
00a25248
fd3779b0
fe5d2d60
0400b2d8
01e6a178
fd536a90
fb0ffa70
01b765e8
fc433cf8
05f52a48
0701ad98
fa908f70
04c0fde8
fd570b70
04d2f1a8
0143cde8
fb2fb320
05cc3f58
f90754c0
00c3ae20
06eda698
fb513fb8
ff758e00
035e7888
043a9238
fc7ef570
faff7f20
0400c868
002f9ca0
04dc3df8
029d2b18
01ce0548
03221388
fa898ec8
01d78608
fe997688
053d50d8
f9416318
fd465568
fc8031d4
f997b3c0
fef9a370
06850328
03e8cd38
f9a24f58
04e50cc8
04b71e68
0209b448
06928c48
fffbe1a8
022d5f68
fec6ba20
fe366620
047e9448
ff9d6cf8
fbf991e0
fd61e690
026fe6a8
fed27a60
f9cc0530
031b1c58
ff7de720
01eb9898
fff95fc0
066f5bf8
06594e18
06dc26a8
040a23b8
f9d0c6e8
fd7d77b8
0227dec8
ff7ad9c0
018f1d38
00f7e778
03259c08
000e7570
05506338
fbaef9f0
01461f48
04aab9c8
00741748
febbac98
fbd54238
fe7c61f0
fe8eebd0
fa33b470
ffae9428
ff4f1568
fb539268
fb586970
f9664d40
f8f7eda8
01d74b88
00716fb8
057764a8
fc218730
fd2cef30
fe19b9e8
03da4708
fb6beb30
006ff828
fec014c8
0637c438
048446f8
ff417bf8
f9af65c0
fefbe578
fd1e2e78
f91faec0
f9fc1f88
fc04eed8
056a6ce8
f9826c88
07072da8
0051b9e8
fb3f4da0
0689f298
fae5fad8
0083a7e0
038ab468
f9df38a8
ff957520
f9934318
ff0e8320
fc48ea8c
0021db88
fe4600a0
00ec7c48
02f6f118
fc18be74
fb81ace0
013a2d38
062e3898
0205cb68
01bffbc8
014bd718
0434b6a8
ff4d84b8
f8f01278
01e262d8
fafbc130
fcc4e13c
007e44b8
f9e7ffd8
ff4f5540
056e7f58
00520488
fd3acb60
05fe80a8
ff7f4b10
01c5c848
00c9a558
0463eb98
fc0d4d30
04e054d8
fd2ce5e0
0434f8c8
041e7928
04bc0018
f923b078
fdd6a8c0
fbac0918
03952ce8
04a3b248
fdff7008
ff4c9610
06689fc8
fda13b58
f8f176d8
f9446010
fcd8bbd8
037740a8
fbd2a858
0323e8b8
fb134a18
fc8f4ca0
fba6fcc0
06323a48
fede7490
ffdc8ba8
fe942d58
fb98ee10
fbf94860
fa714e18
fe732e08
fc035080
fe8247d0
fbc93040
02ee2958
02ec9a78
f9103ad0
fa9a3d08
faf20108
01f6d5a8
fcb02cf4
ff80efd8
05dfbf78
fe700f00
fcc56148
fba63f88
fb47db80
fa48d050
02169828
fdf8f8e8
01ae4058
0063a0e0
0577e878
03ec87b8
fc7e42f8
059b9f58
008b2ee8
fc086960
fbd484c0
ff3f6008
012a6178
01b96718
fab79930
0591d148
06d63d58
030bf618
02893fa8
f98e7630
0254f588
03628528
feadbb70
048f9998
04f22cb8
fb3230f0
016a7b28
0428f6a8
fca5c7e4
fcf469c0
f9b367a8
05234778
01144648
ffb5a2c8
fae386a0
02f40fc8
02ff0f18
f9df0d00
ff08d4a8
042e0958
fcf36e50
ffa9f4c8
02cb6eb8
f93168e0
03177538
fffbd650
06baaa48
061e1448
ff88b360
ffec70b0
06d8f968
06b9fa08
fdffe4a8
fe81bee0
0005ace8
03c36eb8
fc2a2f98
f9935638
04cd87e8
043c3308
014aa958
ff2be6b0
021c6028
04a8e368
02a02b88
0593c778
043638d8
f9c91058
0400faf8
faec5800
01a46318
fffd10d8
ff790a18
fc631854
04fdeeb8
fcf317b8
06a841f8
00943080
00e8cfc8
fa293b20
fd8b0c78
f96048b8
04877b58
fd636ee8
03aa3898
f9f6cfc8
fda2fd88
f90809a8
02c97048
fbd542b0
03a56988
f966aba0
f8eb8318
02e37048
00f08208
fa6da558
f8f334b8
05b25ba8
fb28e0b0
f900b880
ff6652b0
fe9dda30
ffb66078
fcb8a110
fce928c8
f95bd910
01014398
f930dcd8
f9f170f0
fe8fb498
025fd438
0175c318
030c2518
04f87b98
fb3c5c78
056b8e68
060b2568
02f0bea8
fb8506e8
fef21770
fffbf250
ff449558
0668d1d8
056fe988
049c33f8
f9e63550
f96aca70
06741098
01f13a38
fe500c38
fe2e58f8
fc0a7254
02cf2968
fbf42460
060ff6c8
fed2f8a0
fc4a5940
fb0e6d68
fb5de710
fcf04f68
fd75b630
fa54af68
05bc1328
fdf41ef8
fa350fe8
fcdbcc70
f9aa9fe8
003b41f8
04046b58
f9a66d98
03024748
015740e8
faa51628
fcaa5eb8
fe207a78
0486ddf8
05da7808
0285e488
05342eb8
ff873990
06a54838
02010608
06d1e328
fc953bd8
fc5dfb58
055abbf8
022ee888
041de498
fe8d5398
fc261c94
f93afc68
02836e48
00f4fbf8
fa904b58
f99bc000
0392bfa8
0375c8e8
fe77d3c0
ffc99980
fab908e0
00c4b950
fd994c48
fd2fbdb8
f8fb8288
01d69d08
028db1d8
fee53f00
02965128
00d145c8
04495238
fd07dcd8
faaae030
fc931604
fa7f6158
06501758
006cc4c8
04972bf8
02728b28
046f59d8
019e7dc8
fd6acda0
fb986d70
fc3c521c
06a74e18
05643708
ff5234a8
05d439c8
f900b1c0
016dd428
fc07ce20
fea338b0
0148a398
f99f39f8
03c4a658
02dffb58
fd7ab5d8
fb668808
0400bbf8
02a82ce8
048249b8
f96b6208
fc8da9f4
fb85f070
fadffb50
f9e8c410
fb7f0a00
06aec9a8
06873d68
04da2e38
fe7ce7a0
fa444f40
f8fed2f8
fcce4ea8
02d189e8
02fe5118
00b23970
f951e048
063bb4e8
024e8ae8
fc412dcc
00e77b48
0584ec38
fd7aa6d8
ff082e10
069e4c98
faf291d8
004d24f8
05e435a8
05e2f6b8
fb84e7f0
fb214340
fead0aa0
05562e38
fd935a10
00a9c3c0
fa236690
fa5ce070
fdcf1a10
fa126860
fbdeee30
03aab668
05871698
031874c8
00bf95e0
013ead78
fdd85488
fa0713c0
04993c88
fb8ebf48
fee7d558
f99639f0
021b37a8
fc9ca46c
f9343eb8
fbb7cf38
06cef8d8
fea675b8
f934a000
04aa2e88
00393c90
00de7060
ff072218
045249e8
048d22e8
03b38bc8
fceca290
009d1300
fd8ba8f0
018d5a28
06723c48
004c1788
ff24f5b8
f95f91b0
0603f9c8
ff9e7d28
fec241d8
fa60c028
00f7dcb8
fa8a3d40
069f2dc8
faeaf9c0
fc8a30f4
fee91080
ff285d48
fa823750
03d05898
ffc383a0
01fcb0e8
fd4e3dd0
fc401844
fb807330
036c5e98
016d1668
fc712eec
07073278
05214038
fa8d2e88
fd3a0ce8
06922d88
04e414b8
05ef8f78
06834be8
fe6069f0
fef03f00
fed17e98
0157a948
fc2a2e28
fae53a28
0204ea98
f9511c98
04382cc8
faa71d90
ff9781c0
059efb58
f998d740
04a16ed8
fec80cd8
fa148070
fbc0b098
0707a568
0236b3b8
0678be58
fd328be8
fe416fb0
059c00b8
fa651540
fab706e8
fa456df8
fd901140
01cb42d8
fdab76c0
06757ba8
fc4aa9a8
06b985c8
fbe36740
fb32d280
fff30148
ff1b76f8
fe362948
fd8d65f0
fa704400
ffd7aa18
f95e4e50
051dce58
063e2e58
06a283d8
06fed6c8
007a73c8
fafe2aa8
fc130934
0235abf8
047391a8
fde7aa28
05e3b908
fe7034f8
faf03148
ffab0cc0
015d29c8
faaaf5f0
f8fd8680
ff9cdd28
05426ef8
02102908
00b09450
fa5ce358
06cf1c68
fae334e0
fb65c7d0
0438e728
f991f648
0403df38
fae50c80
06580cb8
ff795a68
fd7d3868
02c91838
ffdd2908
02de9c48
01002cb8
fb824810
fd7a7e00
f9c984c0
fd829d60
04e1d8f8
05e08658
ff03d818
0224f608
feb94ee8
fc2b94f8
fe42c480
023015d8
0498d348
04908608
fb3477d8
05083728
f9e671f0
027ab0e8
fc2c9464
f91276f0
064215b8
f99e2dc8
04e377a8
f9d2e6d8
03a77f98
ffa2d348
052bcd48
fa903408
064f1f98
00a35298
fd4f6b00
fd3d8290
f910be10
05f3e698
fe080a40
03f96b78
fc641fc0
01078968
0531f4e8
fbea5b20
066cf168
01fca8e8
009ca680
f9f52a90
f9e065a0
04e61ea8
02ea4ba8
02491a28
0285e7a8
05c29218
fe455df0
fcea05c8
04734808
faf5ff30
024a9368
f9b56810
03a03c58
020f8538
04f817f8
fc040530
fceefe58
04f8de68
fa7db800
01a3cb28
f9287110
fae5c9e0
02f29c38
069e7028
05c23278
fae19f50
fa498800
07104ec8
044cb218
05869ed8
0707cc48
f983eee8
fc839ad4
001ba660
03392828
ffbc91e0
062a0358
05429c58
0341eba8
02dccd28
fc87954c
fb103cf0
06d28e48
fd4c8978
ff8e7c48
023591d8
fb418bc8
fa74ff48
049a3858
0637d748
06030e98
028fd588
06a77db8
05f32478
05401298
0344ea08
ffba2a50
ffa48728
fa937b80
02129fc8
fb58c9f0
fa789290
fb9f59c0
05fea268
01c5c4c8
05602be8
ffaf9f60
f9031118
f91a7790
fdb73a90
0622ada8
f98b2d80
0079e828
fa974d70
f9abc918
02525cf8
ffeea4d8
fb3e5cc0
030765b8
fc0e0334
fb5ceb50
048ff608
03d45a58
ff1fb668
02a2ebe8
027aaef8
057a3528
fa16cfe8
04e0e278
f9ee7588
02a5e038
014f9c78
fad7e620
00a7d0b0
faa433d8
fecd4710
ff080918
067656f8
f966f528
fa070f30
00111388
065de248
04a01bc8
016453d8
ff8ccc10
03efb768
02677988
03afcfa8
021bd428
04c34e98
02b23ac8
05e27958
06c83668
043bc648
fbebc410
ff33e988
fadfe788
ff7b0aa0
0374e308
f9c0b438
ff6f9e90
fc9e9a28
fd491748
fa3c1c88
fea62118
060ed578
fb1dfa78
f9aa5010
feae0f60
fdd660a8
001d2e48
01cb2d58
00d37eb8
fbe22d30
fe13ff20
f9bbd170
01aae4c8
0329b4d8
fe3fe1e0
fbd922b8
04852088
01b88b78
031b33b8
feabf7e0
fe3ee0e8
04881948
029151a8
faa3d700
fcf44118
043d4658
06a4f8d8
f9fc3c30
00583348
033327b8
ffcbb790
0458d408
fbd95b20
fd667668
0659a148
f9daf258
055ee718
f9666458
fda928b8
fc04ae6c
fa80b980
02d9c7e8
02524258
fa471ba8
fe064560
00524ed8
00a735e0
fbefe4f0
fb6552e0
00d906e0
ffc689b0
03c9ca18
fe1043d0
fa7667c0
fe79fd20
02bc95a8
00138770
f99023f8
034211b8
fad159e0
fcd59b24
fda0db98
050c6ad8
01ddd388
03107748
022604e8
febb0b38
fe650900
02c30b78
048eaef8
0478a3f8
0264a4e8
00845ee8
03080d68
0409ac58
fba70ff8
f97c33e8
fc8374a0
05a72558
0599b3a8
fbdb4d50
fcd42770
fd287b00
fa8e0af8
fede11d8
0266b828
f8fc2558
02c2e798
fdef8d78
0631ca58
02df7008
ff3f2910
02e52248
feb1a720
014373d8
004090a0
fb563860
04390788
046875a8
02fdef78
f9c16e40
03fbf7e8
00cd0790
0580a388
032063f8
fec9d1f0
ff3458f0
00bac1c0
fb0a5a60
052b8a28
fb1b6c20
0214f828
f8f88908
05bed908
03e6a118
0436c3d8
fd757650
04c51308
fed66d68
01da4888
ff4e7fd0
02d263a8
0433bb08
fae0a4e0
ff83cd08
fd636298
fb9361c8
030e56f8
049a0d58
ffb61668
031de1f8
fd89e680
ffda0e00
fad9e688
fef9f428
04f4bc68
ff49bca8
ff800ca0
faa8afe8
fc575fa8
fad3dc38
fb682980
fac54a60
05164e18
ff99ab98
ff4bd380
ff236648
fa6d55d8
fccd7ac4
039b33e8
ff55c118
051eb5a8
feb76780
01e65918
fda12990
fe6c4660
042d2be8
ff28d2c8
f8f4bc68
ff84afb0
00d86a80
029bd788
f9a9ad40
01efb7b8
fec18f78
f990c388
0296cc18
057ecfe8
f98fa320
060e6418
05592c98
03704fc8
03861178
05619118
02af74e8
fdb33b10
01351cb8
05f463f8
f8ffa9f8
fc6a78cc
00f23a78
fba1f370
fd0b51d8
fc2cd8b0
057da0e8
050b07e8
fbfb4b90
fc637a9c
fd21cb70
f93b5ee8
023109c8
f9660a10
0241a898
fb1bcfa0
04d5d428
06f1c978
00e71678
04530ac8
0320d138
066b8688
056d0578
01112e78
fd8711c8
fab93bc0
fad574e8
fb3b40a0
fd761540
feb2e530
04cc57f8
0005db38
0457d448
ffa4d5a8
fdb60498
fb0779e0
06c40ff8
fe6ea0b8
fd100838
fb67e130
ff89a598
029d9098
fd0eedd0
054ccd48
f9ab7008
faecf308
0123d008
fe68e4d0
01893408
05ff48c8
f974c5c8
fdfb3640
0602fae8
017ea8b8
007bdd58
05a90758
02c13c98
f9cbfbe0
00601900
ffc9a2f0
05ad9128
02a26238
05cec428
ff66d2f0
fcd0670c
f9d7b718
fd5fde80
02d22a48
fc0a2628
03f333c8
02fc9088
02c560e8
fdba45d0
fd0a66a0
fe03a228
fdfebc08
04213d78
f93632e8
f9aab390
f9fed7b8
fba6eea8
020db078
f910b210
0099f2a0
04853318
ffafd8a8
0096be28
04a8a3c8
04043c18
fa785380
fbd9ebb8
05e28738
ff74de38
0656c998
fd327820
fb22c2d8
02f2b768
056ab8c8
05de38f8
036c5b98
040bb448
f97d37b0
fa898120
060958c8
064960e8
fd5b7050
071958b8
006e5878
fe8b1350
fd7309d8
01dd2248
fcc99e64
ff158788
050e1688
00a1fb70
02327808
fa212550
06593ba8
044ab1a8
fdc30170
02fe9e48
fa5f1d98
ff52e458
0696d8c8
fdd1d148
fd48e868
0435e038
fc0fde84
05c82c98
062c5278
fef859f0
019dd268
f982d8b8
015dddb8
fdd74b70
f9d4e4d0
03eba638
020215a8
02978318
fcf6d638
fe42eb98
fe35bfe0
ffd36388
041d71f8
fc4b12b8
ff9a9ce8
05d7a5b8
fd0564f8
0363ea98
058939f8
056588c8
ffcd1998
041244c8
ff599640
fb14bd90
031ba2e8
f9016e18
016b82b8
055aa1d8
06ecd7b8
fb897ec0
fd656ee0
fa356fe0
012914e8
fe99f978
01b62e18
047b7778
fdcf4d08
047582d8
0072b138
fae56a08
033889e8
fee88a08
f9ca5550
02827f88
fd6d4ea0
fb7fdf60
f9c8b668
f9662cd0
fd5e0af8
fa040a60
069d6b28
fd0c3e28
04ee6de8
04939438
05b4bee8
fdd1bdf0
fca363c0
04c0b0c8
fa22e888
01ce98a8
06e6acf8
06ed8c98
ffea1618
ffce22e8
fc1c418c
fd185d20
feed1f50
fba1f370
026ca168
00f21dc8
03c8b6c8
fdc34fa0
ff9154b0
0393bd18
03b247f8
fd2c82b0
fe56e8a0
0597f228
0584bf88
03393308
03187358
fdd54fe8
fe3f6510
fee8c1a8
066c9de8
056a5378
034d70c8
ff5e2018
0664d598
fe5c4098
02ac54a8
fab99340
00064a10
f9404ad0
058f9158
03086b88
fa9af6d0
fd168d60
fcc78ac4
07123758
fc395048
0433ad28
04f89958
01ac34f8
fd44f528
fba54190
fcfd0480
fb4e6100
f95fb5e0
fbf22b88
00adad20
031115d8
fc1687f8
f9d19b58
0008ac50
fcc28ac4
f9c8cf48
fc60149c
00418b98
06191d58
03c14518
f904bac0
001c6280
038c9fe8
ff8de340
01c30db8
f98e9bf0
fa2e4060
06cd22c8
fc867520
fb26db80
006c2218
04c00618
fdb4a6e0
ff7dedb0
049fb608
ff8943f8
f98cc4d8
f91c37e0
05f6f188
f96f0b00
01e8baf8
05518628
fbabf170
05cbc238
fe417a78
fa998890
fba01270
f9663640
02ea5ab8
f92296f0
071aa5a8
fd28aaf8
01fa2db8
fd38a8c8
015433f8
fdb210e8
03473428
fa0f3600
03646a18
fa4ae2d0
06b31f48
05c6f0d8
022f2f68
03d182a8
fd1c9220
02762f58
fed32128
04bc42b8
01948ab8
fb207120
023bb7b8
053bb448
fc55c314
01637338
03cd6118
0525f798
05ac07e8
04622798
053d1cf8
065982c8
00af5ae8
008368b0
04e4cbf8
0133a0d8
fc9ca7a4
06bd7c68
05f6bef8
0598bf98
fa276bf0
0244db38
06070128
01fcab98
05ef29d8
04c1faa8
032a19a8
fd806470
0548edc8
00583960
f9a5d350
fc500f80
030841a8
f9c676d0
00d6e760
fa3f5438
f91342c0
fa55ca60
fcf370e0
fa633ef0
02f65768
fd9ed070
02251928
0580f798
fd91eee8
ff14f2d8
03531388
0653b1b8
04c61ef8
fafa74b0
00be9eb0
f8e5bd80
fa3e69c8
051ec3c8
fa1150f0
fd578998
fb446580
fe5f1d90
051c1118
034fcfb8
fe8fd740
fda69e48
02ddf748
01a924c8
f9340370
fc9cdb2c
048d66c8
fd7cefa8
f9b0fe88
fb618520
0238a628
faa73b38
028935a8
f8ece278
f9923ee8
fdb24c88
056a8208
fc7b062c
fd384a60
04c1a6a8
002d6820
0364fbc8
f8f63600
fd9434b8
fa6338f0
fe281ee8
fba44958
fc35297c
fcbc0aa0
fb013ef0
059d9c48
fac5a638
056df058
00359b60
feedabe8
fe046780
03fcc968
03b36858
02bee778
065f2438
fe679850
f9bd0b80
04e86fa8
fdd26218
02c41988
fb5dfe40
fa569c48
0209f798
ff3528f0
04a1fea8
faae5f10
fb339f60
fd71c260
fa393660
fc9e3ae0
fc4e0570
071a86e8
0348fd08
fbd05be0
f96a1350
01887088
f9f0c220
069ca578
00cc3638
ffed12d0
070fa818
fe38ac48
f9043280
ff15cf48
041f47f8
060fdfa8
fea67248
fbbd04e0
f932b678
037ff1d8
04828e58
fb290220
05dc9fc8
016f5db8
018e54f8
0680beb8
0168be28
071a1f88
026f5978
f9d74b98
fc703dd4
f92b6970
06084b08
0482e928
03f2e698
fde86c48
fa286660
fc291d30
05417cf8
0044e040
030326c8
fe5eda08
feb3c2f8
f8fb0a28
0018bc88
fc790c8c
fe1582e8
0719c408
04fa9ff8
fc7646ec
02f3db08
fff7b370
03b3af78
0295c9f8
06f1df78
00d618b0
fb4596b0
ff98e458
fa61a2b8
05c09308
036f6618
065facd8
fb529e70
0094cac0
060a8328
fef527d0
019ea9b8
fd9b75f8
01d55b38
0398fbb8
f9a117f0
05add258
0531c658
00991a48
0424a6c8
f9e5a4b0
ff69e650
04b64cd8
fd4fbd68
03a5e6e8
00c65de0
fe82b230
ff17eae0
fe55b6b0
024bb018
03d31e48
070feb38
01f2f9a8
fabc7c88
ff61a710
00f49858
fdcec500
020fece8
043756a8
fdf596c8
04264ec8
fa8a8d50
fce987d8
013aac98
04fb2058
03684968
fed89500
ff527110
fd796958
fe8f21c8
018b79e8
f947f2d0
fc261640
04f50e98
0714e7c8
fa902960
fff14f28
0401e4e8
06e38958
03dd5f18
045afb68
fafa1810
fbcbf158
05387f58
f926a730
045d96b8
014dc008
f922f120
06b35c28
fd0182b0
027950f8
051a3098
03a38198
fbbe8800
feb26198
069546a8
f9ba2850
03fb3e08
fb8b1e50
fa5476a8
fecffe20
00ac5230
00bdb5b0
020c46d8
fccba974
ff441ef8
04dc0e88
fc66e39c
020d2d88
030422a8
fc8d67e0
070f3f48
06d4b0a8
00e6bc68
0572b958
041c1848
ff9bb9a8
04274978
fe405d80
046677c8
00473ef0
fac7c080
fcdbc88c
00c5cba0
03373628
fe9b3550
00b463e8
01a04d18
065827f8
037777e8
01fdb918
05f86c38
00ab53a8
05af70e8
04686a38
fe799110
fa8e5bd0
0382bec8
f927c328
fc5542b4
058593a8
f9f989c0
05647958
04685938
f9c9d7d0
fe062b60
0625c4a8
01d96608
feada150
fa63d218
f9f864e8
fdb49220
054ed4c8
ff40c680
fca31574
fc6a3c64
f9de5f90
fad57a40
01b701f8
06a55da8
000bdd50
0013db60
fcb44518
031624f8
fae7e080
fe8006a8
fa05d4b0
051fdb28
0308a7f8
f94f1dd8
fd831c30
fbaf0a40
fee1bf20
05132fd8
05ba9178
f9a65a28
fc2361f0
fdb56ee8
0627a9c8
02109b68
003eb868
fa0a7e50
fe7e8b50
f9d82760
ff3e8bd0
fa2dbec0
064919c8
ff8bef68
00d706b0
04c50b18
00ed7c28
04abff88
fd9ff8d8
0148c778
011f10a8
058ccb08
02197bc8
06da2708
ff657f00
01dbe898
049d1c68
03d05378
fbc6e070
fad637e8
03a5c6f8
06598188
fc9780e0
0381ca28
ffa98760
fb7b3188
fd1deaf8
02266ec8
00056348
f9b699c8
06805b88
0079e2f0
fb0bf260
027a4db8
004e32f0
fd91e978
051d2768
fb599ca0
fba45ea8
02635f68
01643e58
05977538
f90f14a0
fc05be2c
034dce68
fda5d280
04c27108
fa7757a0
037ec348
04b15bd8
043447f8
fdd5a370
02e1cdb8
fe28fb20
feb24328
06669928
0321f968
f9872cd0
f9438e80
fdaf7e00
0559e8d8
fa250c58
06b0a888
05ddac28
ff68a6b8
06b5fac8
f94945a0
04ca61f8
059226a8
fcf70030
fbc22b50
01ce4138
fe822448
fc3dde20
046c6ea8
fba5add0
fd47a520
ffb4ae78
fbb21bc0
fbf99938
fa84e0a0
fe95f090
ff9a9e78
06217108
042129b8
01dd5428
ff853628
036d1288
0312b4a8
02f82f58
043dd428
ff718930
04cf5ca8
f9daaa40
fbe24e60
01491388
fc59f7a4
ffa455c0
fce0b4e8
0535c328
fba69df0
06f90888
fdec80f8
fa3234d8
fa6838a0
052d7108
056af108
fb1fee00
fe5b8820
fb447ec0
fc947bb8
05d55828
fdfdc898
fe8040d8
f99c1e98
0039c268
ff072f70
fcbe0a94
0651a658
028ac058
fdb95c98
05b3ed58
05bc43c8
0477b8b8
fa956a58
014a41a8
02fba738
ff46eb40
ffa0b770
06e32eb8
fdaeda50
047d55a8
fd8c3950
fa9c0260
fda718c8
03cdd838
06820c68
03a3a478
00cb90c0
feda1360
fb629f00
021c7f98
04cd9138
fd820970
027033e8
f907a3b8
03de6028
02086fc8
046f4148
0613b4f8
057ba038
fe8629c0
06a99a38
06b0a568
01825398
ff55b788
fa9b6a38
fb8d3e80
fd079d90
01019468
ffba48a0
fb402be0
fc536048
008823f8
01597788
fc342748
06c155f8
fce91ec8
fa797ec8
fc550a68
f96067d0
fae12a60
fb1823e8
fedcc558
faaecca8
01e84408
004ec968
041ed398
fc2f0214
ff165870
06c5dd48
fea98688
05d9a3d8
0263f068
fa635e28
fd57da18
025f8ac8
066a8db8
fbfa97a0
fd466630
0414b8a8
015e2998
ff6a6698
fe0268f8
07115b78
01240fc8
00c3ea38
01b4f998
023988a8
fde15a38
fd84cf68
f9937e50
017e0508
036dccd8
fbeca6b0
fb623540
01549d48
02c329c8
fabce498
04ca26e8
f9f28f20
0658bc48
fefc40f8
06da5ba8
f8e9a738
fe725db0
0137bed8
02507058
04e2e1d8
05aa2a28
fbfec9e0
0256f7b8
008c3050
042ff588
fe03a7d0
026683c8
03ad9d78
fff84b58
030f14a8
fed0ee78
0420a8f8
0576e578
053675d8
fad5dea0
fc4d506c
fac39260
00d02ef0
06608018
0457d4b8
ff4b6c70
03516998
fa957790
00d8a840
ff73aa78
02964178
fb1a4f30
036cbca8
fe992908
0394e208
034877c8
fe378e38
fc78378c
fb42d2a0
fb67ab00
ff7618f0
fa627540
faab66c8
02ffc278
ff7347c0
f9d5dcc8
fb2ecbd0
fdc756e0
052569f8
fa911940
f94ad750
fdc00f28
fccf44a4
04bb27f8
04af90b8
000933e8
04fd9328
fea03218
f9298c78
feac2130
05e24d78
fa2688f0
0347b978
05c80d78
ff3e9608
0407a228
01b28da8
04119c48
036c9348
009c4818
03adda18
0033cba0
06cdbc28
fbe639a8
05f51118
034aea58
050dfaf8
fc0c1690
fdd9ae78
fdda7ec8
00ca8a70
fa8a4960
fbc77398
ff9d2600
fbc6d340
fb80ae78
f96f10e0
031dfa98
01920488
04ded9b8
031e8ba8
fafbfc48
f9e73bd0
01cfb968
008f81e0
fdbe47d8
fd13f160
f9b7f860
f9fcd000
02451a98
05a996c8
fbfe2080
fe4de148
001e85a8
f995dd50
027067a8
00c22700
fc0a37ec
fc5d2274
004fce60
0083a620
0515f6c8
059f5d78
fcf8c780
00659368
00cbb0c0
fb8ac380
031eb6d8
03119a78
ff924420
02ebcda8
04be9ad8
04905868
05f9ba58
06291b28
f98eb280
f91f5578
fed8bf88
f8f38558
fb5e7ee0
0450d3d8
fd9657c8
02991518
03f5d528
0439f2a8
052aada8
06b55f58
05df31c8
f94647e8
029f6a28
01ead568
ff0a35e8
f9f9d280
02598078
01c6d0c8
f929a7b0
005fc4b8
01b982f8
04d78ac8
05fa9908
01104ee8
046002f8
03c1e428
01381928
06baf658
fdb634c8
03e65f58
01309a38
fbe5aa30
03aa57e8
01219cd8
03469398
008b8a88
f9154c20
03c98738
00355ce0
06a1a428
fefeb588
01f5fee8
05cb3308
fdc0d9b8
042d49f8
02528598
f98754b0
02364658
061415a8
febac8d0
fb217d90
07005908
fc7787a4
01054708
fe773298
03b7b678
fa5b23e8
fb960a38
fd062768
0375a648
02ee6b48
02a5dd88
faacf5b0
fefe4ed0
039ce478
06289288
fe9defa0
06360a58
fa70e820
04457378
f97d2978
01111ab8
04cc7908
fe91f0f8
0653de88
0219dad8
05cf7198
03e7b198
0325bf98
fecbc8e8
fcde253c
042e8608
fd428040
03eba5b8
032850c8
f9e66210
056d18e8
058c91b8
02a742e8
fcd2f70c
06a8c788
fb5fcfd0
fdb800a8
ffe3e178
03753788
fcc44618
06dfd768
039c56b8
06b3ac38
04e74f08
f95df140
01d34ac8
059e7f78
0399c3f8
fba315d0
fd72a878
032c9cc8
032ae658
0681e158
067ddd38
020c89f8
01dc48b8
fa833368
fbc95ad0
f97138b0
f8ee54d0
fa9d55c0
011147a8
064fd8c8
05ed63f8
05b52ff8
fc3c4e54
0356f1c8
fb80b208
fa25d6d0
06304c18
045cdf28
f9ae2000
fc394910
045c7ec8
02a655c8
f9235bf0
f9d8e580
025c7fb8
fe2fd4e8
ffe59140
02817e88
00561970
fa77c690
038b1498
0352e4b8
00401738
043ad2c8
064a40f8
fcd32294
f982b4b8
04552138
0525da48
fe81bf00
f9f5e3e8
06987598
faab5b90
025c7988
059d1008
01c2e2a8
fb3779b0
fb3aab60
01fd8658
fb1cd648
04a0a2b8
ffebc570
001f8f10
fc275e88
05413958
fb2d4ae0
04adab68
fda25bd8
02616838
00a5f908
ffe39dd8
03ca8a78
07092a38
016278a8
05831e88
fb8c9e58
002e9f18
01aca478
fb0a7560
05f23ce8
00f47e08
011855d8
ff61d4f0
fda40888
ffe35e90
fb492740
04117178
06beaea8
fef5a2d8
fdcca4f0
fb3ca570
ff026860
fc16f194
fc5b8c8c
036a5188
f9ad8d88
0636f138
06456068
fdecca48
fe760150
fffa65c0
ffdd2478
0466d0a8
05d6fcd8
03df3708
f9aa7ef0
fb53bb30
05e0dcf8
fe5f8410
fcc78ea8
03f3fe88
fe321060
fea3fe28
03b0ad68
fc678ba0
f9255e58
06e5e698
fe1d8250
fe38aaf0
012e9578
fc003c58
fa9fddf8
ff1d9cb0
ff7b4240
fe674428
fe21cc68
fa239670
069ec4f8
f952ea58
fc452f44
feceaea8
fe4ad200
01346e28
fd3f6f50
033328d8
fa39a5f8
f97b55f0
00211768
056745c8
ffe1e5a0
feb8b218
06ee0838
0527a278
04be7b88
f9e93a00
fb2e55e0
044d70c8
fba67d40
01957dd8
0265bd68
fdc91950
fbe6f470
0627c738
f9343b10
ff994b50
f9fb7c28
fa6bbef0
0613f838
0591a748
f91f7bb0
ffdd9ca0
03a886b8
f8ef37b0
028cf478
05e10c28
ffad0978
fdfa69d0
fe21e7b8
fecd7820
f9bedbe8
f9b8bab8
03811178
06be0138
fb63d580
fde68250
fb44ede0
fc8169ac
06a5bc28
05b8bbe8
018c32d8
053e1288
fa136790
fedfcaa0
048d8b88
fd5269f0
fdc5d168
04b53318
f927e840
fd9ce820
fcf51070
03afb138
03e0d508
0611c7a8
fa992768
f9c28038
046f4cf8
fcae1020
04314e38
fe25c7c8
020236b8
fc59482c
fa13e960
fd3651d8
fb4527a0
f9b0a740
fd1f8188
00ce3ca0
fdcbaf88
f9561908
06087968
f9d22960
ff704bb0
ff8f1370
fe946138
06621df8
fea41f98
01878a08
fcabd634
0499ac48
fcfb7e80
02b77af8
f9df3038
fab7fb90
00ce0970
00cd8610
f9990240
fff567b8
05cf2ca8
02e12e28
fa237c58
01a31e28
027adf68
0522c1c8
034fa968
03d611e8
06aa8338
069c4368
00272d10
faa51628
faeae810
02e6fdf8
01fbfb98
fa5fe610
fba3b6f8
fd864b18
05b859c8
feb81e10
fabe6548
fd782268
05a37018
066639f8
064bd0c8
04f40028
047f0778
f953a978
f9a8e840
00fae338
fce082ec
04ca25c8
fbd9ef80
f98d3378
05f3e6b8
01505a78
00604f70
f904e448
04068558
05f63368
fdc34050
05682d68
02e5cbe8
06ef5e98
05a9e6e8
023cb428
ff783800
fdd1ce98
fbe770d0
028baca8
fcf3a450
fd4d1968
fc3c1278
fb9631c0
ffdf3350
f9eeea80
ff6a75b0
fc1b71a8
fdf0c2f8
ff6f8120
fce55448
0176fdd8
ff25b6d8
fcf07110
019b53f8
05fb5778
fbff5b90
022d8e58
0412d8b8
fd937a28
01ac0168
06891b78
fc940338
feb4caf0
fc7e6fd8
fea10388
0203ed88
041a37b8
fba37740
fbc42260
fa56af08
06f0f768
03bafc28
02dacb58
06d4df88
fdc58e38
06ac9c28
02b8a568
fad0c688
02f76e78
05925618
ff42c6e8
03e1b568
fe303248
04b91e28
009031c8
0510f7a8
ffd204b8
05240948
fd4ad7b8
023fbb88
fe2218b0
fb01c768
02db2dd8
03890798
fe9c78e8
01840098
06c3b278
00fa5778
01b7dcc8
033de1f8
fef74c88
f9544830
fa7ba610
03148388
0518e4d8
fbd3ffa0
fc73cccc
03d72b18
06ed1e78
fada6f60
f95307c8
fa0a98f0
00e22620
0315b608
05401848
00c0d460
06041b38
06f15c68
fcd8395c
ff54b8e0
01293038
051cd638
fb8ac080
058c5838
015c4108
fb794990
03f96008
fd853de8
fb183b00
0595d1a8
f9801c48
02bfcba8
f9501748
05f72168
004c8408
06863438
01c7b308
05fe0658
fee18cf0
fd58aec8
01a7fbd8
fac4f0a0
fba43460
0017f768
fdfb4f98
fb1ea4b8
fa4f4300
0135cc88
ff826418
058fafe8
f988c708
011f9d08
01470d78
f96ed2e8
fb3b0400
fc92fdb0
00c27e10
fc885ce0
017cdb48
fd8cc220
fb970e88
05d17108
fc5ebdcc
fe09bb90
fed76028
06b3ac78
fd56efe8
fe08b6b8
03ce56f8
02f849a8
04aedc78
01d3de88
06f01568
02968358
025f94a8
ffc251c8
00825168
fa0d3610
fff5ffa8
fe7a9780
02a24a38
060b54f8
f943eba8
051f64c8
06bbd308
048172c8
f93cb880
017a1aa8
fd97d5b0
f920e698
f99a9b98
02b29fb8
ff4e5128
06568e08
011cac88
fab6a9a0
00f5de18
fb2893d8
feabcf58
052498f8
fb0c16f0
fb96f470
0298a808
faa28f80
04cae858
070ea828
05d050d8
fed537e8
fc298994
069cb2b8
039cfce8
02da75d8
f99130f0
0127d448
053e22f8
fe4dd310
00322668
023c88d8
fc7e12e4
069db838
fb445288
f9f73b80
feffc510
fbfda8e8
fdd62bb0
05790ea8
03cb69a8
036e18d8
06119d78
fe8f75c0
fa79ea10
012b8f08
04ab4c68
fbb3e0d8
0214f178
024cf5a8
fdf7ab10
0661bf08
f92c4290
009dc7a8
fc8e37c4
000c7540
069cc238
fe195aa0
fbca3e70
01913468
fc05dcf0
fab0a530
03efc458
02222f68
00b43e60
fc8eba94
fc351c80
04a6f988
fa683e10
f9c4d8d0
fff32820
fa2fa630
fba1c258
053e5a68
fe549d60
f90c8da0
fe86a008
fcaa8a60
fca08d94
04215a98
fef63d50
fb297ba0
040fa7e8
001fbc98
ff962998
fa240880
fa7132c8
03e080a8
02143b58
fe103698
ffaeeb00
01f7e838
0107eb78
007fdc28
fc5bc2f8
fa21ba78
fcd98ba0
fccb9658
fbfd6548
011f7178
fdc80090
0385a348
fbb5e160
fe9e5200
03f5d868
fcba94ec
fa283048
fcfb76b8
fa616b80
06fbd528
0247ccb8
feed08c0
fb14d190
ffbf2170
f9b69958
01f52508
00ba6600
068b1e78
04f0a4f8
0474e098
f9646980
0177d218
fbb4f098
04b31278
00d47340
ff363720
018ba578
00d0ddb8
0376bf98
0318fe48
061ef228
fdbb23b0
fc7cf698
fdc07d90
013a4bd8
0138ce08
fc33e038
fc74f234
fbee5ab0
01ceedd8
ff745c10
070f8578
03b675f8
fe1e3070
fb0582d0
01d34ce8
fa6b37b0
01917448
06aab368
ff979468
02142778
023f7818
fede06d8
07126b38
ffb458a0
fb5a1c00
05ad22a8
ffb5ffa0
00534bb0
06270768
01368978
fe3d0828
fc829284
029acd68
058f7678
006aac68
06566998
030709f8
061d13f8
fc79f7e0
fe0f7d08
fad135e8
00a324a0
f92ac988
04b7e5d8
05af54d8
f90f7ae8
ffcf0090
02eb3918
ff188160
fb1cb610
f8e4acf8
fcb0eb14
fbc7c570
02434f48
ff628d30
ff66d528
f94483e8
044dcae8
055732a8
fccab494
fdb596c0
feb32b28
feaf7330
ff09a1c8
03e530d8
fdfe40a8
feb2c088
065f3aa8
05773508
017e43e8
fea19678
06631c28
046ea488
00be1b18
fa6b3458
014e4388
f98c0c28
06c3ba88
050af478
fb429470
fbc101e0
02801cb8
0651e538
fa299850
fe3c39d0
ffd3bb10
fa8c5570
fbf05fc0
03b78bd8
05046e08
04f10cc8
02d03088
fddcf298
ffac1ff0
fadadf10
021b2c08
05b0a868
fbf7a420
fc3ea3cc
0332f8d8
fa0ad140
0337d3a8
fa406a30
ff2d7d80
029e9c78
04750f58
008da9b0
fe07a480
fa26a2f0
05ee7268
f90da460
fb340300
fe20caf8
f9fbd4b0
01e9b8d8
00d3c338
000fd740
fd7620b0
fcf6a320
020c2a38
045d8ef8
0197a288
0030c1e8
fe897df8
fbace400
f94de500
051908d8
fa1fb1d8
05e87438
fd9b85f8
026c2908
fbdb6e10
009f6040
02d84818
00dc4800
070b98c8
06f517f8
049317c8
05675cc8
fcfb9978
f9e7e980
03693d78
05a66978
fcd14af0
01e1b1b8
0608ae18
fab7aef0
02a96a98
ffc5fe88
fa896098
0403d198
f9163c90
fd41e138
00496ac8
f8e64150
fdba2fb8
fbea51c8
fc111c04
038c9d58
fe529ea8
05968ca8
0229f168
fa4df5e0
070c47c8
06a2e568
04591618
05fd60c8
04a4af08
00d0d030
fbe16e30
02565658
faf890c0
01b56518
018889d8
fe350200
ff7c4f00
06224008
0129f0e8
04ad4308
fa321f10
0103e688
fc4355d8
051bc428
06682ff8
fc889280
fa8d5310
046e1828
fed1fa00
face54a0
fb08cc08
05b4c358
03a643a8
fbe63e90
fd9ecba8
049a27f8
fd314e30
01cc2b68
00687c58
01dbd478
fb3084b0
ffcd7ee0
0497b388
06a1e498
fbf34a28
01834da8
0331cde8
01a41d58
0180bae8
f92e48d8
fcca7d0c
fd791e48
fd6824d8
ff7f2f80
f8f1b5f0
fc6eca58
02acc768
05866a88
fe306608
0296bda8
f9c89ea0
03a2bdc8
fac32430
04c6eb68
035e2498
fa6253d8
fbecafd0
05c70cb8
feb758f0
fb6c5828
fdd37280
fc530bac
02ebcc68
fbbe56b0
fbf1c290
fe708328
00ee8598
ff091da0
03d2ed78
04601968
0183c368
fb4d83c0
036f0f08
fea1ea50
fbc0f7b0
fe0a6c98
f9e75360
fe2d2c40
fe6e9da0
ff171720
fc782990
05163d18
fdcc8cc0
05844388
fb759460
fbbba560
04e453c8
04c65428
fb7d2b40
0199f008
021d7678
013513c8
01350f48
fd563088
01a75d28
fdf39648
0072ce38
fbaeb780
fa244058
03d64d88
ff8505f8
fd251790
fb6ddb80
fe7247e8
02fdd1d8
01e9ea48
01091158
04040268
02f25058
05763258
024d53a8
fe665128
010e3888
f90a8fe0
f98409e0
fba4a450
fffaaf98
fadded20
f9d931e8
00d4dde0
fffac098
ff7d8ed8
fea49450
05c85d68
03a6a2b8
fca43ddc
f8f25088
ffff0190
fc1e479c
011423f8
f9e94fa8
fef41c28
f90b1040
06e05378
ffc7ac30
06ae83e8
f9fd7a00
01202af8
06057a08
fab24670
039265d8
017cc0f8
025f1a18
01c01ff8
03286b18
fe906780
f9b0a658
04603768
01f7c3e8
04ef9138
0404b5e8
fb42c4f0
fe138130
fa0aad60
fcbb4a48
0277b0d8
fc2def00
f94a6808
01108c78
03584848
ffa909c8
fef88ae8
033f9b88
04d2d718
067167b8
04b7ab78
03cf4578
ff38d5c8
fbaf8a10
005d7740
01cdcd68
02993f68
fe332f90
03499c48
fa458210
05e4fef8
02c635b8
06c03638
015c0518
05b99258
f8ff8ca8
01dd98c8
ff08b500
fe5583d0
06e35f28
f999bd20
044ee658
040b6fc8
ff2743f8
03898ae8
faba01f8
fd3eb518
fbbc0ca8
05165158
ffcb06e0
fe554d68
fcfe74a8
04f684b8
059ce278
032d1bb8
fac52b28
01d4a188
05c7a0f8
0466b9c8
f9d0cee0
fa7e9300
04f62b88
0204d528
018eed08
0453c8d8
fe518578
fa187058
00e23218
01bfa3b8
fdd45080
06759b48
fe1b5a98
00dbc2b8
f989b6b0
040632b8
f904b538
fdba9f70
05101398
fb2c25f0
fdc3dca8
ffaa0900
fa2f6250
012684a8
0554b588
04f2b838
fe1675c8
037eedb8
03a9a6c8
fa603770
043d2138
ff610998
fd0b38e0
f95bfed0
00c835a0
03164448
fc1cb5d0
058a7bc8
f9d7b088
06b1e3e8
fd5f3ab0
fbbe9730
04a70368
05fd2e28
06596958
01771788
fca1ebb8
02368688
049a2ec8
fb7ca638
019f1d18
f9d1f710
ff1198b8
fbecfee0
fce39e84
01dab3b8
047ed2b8
0370b3d8
fbbef3a0
fe9903b8
06022eb8
020f5ae8
02bb4328
032600f8
fc019a80
0186cf38
06274ee8
0206f818
f9f30e60
06ec2d38
0162e248
f9c3fb90
010edd88
06110fa8
ff21cf78
011d18c8
02173968
fe7044a0
fe4bee30
028131b8
004fec98
06438b38
fd0e4800
0382aba8
fb159a58
020c30a8
f9c2b318
fa2812f0
041c7c38
fadb2610
fba69210
fae971d0
fbd04e50
fae4c0c8
058d9578
fae0bca0
fe36c750
053992e8
f9b21b60
03c63998
048ee5c8
036582b8
ff5e13e0
fcff9a80
fadebc00
fc226384
028be088
00abca28
fa5cd1b0
06156c48
fc2b3de8
00f75c38
fe9055c0
05c308a8
040b68e8
fb1d3270
053b32e8
fdb446b8
fbe11f70
fbbb6bc0
01bd10b8
03dbc228
fccbff30
fdf488e8
06aec868
fc077bb8
04ac7728
02c9d0e8
fbb610c8
00a06450
0372c7a8
0644d0e8
fbb32180
070a2288
fe4a05a8
0165ea58
04901458
06e6b728
fc3281d8
fcf87758
03f8a7c8
fb5c61f0
05a99d48
0400bfb8
f968af80
0064b150
045b8d78
fb398880
ff3ef150
fbf7bd60
fbd40910
fc985d34
062ae7a8
fa627898
fca2d69c
03f16ca8
02ae9348
f8e4e1b8
06be79c8
033b7f08
ffa259a8
031e3ac8
059e04a8
fa06fd50
ffa928e0
04a7e2f8
0641cd38
fb55f2a8
00ad4ed8
039579a8
01e47618
00ec80d8
0691b898
03a494f8
fc01a90c
fdf15ba8
feec57a0
ff37cf78
fe3aad08
fe447268
fdb0dff0
fc021638
056d0d08
06b0eb28
fac294b8
007606e8
064fab68
02003a38
ff724d00
018169e8
f9750a68
fa993130
0056a308
fdece578
019a9108
049481a8
fb98de48
010335c8
06ab7038
058d5438
0148ca98
f9acebb8
01c27f98
fd9d60d8
fbad0fe0
0229cba8
fcee85e0
012c9588
01cc4918
0405ce68
02ac3dc8
0004ded0
01a1d4e8
0446a8f8
00204650
fbdda720
067e92e8
f9b75020
faa51c98
fdf76c18
06395038
06ec57a8
03438058
05f2bbf8
06c123c8
fd800508
04d73628
013256e8
02468a38
fbdcdd00
00d2a598
019a3fc8
065eb4b8
ff990238
04066f88
050f6df8
018f9488
028fdd18
fe4c9970
fe359398
feebaff0
f93157a8
f9dbc990
021b6ac8
06979f38
fb0fb540
012a6d28
fc6d4b8c
0199c878
f927c2d0
06b1fb78
fc647a08
ffd7af30
fe2d4fa8
fd1957c8
00c6bc48
02182ed8
0699b148
fa4cfb38
fb15e718
fe51ac88
010dacf8
04f722f8
024a6a38
fd8d15e0
02e7b1f8
fa36bd20
febeb168
02f07b08
05c2d608
fc7d2f58
010789b8
fcd4c994
fa0d0868
ff78c6b0
f9d88570
03880d18
fd0c3748
05cabec8
016d0878
065e9758
fbe99500
04b09c08
f9744c80
00f5c0d8
045956f8
fafc3e00
fab17b50
fe10f9a0
04711218
06c48888
00ac98b8
fefec2e0
0126fa68
fb78ba80
0019bc10
03d11c08
02d252e8
017e1108
fd7ce5c8
02dcc7a8
0713e3a8
024032b8
007179f0
055684d8
fa2650d8
fb779690
f93fb8c8
fae7a810
fe37dfd8
00180ff0
fffabf40
ff1a2708
ffa247e8
fdc52298
f9787f10
011a2e68
04fd57e8
fbdd7640
ffc7bea0
fe712ef8
fd4b4dc0
032ba528
05cfbf78
04b7ecf8
faa36248
02bdcbd8
05adb128
06ef63c8
ff1bf120
ffb93ee0
fd178fe8
03881b28
02d41d88
fb240558
ff811508
fee12cc0
02f5ba08
f99701d8
027b3ae8
faed8f48
f9cd5190
fba6a508
fbfb7fc0
02c960d8
fe72d168
fbf07ba0
fa1a6ba0
060acb18
ffa2cf80
04aa99d8
fa42fac0
ffb87da0
ff2c6da0
01e0c1b8
fc00d57c
0588a898
0150e318
02e783f8
fd3e4478
f914bf50
00237718
0184f978
00a35c60
f966c4f8
0548b7a8
0211f278
fbb27af0
fe8e1b98
04917498
04d97518
fc1bdd98
041d48a8
f9de85c0
05a168a8
06b4be18
fb3f75a0
030ee048
04b77c28
fe015778
05cee2a8
04e499a8
fcb24a58
04e65b28
04399368
feb449e8
01ad6a58
f9c3b3f0
0386b498
fb747968
fbfec630
fd4debd8
02bc2f58
fe1efac8
f9cf8f28
0462cfd8
fb500690
f906a530
02ba6e48
05df5a28
f9878100
009c2870
053e2bf8
041db168
000696b0
fce222b8
fc0f9400
fd1f85d8
f968f8c8
06c66168
faf2a6a0
fb8004e0
fc6d6c30
0026df90
ff910f28
043f59b8
f9cbfaa0
fd22e630
00066648
f9611160
052f51e8
ff731490
fd606ae0
fb1034b8
0029dc08
03d653a8
fe2de3b0
0404e3d8
ffb8eae8
05fa21d8
0460f688
fef36498
fde20a78
058bead8
021eff48
f9baa540
fd90afb8
007802a8
02885038
fb5c8258
fec51078
fba24aa0
069b9af8
fccee724
fc02c974
046306e8
017e0208
fce1d288
01e8dea8
fe8e7288
fa846d90
05fb6328
f97f1118
02a33658
031c1628
fac946f0
02839e58
fcb1f048
ff33e688
02fc32f8
fe72de48
fa0a3d70
011b02d8
fc4f33f4
fbadeff0
045c03f8
ff264820
068c6128
f9dbdc00
fe3382c0
fba2d530
fde02080
ff10b1b8
03fc4c18
fa3de618
fcb8cf7c
004ce270
fce8fd78
01d3b838
061e2228
02181488
fbf3be20
023a7cf8
fe532ce8
033cd1e8
fdcdf558
05d50d18
05dbb318
f9973b20
01140018
ff722b90
04cc0cc8
f8f96060
006e8670
fa46e4c8
0105cdf8
fc8f9424
f95c0cd0
064935e8
fba61800
fd5aadd8
fa514f50
0158d168
018b30d8
04f01a38
048620b8
faac6450
fe54fd38
fa5178b8
f96122f0
fd0a2858
030374c8
0375f238
00fd2838
fca2b684
fa9dab08
04074fa8
fed8cff8
f8fa7c90
03909ab8
069671f8
04ae0d28
03359508
03d627e8
fec132e0
04137128
05868fc8
031162e8
fe53c628
fcd07644
04c351a8
00f54e48
006d1388
062d4e08
019e70c8
0655c198
fc877b88
fc0cc178
047ec3d8
03ec5058
fa78ddc0
0063a8e0
06a6e758
f9b54150
fd397158
fd283228
01a96f38
fa2153d8
f902b7b0
03a02d78
009d0158
ff44b918
059bffd8
faa38498
fd8296d0
02854598
f9248090
f9e99af8
fc8f3aa0
01858878
060358f8
006f4c20
00fed318
02900618
fa619248
fc2f2bb8
fe884d58
fdc11678
fd297a50
ffab2348
fe5e6f18
fcc946c4
fbe4c410
030a8f08
03995f78
06062bf8
007e6508
039e5db8
0074a788
ff9673b0
fbf43c80
03163368
fc2b4cac
00194ea8
fd087bc8
018e3338
025909c8
00531510
01b52dc8
0680bc08
fa790250
fdcde400
056be278
03bc07a8
05317cf8
fd982d88
fcd7a634
fcec5098
00a73e70
0258edf8
fdbe94b0
faeb5ce8
01ed05d8
fb769220
03fa0dd8
065e3b58
fe5e3ee8
07138c08
fa41a0f0
0666dd18
fe49f0b0
f9aee5e8
fdab75a8
fc403cb4
fb0bbde0
027075c8
fd7c7ad8
ffa102d8
01be5228
014ea048
fca3bd60
026bd0b8
f9e5e638
f928cbe8
fa7ee668
fbd463c8
f987bdd8
fbff7fc8
f9e5df20
00fda998
05b1df78
00d4ebd8
fd22c750
fe9982a8
04a54bf8
024ef6b8
03066028
0514f068
0613d048
0574b188
063a0738
fe398e60
fafdb6b8
02d515d8
02711ae8
fdfa1dc0
fee6d758
00193de8
fdba0af8
01580f98
01f00fc8
fd8d3530
01d49488
ff7e8a80
fbde6a20
001711c0
0185d1a8
fce8be48
058db898
ffe97218
02275048
004829d8
fc3e5a2c
ffca2270
ffd5fc68
fa9667e0
fea56950
06b1ba58
fc14e4a0
fd60d660
03822ad8
051fede8
fc921bd0
ff48a460
f9e4f620
05b28cd8
01bd0ea8
fa478628
02b8f898
06ae7178
fbfabf50
fd5ef6d8
f91dfc18
04fb3618
fc7a66b4
fca2a584
04f05218
03c37d98
fefddfa8
05357018
fab102f0
fa777180
fea4b8a0
fe15d088
045b6998
f9353cd0
019cc488
fed42fe8
feef4058
fe500418
00182eb8
00497590
03f773f8
00f884f8
0523fbb8
fd721b38
0497aba8
fd210d38
fb8ea050
fd055088
ff7eefc8
fc5cb980
03d89b58
034bdaa8
fdbc58a8
fec45a90
fcf58628
055031c8
03fe9828
0420df88
fe619838
03be95e8
ff2f6e90
f9743350
0461f348
fd100958
ff6c6c50
fe1dca80
06306398
fbeb2840
0518f8a8
ff216050
04119688
fb65dc90
fd18b630
0527cb38
fbf70ec8
04c5d958
fe4489d8
03b7a6e8
fe2c3598
03e3fd38
fbf6acd0
01308d58
047b60b8
0188cb08
04c42728
054ea858
fee59f10
01799568
015ed5c8
fb9a4e00
05296d78
fd3fdf60
060fc7e8
fcb6a18c
ff9e69c0
01086c18
0464c898
048a5318
f95f36a0
fe8a7410
fe17d5f0
fefe1010
f9439798
fa090e08
fd23a070
f8ec7348
fd3ba060
0141fbd8
fc1ebe70
f96da3f0
02ec1888
0369f168
ff30ec40
02c05708
fb096df0
03afe9b8
00f7fe08
04686168
019e5008
fb3ddd40
fff69e20
06e29c08
fc24b8c4
fb03e670
fdc03f20
fbc30510
fc868090
061da3a8
fa4d4680
0361b908
fcfd2e98
ff3e1b50
fb49d860
ff3a7cc8
016d6108
0213b318
f97f0250
0145ebf8
06dea238
ff541318
ff8481b8
003bc4b0
05679d68
f9cf44c0
050792e8
01bfacb8
fe4454f8
0647dd18
020e1df8
fb994fb0
f9fc8520
022f9418
fc4ae130
f9202860
015965b8
fb351b30
ffcfd358
06e11538
00c661a8
06f00628
f9d8caf0
ffe75060
fcace648
06750538
0012e748
06a10418
fc5e32dc
06068ce8
05c7dcd8
f930c610
0048e568
052f8968
00899258
f9d47f80
fe6b8ce8
faa90318
0212d6a8
038fa518
002b1a50
fad3c240
06cf1b28
fbbce418
fbb30b60
fa3d0950
058ffa28
f9b65760
00ff6858
f98dc7d0
fe52efb8
ffbca688
0313df98
04fa61c8
04080538
fffe28e8
fd4058c0
fe1887a0
06f6fd78
faa0cdb8
fd302d18
016301e8
04218f68
051bebe8
017b48b8
055c6868
fc392c68
04b025e8
01cb6218
02538748
03f3d778
f9ecf150
ffc045a0
027857f8
05ac5bc8
fd2f79e0
ff88ed78
0262bfb8
fa08c2f8
ff8d30c8
fee309f8
ff9c6d70
f9b91a20
0243ba78
04f59cb8
fe15e9f8
06dbc4d8
06f45078
fffc5328
01e892e8
fdb97d78
06a78868
fc8ebdec
02a62708
fe2941f8
fbaf8c10
0103fa88
02f4f058
fdb28bb8
01b03218
0191cf38
00738458
0538d168
fa5ff2d0
00fc3ea8
04f84ee8
071830a8
01b506a8
0072ef50
03c21dc8
023d78b8
fe0501a0
023fb0f8
01877fe8
04aed7d8
fb731e20
043f1468
f9ef7610
0069a018
fc15fb60
059d4d88
03c71558
03d44398
06b17898
fcbbc354
00d1f498
057b8858
fdb17a88
00a82bd8
fa4664a0
ff1c58e0
fae786e0
061c0ea8
fd1d3e28
05b5d338
fb815760
01775458
fd86e340
05ca18a8
fd51c290
ff0fd7f0
fb2de7f0
0104f7a8
fef9e010
fb68eb60
05b68f58
03c7bcb8
04744ec8
fcd599d0
0070d5b0
01630c78
00a233e0
fa54a9e0
00006980
04944238
fb5b1b30
01440f08
064cf468
fc80bba8
fab4da30
fe6de980
fe00fa10
02350b08
fe9cd018
025a4c48
fb06b230
fb6d7000
04f8e818
fd2fe6e8
04899098
02a8f418
061206f8
fee30450
06a1a628
f946a7f8
049eddd8
fe4644f0
02496928
04336718
fd523088
04fb9098
fa5f7a38
feffdba0
045278e8
0275f508
070eaf58
fe3b1ac0
f936db10
023c9ff8
06194258
fca90258
043b8b18
fb0174b0
fe28d5d0
ffa0d968
003e6020
040d62b8
034f8168
042d7e68
01e57018
01d45be8
fce79b00
fb01be50
03d8ac38
02b36848
ff03ead8
fc59a904
fc37cad0
04553468
fc1688c0
fc8561ec
f9425e18
03631bf8
00922d68
05e50358
fcfcb750
028d2058
0388caa8
fc6caf68
fff66408
f9387180
0612f4b8
ffef5150
01a22a68
06716728
fcbe78f8
018c2918
039fe678
fd215fd8
05e3bf48
06a2b6e8
005ac880
012125b8
00176b40
fe1fb358
02085fe8
fd707630
04621928
0657f9b8
045caaf8
ffdb54d0
01b48418
037f7de8
02a7ecd8
03a09428
06b595d8
064606f8
02b937c8
048c6be8
068e4b98
068e7318
fcc5d470
01414db8
fa3f3490
06b4dfb8
fced8b38
f8f13750
fd482a10
06279378
001286b0
feecc900
0662f248
fa661bc8
035b9698
05c4eea8
06f9b8a8
06cff498
fd432e60
037a4598
f91cdc08
06efef28
fece8c18
06b72558
fa53d218
fa215648
050c5a68
fa8ce8e8
fbe52178
05f45ab8
fb488b70
fa491028
fc2d9eec
042a5528
fa495ee8
008c2da8
06c305d8
02ae1478
fa4b5470
fe8ef660
0134f958
024aa9d8
000c5ff0
03943a58
fe098af0
060690c8
03cd3fd8
fa073da0
01977398
00f7b5d8
05d3b098
fe447fa0
ff3bbe48
01ef7e18
000989d8
024b3ce8
fadfaa90
fbb43378
05cab1e8
02bb2828
02df3cf8
02b617b8
03c3c4e8
ff998bd0
fdaa5478
fc1d632c
046ae888
fbee78e8
fe761668
fd5fe5f0
04a140b8
0703c498
002b7d60
01cc6b28
005562f8
fa046318
0359ee08
fc744410
ff856498
f9c4aeb8
fcdcba6c
fb0e4988
fb661c10
01e46558
0233abe8
01985838
022fb8f8
06929ab8
feab0b90
fcc8f8ec
fcbc23b8
fd3a61e0
fa191840
00740b48
03113dd8
02656c08
0181dd38
016fece8
fc172ac4
fa6ff7f0
fca245e8
fa1a3bc8
fd73a258
fce93aa8
037e60e8
05cd2628
fca91f00
00efa338
fd2b6a80
058481e8
0602b468
ff802bd8
00ebef48
06e71198
05e21d58
00bf7420
ff1c0ac8
0350d0e8
fa5805f8
fe63f420
04796038
fed8a6c8
00ea8f78
fbb22d68
017ec108
fcd8b9f4
01729ec8
f9bc3e28
fc54c7e0
00305288
f9cea4d8
05c043b8
002ef860
05cbc438
fc27ce94
01837138
04dea1f8
fa4998e0
fae9bf90
fcdf55f8
ff35d280
040c37e8
03bbdb98
fff709a0
069dec18
fa1ec310
06290d28
fd49e548
03293838
f9ddd130
fb58c860
06f15ff8
fda01060
0580ec98
f9eb8df0
0468b3f8
fbd2bf38
05dcb448
fdb28bf0
fdbf27d8
05c34e18
058a1bf8
0099da68
fcdd7f1c
fae1a0f8
ff3f7900
05b93988
fdfd0958
03480ff8
fb82a120
f941b568
fadbf580
0276e978
05b8f158
fdc52860
fbc2cde0
ff1f4b78
025a6438
030f6df8
fca80060
029e1458
03ab4958
04bc8178
fcb7bd68
00772088
0450b2c8
fcba0370
fac3e470
fcb407ac
fe0dbfd0
f9b669b0
f98f03c8
fca8e3b4
017263a8
00c58800
020f5638
fad8f1e0
01abc2e8
00387a20
fc1eadc8
fc249f70
f9bb3430
fa40b410
048f4fc8
ffa759c8
ffebc718
054d2c88
ff92e540
ff3f8738
04cc7de8
044dc128
f96496d0
f8e4a8a8
03e7fd58
ff23c020
ff56de80
03e97108
ff58f970
044a8d48
03518348
fa7c9e10
0708d2c8
f9b9a4b8
fa0fabb8
027c2478
04af2138
053c5df8
ff173cf8
055316c8
0475d438
f9d2c688
f92347f8
01611e68
056eace8
039e2cd8
011b34e8
01601138
06a61618
fa7c7530
007c6848
faaad310
fe8b8bb8
fd078008
0262fe08
0432bb28
ff9f7c80
05360178
fc23aa20
00fff738
ffddb088
02a8e028
02a5cd58
fc7a8f94
06b3bae8
f962a610
fcde884c
fe4fbf20
f973b708
fbe8c000
05fe1778
0635bdb8
0187d988
ffdc7f38
fe8f62f8
03446588
03b74838
f9d9aeb8
fd1f9610
fbef8638
ff63e2a8
fa25d108
fb83e7a0
04973de8
070fab58
00d442b8
fe812b10
fcacd510
fa5fe2a0
f9405278
0037f6f8
f99a1e18
026e1b68
ffffdf58
fad892f0
0468cb48
fc54e350
f9b82d08
05f50488
067227d8
01a61a88
fc3f9c1c
fc0e0134
043ae848
fed12000
fc85df14
ffc48db8
fa7b8f30
ff4733e0
01883658
fc5ca3a0
ff5af8b8
ff495510
fa73cc00
fc144e24
061d5858
fb94ab80
06eda6b8
04b29b88
00a32a88
005c6880
fed780b8
fb016520
01037448
02f24fe8
fb2d4ac8
fe243568
00b880f0
fceefbd0
fad15a70
ff98e820
06cbcd68
fe548a68
fe09c190
03b66e48
fb2cc1a0
02ff1888
fca38fbc
fad34fc0
fc3001b8
fe5aa260
004564c0
ff61ccb8
00d24930
fa558718
f9765b40
061c9808
fdb27780
f9957e78
0259f4d8
fde73cc8
051c4f18
042f51d8
fe4a6b48
ffabe010
fa1c7940
ff239a08
03af9318
035c3088
f9970a28
fafd9410
ff2920d8
04b536f8
052e01d8
fd2c9240
f9f45118
ff031568
fea430e8
03e381e8
0636e118
fa0ef580
01857c48
04ad3748
06a1ab98
fd78e6f8
018edc98
fcbc4d40
f953cc00
f961a6c0
06ade4d8
0588ae28
04114928
fcbe784c
f9925038
fc0312f8
03d11058
02ffe938
042ed538
fff8f360
ff108b50
03aa32c8
000efb98
03c9d138
fc0050ac
fe580428
fc4b0e64
fe51de68
0659c018
f969b290
fa283af0
ff8af1a0
fcd3b4d8
063b41d8
06b5a668
fc106554
fd104cf8
00c45cf0
001b6ef0
04142648
036b8348
0681be98
fc998680
0274e418
00809d30
fb913880
05f09e58
fcc8d798
01626c58
01551618
069e3178
fa4fbda0
fd184fb0
02d4e218
05d7dff8
07082ca8
05a2d5c8
06d93398
024b2cc8
06fea708
05fbbf78
fea6e038
f9612b28
01f55838
005c6fb8
fc74632c
0112ec38
fe221b40
fdc736e0
015d88f8
02a81cc8
049519e8
f96a2550
06d9c9a8
00b8d2e0
025bc928
02104ff8
027516f8
07028ff8
fde2b7f0
040bddf8
04e9dbb8
0498e428
fe240600
053b3398
052529c8
fe302230
fc464958
fdfd1620
ff9ed0b0
057c1958
0385b568
0029a4f8
05ba61b8
00792eb8
fd15b260
ffb44750
fcdf0c20
ff0e36b8
064db858
fe1b26a0
ff3a37b8
01b049c8
fd13e0f0
05ca3cf8
0711c548
01244d68
ff468ff8
00515d68
fc120858
f99decd0
047181a8
00d0f0f0
06fa2d98
f93eec88
05ad87f8
f95507c0
ffd36818
018ad3a8
06671fd8
02eb0d68
f93afea0
f9fdf310
0562e0e8
02ceabe8
f9a89c80
061d32e8
0362be38
f8ec0658
0316e888
0008df28
fafdfb40
021b1ac8
00182e40
0424b698
019a3a18
feeb6668
f9724190
05c8aab8
04b585b8
ff0a2a60
06f64d58
ff28aac8
00ff8038
fc59dafc
fb0ff918
fcd0ae74
001f4bc8
0606d318
f8eff5d0
faf59290
fe4d3978
fb842190
062ad3c8
ffca55b8
038cbb08
ffd86838
fc28f36c
003a7da0
0719b938
fe4552d8
fd993b98
011ce698
fe6bd2a8
021bc168
fb2272a8
ff8e4f18
0541dce8
fd402a70
ff71aea0
ffd21e60
0587d7e8
ff588028
feec7eb8
fa5e0710
fab863d8
fed1e5c8
fdb9ed68
02428798
04868e98
02539898
f8ec57a0
0004f108
fe0a9640
fcf679f0
fceb73d0
00dd9bd0
fc47df5c
052ab1d8
057dcd38
00a5ec28
ff3ffc28
feab0ba8
fd221568
f8e60598
02dd4638
ff709418
0521db98
04dc7e28
064de5f8
03fef8a8
fa91cdb0
05431538
03e66778
02c026d8
006f02b8
fcd40f74
fedd66b8
03425128
fa0096b8
fba4d1a0
ff85f368
ff44bfa8
024d1458
01172d28
fab80d90
fefa7770
0296a8a8
063d4a08
00898358
00511a70
fcef0b40
052a0d78
fbca4740
ff1dbf38
00727f60
fbf8b4c8
faad81d8
fc0e2d2c
006942b0
0133d558
00a4bcf8
051537e8
fcee7450
fdfe2300
f9b26590
fcbd62c8
fcea7eb8
04aa5338
fa3944d0
03cd8bb8
039a86a8
fc5131b0
011fc378
03b92b28
00481348
ff90a4c8
040664e8
012bd7b8
ff4fde50
ff1f6c20
060c1e88
f985fa88
fba75680
fba52670
057612e8
02a524d8
ffe42090
05b9b6b8
00b4dcd8
03535108
05416348
fa481630
fbd71318
0046ed70
fca455d8
fb2ca588
fa4454c8
fd16ea00
068f28c8
05177508
ff2af428
ffb37250
02f34cc8
f96e2d88
06e4dd18
06348728
ffd43570
05992c48
03b03dc8
f9773c78
06baa0c8
f927bf08
f9848460
00e99c78
042652e8
064e7ee8
022090f8
0015b228
03fe7448
03b8e4c8
057d6ba8
070eee18
02911c28
ffaf5da0
fb5ee7f0
feccd758
01daad48
fe532358
fa40c240
fe8ce8c0
fd4d7008
04210a28
fac04698
0372f148
ff3a6a78
f9036328
00aff9f0
0279e058
fb64d020
fe323a58
ff768a18
070598c8
fd391880
fa29c530
fe608028
04018d88
01afffc8
04a98ad8
0209f668
05858d58
fb845b90
f9d6f268
06bc3ca8
0317d3d8
05afc488
00091398
fe7696d0
06ba5c98
0706bff8
0510be08
fc474ee0
028942f8
fdd2d208
f9ca5c48
fb2a5548
05f04f88
06892968
feb064c0
fa0837f0
fb517bb0
04dc11a8
fd3e8270
fcdad658
fbdc5ad8
032bb658
05bf4e98
022ba9d8
04013908
ffe549f8
fb487930
0602f208
01b4b328
06e4a5c8
fe7181d0
fd470200
028e16a8
faaa6b00
fd587ab0
04760738
fb9f1640
02497458
02adfa58
054e58d8
00604b00
fa88fc30
fe2d24e8
fb8999a0
011b29b8
f938bbb0
fbd9dbf0
ff8871a0
ff5b0a10
05792a48
047f6228
03f5ec28
008752d8
05ecb5d8
fdf633d0
fabef918
fa4b9a10
05b26088
05c7cd48
03a99dc8
fcdea52c
fa1fbc48
fae399b8
00eeab08
fda1e120
fae1ed80
04b75098
febb72d8
faeb6e70
fbf05e20
004c92d0
fde06b78
fb04f3c0
fd017798
0056bad0
fb1d7450
fd3698d0
ff9d84d8
03fe6f98
ffabfa48
06ffb588
06d67288
fe743390
0220c068
febf90a0
011dc5b8
0272a348
04f37818
fd79cf88
02e95f38
05e08858
fd27a590
02d22528
f9790fe0
043b73a8
03535c08
0266e578
05acf8e8
fcd80c98
fa3bc978
00f5a218
010c0a98
03f1a1a8
02b70cd8
fd55acb8
05128f48
fa728fb0
05a32018
fc7cf47c
060dd4b8
fc0da5cc
fe235cc0
f988d5d0
03550228
035e23b8
00487b90
fc155b58
fab0d348
001ff940
0626d858
00ebc288
00a94328
0503a768
ff9890b8
057d1f38
fde7f590
044428c8
ffd9a7f0
0322eb28
fe554d48
05480368
fc62c4b4
05a4f568
fb1f89f0
fff2f010
f9ecac20
fda5b2a0
fc3ea458
01648a88
ffe612a0
feea04d0
03ed0ec8
00436ee8
fc0a2a44
060f81b8
fce378a8
01e9f2d8
fd36e420
f9fe41b0
04b4a9b8
040c96a8
020a29b8
05db9d88
ffd6f448
066d1af8
fb2ad2e0
058f29d8
fc48a798
024700e8
02f81408
0395c908
070fd8d8
fe9e1c78
04851be8
05406be8
03bfb0c8
0604cd38
fa9c6a30
00273428
0193db68
f905ee28
001a4288
facb1760
066bfea8
fb31bac0
fab52b60
fe10daf8
0707f6c8
0296c518
00e24338
fb05e088
fde937c0
0188b728
01bb0378
fa04d5b0
fe951420
fe1fd100
fd0828d0
ff511528
fe215678
faed1db0
fe18c978
f9ce94c0
017fba28
00f11908
fe9241f0
fb655510
faddfbb0
029fe268
006d2fa0
fb2a1c00
04395648
fa966118
fcb4b794
faf100b8
04518288
052a93f8
04e43028
05e69958
fef624e8
013d1758
fda324d8
fef81850
febd50d0
fc55f110
fc01ef90
0662edf8
02e14a28
041e7808
03509b98
0311d1d8
fd179c58
04454888
fe222608
f9719650
fae6ff60
fc883354
02083698
fa86d4b0
fb491900
0343df98
fc0fbef8
ff6bb130
ff674320
ff2ff5b8
058bb438
04cdd168
05335cb8
fb250930
f9e74ef0
ffe1da88
fbed99d0
fa0d9800
0371ec18
03365888
05045f78
054d6118
f9c30598
06460388
02a24638
00eddc38
fa720e38
03448a88
ff6286a0
fc36bc48
00f93d18
0694c988
06a49a18
fd4ae9e8
fc8e0eac
fc64d718
fa392308
fcdbeaa4
05314ed8
04f1ae98
ffbfb540
f95791c0
047a2aa8
00779d78
06aff508
02dc59c8
00cbea98
fc423c38
05ed8918
fd505ba8
fa85d1a0
f8f84430
04fc2768
06c56e38
03b393e8
00d59338
fa5d11f8
036c5f08
fe155b40
028d33c8
f8f404c0
f8f16ad8
fe3f30a8
fe2c9638
02e82ec8
033656f8
056fa138
05c914a8
fd764300
05c37ff8
fc183214
f9fec368
06d5c498
ffce4b88
fd43ab70
06fe19a8
06a4c048
05e0afe8
0056a178
01a128b8
fcd152ec
fe812bc0
fcac200c
01fd3588
01e5e678
f9545ef0
fbd4e2d0
05230268
04b5d9c8
039c2668
066f4858
055695b8
ff4bf2b8
056dcfa8
00183ab0
fed5dd60
007aded0
fa157bf8
febb67f8
ff28d3c8
f9d122d8
0526e2c8
01c6df38
04320698
ff7dfc70
03595ae8
fc2069e4
01a2d4d8
fd416610
fb1072b0
0665a898
fcf603a8
03b94b28
fefe66e8
f9502c60
fff37688
02080738
fef4b568
0639aa48
f90b5a00
03e421d8
04cf7638
fe268500
055a1548
005eb3a8
010524b8
f9442cc0
fe5c1e68
05a2a808
fa44ce30
fe8b1b50
fe611488
02e52af8
fb2575f0
fbe93040
f9d7eef0
052087d8
05c64f28
00973830
fdea7798
00a50ed0
029f7008
fcac5124
fce8b1f8
fbafaff0
f9013a90
0459acd8
039ac748
fbaff520
00fb7dc8
015572d8
0332b688
00272b80
ffcfd420
0553a5e8
05a37328
fa4d06a8
fd31ae90
f9320c40
0124b998
f9b44d18
fa8cdae8
018aba78
01cbec58
06a77398
00a77d80
f97e4ce0
0564eab8
fba98018
ff1ed330
fae75ae0
0610c3c8
0155ef68
ff953a10
fcd2d9f4
06ed9208
00124a98
070c4038
fdddb228
fa754820
0029cb48
fec80568
0217afc8
065f1fb8
00726998
fbb73830
0339d698
fc795310
02ad2298
02d55588
041f11f8
041b8008
038925b8
03f33cf8
019ee2b8
018be8f8
039187d8
071352b8
f9e3b9b8
fc4ee1a8
063e17b8
02094148
ff9b9b38
01937218
002db170
00c90c30
fbf6f140
070e91c8
ff48b198
04e3da68
f9789930
02eace08
06aee6f8
035dbc58
fcb602f8
ff0c2e88
027d6918
ffbb12a0
fe3c2e40
fc31bc64
0678fc88
fac10a60
04ea5058
fe1b45b8
fff815d0
042a9cc8
fe726240
046693c8
fdc192f8
060332a8
fea99830
04c0fd38
fa1dbb70
ffa0f2f8
fdb5fe98
04925978
026b4778
026c2c28
00134e58
062e29e8
f9d2e980
fe560518
fd91c6f0
f92cbcd0
f9e5e2c8
f963b560
fbf5a510
ff2185c0
fbcebec0
fe3b6060
05ce9b48
06ad9c98
0684baf8
fd8b8cc0
ff1f0e48
03f57de8
ff7167e0
00c5acc0
00e71538
066312d8
017d4ce8
035facb8
fc26dfec
0007d230
01816a48
06c7daa8
03b7f418
fafd4650
f95b34b8
02ac7688
0667c6e8
ff4d3150
030db818
0419a338
fa51c008
00077840
fc800c84
06a94728
061c9a88
04350668
0662bc88
ff07cbc8
005678a0
fb46bac0
fb938220
01724228
01fad4e8
fd113f80
ffc2dff0
fe3f5068
fc4804e4
028ae968
023b6568
fc6b2f28
06706748
031d1c08
fc5ad9dc
0562c238
ff5350c0
f9eefb40
fa624ea0
0033a430
f92a3bd0
fa364118
03b77d88
ffc783c8
0411e5e8
02021618
fc4cf1e8
06b70d58
ff0e9e58
053594a8
06c82f68
fea8b1c0
04bbf918
02f9b828
019d8de8
fc743414
02225fb8
05834a18
fecc0ae0
001360c8
fcf21980
f967e8b0
fcd67cec
052c3b68
04a00d58
05e65648
04c8d088
027f85e8
06fd6ef8
01218638
fe135c50
02a4d0c8
000d0c48
0673aa68
fb72dd10
fec8bd38
ff1a0348
0141ed28
fa998800
f9f5bf40
0576cf28
00beee30
049fe138
fa1cfb18
063955a8
fc934ca8
fd27d6e0
059f49d8
013c2208
0668aba8
053bd628
05a89ff8
02b95da8
067d8638
00d97860
01133e18
03e47128
fd86dae8
f9902030
0542e778
00b95880
ff02cda8
fe439ea0
fed249d8
01a0e0e8
06f20a58
06c7b658
fdab5600
00c8ee00
057c59e8
00f2da78
f9fff858
00ebad18
05d4c558
fd75c548
fed890c8
fab883f0
fa12b6a8
003124a8
064f3da8
04d0ca28
03cfb9f8
fc444864
fa76d060
06ffac38
fc5c1408
067e5e08
fd5252b8
05add798
f97dabd8
04987758
fe683378
f95d1f38
fec5c608
fa198ef8
fced4cd0
00965650
fd742348
feab3630
fe061380
0199a188
068b5fa8
0161e4f8
038ebea8
fd7f0310
016a6088
fb2287e0
f9e033a0
fdd92268
035b7548
06917088
fe54a380
06c76648
045a4d18
070a2c68
02b0eed8
fc93cf94
f97aaa20
fbd7d4b0
05de4288
0709e238
fb1d8118
0110fe08
fa6beb78
fcd88ca4
0242be78
0669b048
0196bf58
061426a8
fb0b82e8
f97170c8
017e2358
00eab8d8
067899e8
fa7fcec0
fceb5810
fbd79678
fdef0e18
04217c18
fe7ac2e8
063ee098
00e2e820
03b35b28
fd844198
0315fe18
0334df48
05cce9b8
00ed51a8
fb6c4f40
f95ef950
fc6365bc
fb2bf9a0
fe67c9c0
fe73a7d8
008cbcb0
feb29278
06cdd388
047178c8
fedb4238
fb048e98
042c8688
0535c0b8
01bbb928
fd612a38
03325808
0619bbd8
01dd40d8
fd0b9840
06813b38
f92ecac8
ff273418
ff68d690
fabbde80
05f436f8
0224ae88
0566c628
fa5fcd80
ffa95368
010642c8
067958a8
f8ed5a68
06f77af8
0219ef18
05f85f58
035a73a8
019c3748
0352bdf8
03ca6308
0128fe18
fbf87520
fd425880
05c3c158
06774498
06a908b8
05614118
facdaed0
ffa48798
ffd3d0d0
fa46cf08
fb4dbba0
04954f88
fe33ae10
04da42f8
03e72788
031239d8
ff13ebe0
fa619528
f9ef1940
06860f88
071964d8
f9d90240
fc260f7c
fb1abd00
f992c810
033d1a28
fce90808
fa87e470
fe006bd0
04685118
f9484650
008689f0
0046a2d0
fe8d6a78
fd7ea500
036946e8
03544c08
031ee3d8
0374b0d8
00354dc0
05a46e48
f965b118
fe15eb50
058b2d58
03645078
05595578
069266e8
01adcbb8
fb7c8178
f9585330
fd8b2558
0679f8d8
f9869638
00a18930
ffcdae68
018fcc28
06b61708
fc21686c
fec05518
ff78b378
f9fb6ad8
fd081b48
ffa8a860
02dcdc88
fb083038
fa909718
fd134b20
fae69e00
043882f8
018f1618
059901a8
048191a8
fbdadc40
03dba6f8
fb295f30
fa0f22d0
ff0d6d98
ff421458
fb3d1ab0
012894f8
ff40c0a0
0684c168
fc4316c4
f9eedd98
fa6cd1d0
fbacd590
f9f94938
02218298
ff5b6720
0051e750
06853158
01733f18
fe05f310
00b41da0
fb46fe80
01eab888
f94c1678
ff70e8f0
01ec3b68
06dcb108
00cf14f8
05112ef8
fa127c40
faa6f498
05f7c6b8
fbf5e0f0
04c573a8
fe365008
00897690
04c93578
05a19188
fd9f8b20
fa702708
02d84f88
fe7afb90
06e86b28
0668e998
0660f888
fde0f8d8
021c69a8
06bc03a8
069cafe8
ffac5de8
00f98848
fbbca140
04b00ca8
032fa668
f91983d0
fedcefc8
fd788460
0307c5a8
0379a2a8
070ff5a8
fd3709c0
fc3cea94
fa1b7368
004958e8
fc9ec794
fd1f87c0
03078718
0424d0a8
f9ca07b0
05648a98
fdee85d0
f9f0f350
01411548
fe484990
04204728
fb133350
04707ee8
fb2ea828
04c81ef8
fce61018
ff7742c8
0510d398
038876e8
042afba8
04c66648
f9d4c6f0
fa7dc4b0
00df2df0
fe8ebcd8
f9521ec8
0598bc78
faec2308
06f72f08
06688f78
fa8a3b40
06b08ba8
018c3688
041124b8
fdebf8d0
0662fab8
ff0b0e78
01879c18
fc4a44f0
fa2ee8a0
ff09dcd8
ff4d7c80
f9ac0f10
ff619750
03048328
ff7b1660
f9c22140
04c6a238
05e57108
fdc92488
fe2655d0
fca12f7c
fed6e590
fadfc190
f9ae08d0
fb010710
fc428084
030e8ab8
fc7bb2e0
f93c2420
059e60f8
fe03d958
006a4800
0204ca28
fe854a18
0164b3d8
049661b8
0503d338
04a09648
fda10908
01722de8
fad6d080
01bd17d8
ff3e9c90
fe864ba0
fd99bc00
04ad92c8
f90c1858
02ea7908
058fed88
0302a8a8
ffe1eea0
f9df3d50
00eaf088
024bd468
05211338
f9a42870
030e3b38
0438bbd8
ffed6a38
00dfddc0
fefaa9d8
fb0fc090
031385c8
05534428
0696f138
fce211b8
fc72786c
0057ac20
04b74728
04ddd5f8
06fd9978
01718ea8
fca88cf8
fcd08840
f909bd38
fd0efd28
fd85f640
013b49d8
f94fd4e0
0351f5f8
0696ab08
fb905768
033c4c08
03362218
fbecfe20
fcaa8bb4
fd8a9388
fa4232f8
0471bbc8
fafe0e58
067e2608
ffe6eff8
00402918
fa17a170
fac27a68
068e3108
f93c9ed8
ff3afab8
02d0c138
05e55df8
05460c78
04e8dcb8
04b17708
011beb48
05d5c488
03419d38
0165b538
f954fbe0
f8f934a0
0436fe08
00fee7a8
0194ab68
ff4795d8
03d35b48
011ffe48
063f6cd8
064bcb38
fb330920
fa0a4490
fd396900
fe21a0c0
fa0ca790
fb748a80
060f11a8
fa5ca2f0
fbe816c0
fa9338c0
fb1484b8
fa4e2e80
fe328ca8
0560c968
0167d618
ff390d88
ff7b9ec0
fb4eabd0
023a0198
0340d1c8
00264ea0
017f69d8
0568c598
01177a58
06c03398
fd721138
0121ea78
fd628928
fc74fa50
fe8ede98
fe00c688
fa94c518
f97a6280
0076f338
f9a1a718
02d54098
01ea2d28
fcf7b218
ff3dcd20
008d3f48
f9e61818
fcfd5058
f9863608
fefdd788
fb44c460
07112408
02675b18
035541e8
fd95b088
04934a58
07021c78
036aac48
f9125ff8
05422258
f8e70500
007c8860
0272d9b8
01898d28
00cf7d90
016e2cc8
fb529050
fc78624c
04e8fe68
fb5cfe80
061aa3b8
f922e790
062384f8
fd481ef8
006d4d98
0086d508
034efe08
06fa1a88
ffd8b410
fc091b2c
04698b98
fd5631e0
00a19928
ff1c9610
fdd65370
fb0c1828
fd8c1de0
fd8fc388
f9717c38
fc3743e0
fad81a20
fa687c08
fefa7218
062f9408
051554c8
fcd88a18
069fb7a8
f9cbd150
fd24f028
0300d5e8
03d13008
ffbc9670
fc9bd26c
03cf3328
01733538
fe539168
030a2158
fe70fef8
027032d8
035dca68
01838468
fc64f4c0
04de5d58
fc620fe8
06216508
f98e36c8
f9089a08
0217f938
fdf2e8e8
f9497098
ffc92b00
ffdcfa10
ff8003d8
ff34e530
fdc8f270
ff8722d0
fe132a00
069d9258
fc676bc4
fb31eff0
febd5978
fd1ad858
f90c1420
04233e58
00279090
fd7bfd40
034d9e58
02f24c98
fceea410
f98bd8f8
fe03a048
fef1a228
02480c88
0285daa8
fed81388
00acc640
fd301e58
f9cf2da8
03f866b8
fa63b818
fd608b10
fad78468
05da4e88
04669098
0661b8a8
ffb37730
0470e5d8
006abd28
039d1638
fcdf378c
05544008
ffa6bd50
05db1648
fee22568
f9c157d0
fd73b838
faa6f240
fb093ca0
02a52388
05f470b8
fa710fb0
03ee57f8
01b62e88
04729b48
fc5631d0
ff22b558
039e4a68
01929fc8
fc54b5ac
061eb0d8
055c0f38
ff494268
fabfcde0
fd111868
020b0428
ff3e6fd0
fd2ec248
05cdff38
ff60ea28
facc8ca0
0704a498
f8f4f3f0
fbde04c0
02e65de8
01466be8
fee70058
04a98448
024ac918
0287ae68
05d0a778
fcaafcdc
00c14938
faf5aa90
fd26b490
fc3f08a4
fee668a0
fb7c3d60
03a5e178
fe2e2f38
01cff208
fc0e07a4
fe48bc48
012c8788
0323c518
0603f6b8
f97db848
fea33760
f9d90040
f9828450
0639c348
fbfea538
fdc9fb88
00b90088
0117ce68
036fc098
fe3cc668
00f31158
fd34dcf0
028a3b48
fbc707a8
06efcd88
fcc3ec78
01302a68
ff70c7a0
fac9f0a0
06df9518
027d8f28
fafab270
fcf74608
fd7fa468
0081d478
febb7ff0
fda95380
03c390c8
03b205e8
04a41628
04901588
04664978
06646ce8
fa2355d0
fa0fca08
050e5ce8
fd38f810
fa104dc0
034bcc08
058efc38
ff4ba9d8
02658e58
0123d0c8
03882a88
fa8f7c20
0002a4e0
041cf328
f9754310
fd807650
f9ddd9a0
05dab308
0453bd68
02c53d18
fea64368
f931bba0
02107438
04cad658
fcab4b60
fdc70208
ff17ca08
f9d152b8
03f8fcf8
0364d4b8
03cfe118
033fc2e8
fed53858
03adfe68
03e2cde8
052a7aa8
03ddf918
f8fa6890
06011eb8
ff76bfa0
fab30a70
fe8974a8
faa253a0
fb957c80
0696c828
036391e8
fed9c980
04e96018
05967b38
0381f558
00ca7338
fe239868
fcb3e494
070862b8
f90f7d70
04019fd8
03b43648
0717f758
0650ede8
fc97fdd0
01213c28
fd9a0a10
056d4148
ffbda4c0
fc4a6040
05ac8288
fe344918
fe890008
02106ed8
02a64d58
03dbc528
02c330e8
ff63bf08
fe55f018
fa6f03f0
ffbaa708
01374f98
053d9758
03463a38
ffb64540
02e02ef8
00083328
fb4e2b70
ff4658a8
f9eba5e8
03c23868
02589ce8
fff0cb00
fb647480
fafefb90
fb856dd8
fa02c970
f95b1710
fbc72d68
040245a8
fb21b888
0196eef8
ff135310
0457b0f8
fd8e83e8
f95d2d00
06434f58
003ac108
fb3a0420
fd2ced88
05bd1538
fa755790
05270bf8
fa0579d8
fda1bfb8
f9c5a9d0
04514828
01c6f258
fb3a60c0
fc1f07a0
067ed928
06819c28
fbeb4b50
016ada08
040ddc98
fb15e118
03457528
fffe47a8
fa06c070
ffd40c20
f8e6bd80
fdeb5978
fb1259b0
06c4b388
01b19ac8
05002ce8
ffce41c8
fe8472e0
02dab478
fb239db8
015a8ce8
022ddac8
fab6a250
057eb638
fb6267d0
00e162e0
0288f818
fe678720
036d8458
04e55118
fdba3e98
fa100320
fe6a7bd8
ffb16e58
ff763508
ff068df8
f9e37b00
fa904220
fc739b28
06c678a8
fb3cdf30
f94fb6e0
fb1a50c0
fa8fb530
01f65fb8
fce629a0
faf605d8
fcdfa6b4
fc6efc8c
ff7435d8
fbb6ea00
fae3ae20
01ba8248
01688988
f9638528
062e32c8
05a84d58
fca5f314
fb9ef880
fbee0bf8
fb903f18
05049018
ff41fc40
06371c88
02bfc1c8
00bd0620
fc7c5104
fc4f0188
032d3a98
05527328
f9d58cb8
0444c9c8
fb336a18
fd8c7d68
fd86f5c8
0123c6e8
00ef1cd8
f9f474f8
014e81a8
04e455c8
f9f49f80
01f5ea98
000ab808
fa16bf20
00c05190
0356ca98
06fbbb68
03598f38
05f855c8
06993108
fa3f8388
0655e6a8
f9537c28
02e0b258
00011a30
022b1258
05facba8
033a6918
faaa2448
fb98d510
fbc7bd70
fb83f940
f95de508
f99e4c70
0679d428
ff2d2138
01cd1b68
048d90c8
fdf56178
fc48d9c8
05cac2e8
04d89438
02f61038
01ae63e8
feb345d0
fc771208
02782bc8
ffb90b38
02a80d78
0459b558
fa7a6258
033d5cc8
fed15fb8
ff09e430
ffe0f5e0
06a3ce48
fdf5ff80
0366b728
fe0dc340
03b612c8
00b8a2b0
02dca3a8
01cfa388
0048a800
02346c08
fa493b78
fe770230
04182ff8
fdf31a90
003dc588
fb6dfd40
0118e0c8
ff437f28
041290b8
feada018
00f7e2c8
020767b8
fe7afec8
042f6178
00024e08
ffb551a0
02aae9d8
fa5cd320
f8f0a510
030db168
fd179178
fc1e8708
fa1f7cf8
fb634b58
01efb1f8
fba6bdb0
02d3b9e8
fee4e280
faeb0130
056e0e18
fa0909b8
fdd1f9d0
fd884e28
02be0008
06f00348
06e9e248
004f9130
fcd76c90
ffccb3e0
034dc988
fb4715a0
fc8eae7c
fd65b048
fd914900
057287b8
fd575e68
05cc7388
0355a4f8
018116d8
fcd8fe40
05bb2af8
fade4668
01ddb9c8
06b0f3e8
ff0ab730
025849b8
fb4dc7c0
02410858
06f43048
0330a228
fe1405e0
059ad4d8
04556e68
fa615ae0
fe87aa90
f9748ed0
fdf9e218
06f3c908
05944cd8
065d99c8
020ae278
055b29c8
fa108b48
02e5b778
06312a48
fe8c0488
03f5bad8
0441abc8
0647a958
041c0148
0694d598
f9e90db0
fdf70bf0
f9e0a0b0
fef86f78
0265bc68
0366a7d8
01034f88
fa19e140
fd32d770
ff65c888
04a82e28
fec46b50
00a05f18
faf79130
057485b8
01a767c8
01f596d8
fb18b6a0
044f22c8
faf30d20
01d6ab58
fd76ee40
ff529fd0
fb5269b0
03824a28
ff59cd70
01ec1668
01be4d08
065a40f8
fef6cf98
fe3a0f70
fd907be0
04a28218
fe28ca60
ff471190
f944d3c0
04b81b98
0051ae78
ff5d29a8
06a55218
0428edc8
05ec5598
057c4a58
fb9c1a50
06b87028
03f05798
02a890b8
fb292370
06d1a668
040eb778
fcc8fccc
00d2e720
f964fbc0
024c7cd8
01bce2f8
fdb3e1e0
05c2a8f8
ff109530
04070db8
00d598e0
fb7beae0
ff792370
ff3ee650
ffab19f8
059ef9a8
ffbe4a00
0518d858
004ea670
0111e528
fa9ab250
006cd100
fc886a30
0119bc78
06883d08
0090f360
f9d30198
02125f88
02cebc48
02ba1d38
04cc5a98
061fcf38
fefe4bb8
00b65870
fa77c378
fc6670c8
fab3da20
05ebe0c8
fcda33fc
03f80688
021df388
002ea888
fbfcf770
ff2b19b0
fcf78ab0
0675c6b8
00db0328
022584f8
f9e75678
ff3313c0
fb81ae40
fdc8bfe8
05f93d38
fd208d98
fc3db278
0471bdc8
fe0fd2c8
06411448
01e4d398
0023fa98
021d2ef8
01a5ec58
00cf9b38
02328eb8
04fcd818
f9ae5ce0
fd228690
fe301ea0
fcdb0b88
0556b768
f9013d70
000689e8
fa672df8
f9261c98
ff4d2538
fc78b2b4
fb82ace0
fd1efb78
fe202f10
fc21cc98
06c263f8
02bf28c8
ff73deb0
f8fe98e8
fd80e5d0
fd62dbc8
050ebaa8
002dc5e0
03b6e208
fa1613e0
ff726f18
0131b9f8
05905058
02cd0f98
fc1cabd4
fa8e2780
fd76dbd0
fbdae6f0
fa155fe0
febe2580
028923d8
f9f911b0
02393698
fad30b58
001671f0
fc2a299c
fae94cd8
fa05a1f0
06bb35c8
00782730
fc18eaa8
00fd0628
f97d4ba8
01f785b8
00efc038
f9b32440
0372d618
050c5d48
00e76e48
f9d1f848
ffbfcd70
05b33a68
fb768f78
06183ce8
04bcd718
03314868
039b3ee8
fac84e88
fc9ced60
ff14b3e0
fc06cd60
f96b4ef0
0029dc28
05c475d8
0543a0c8
fda85b30
feebb1d0
05d6d9a8
f8ef62c8
fd8ddfa8
ffdd4de8
06582db8
faa9a670
fed84d98
0270cd48
fbc99770
02e3d228
fd5d8a08
035ee0d8
007bf900
05bf7828
06fe7cd8
0097a378
00d7c378
fa783450
03ac90b8
017bb598
ff1265a0
02813058
fed61058
053bbc08
05810808
01a44658
053bf5c8
fac91588
04e3bb18
f94f6328
fe3eaa60
011c4938
ff4e3468
03c39d58
04323918
037f81f8
04ac6e58
fa10d520
fde00610
02a09408
007772f0
fb5d2710
06b826d8
fb0dbaf0
05256538
f9175630
f94f1850
f9cf18b0
fd742298
033e0998
024cf808
01c54c58
0360fc18
f9ce5750
f93ae088
fb9f6150
f9582da8
059682a8
fd382728
01137188
00cc40a8
f9d0a858
0380efc8
fcf3d480
04f9c088
04914508
033d35d8
fc1a1680
02c5cfe8
06400ba8
06657168
033a11a8
01f8b038
fdac2638
06a859e8
f9e7e468
fd926fd8
fcc335c8
05899478
fee22b88
003cdd70
fbb3fbf0
fc7f462c
ff74e7f8
00dddd58
ff69f2c0
fc556bb0
fc0110b0
04808098
04e517a8
ff9fe618
053530e8
06c90ff8
02f69198
fd07cd50
0399fff8
fee5b710
fe91e5e0
ff314f50
00b59138
fe62dd80
00173580
fd646c70
05917f88
062112a8
056d0e18
04220f28
02580ff8
069cd938
059709b8
04be55a8
028c7af8
fc03a820
06e6cee8
00a10758
00f0eed8
06616cf8
fa8b0dd0
050ffae8
01784198
06eeca88
0088af58
fbbf31b0
04c80768
067ff2b8
fb626b90
ffa40fa8
00b22738
fd0ab828
f8e897e8
037cb598
009f8f18
06863f68
fa526f60
02dc8718
03093aa8
fd554100
f999ed90
fa6efac0
fdd303c8
05be1608
fcafdc90
03b61198
0595da18
026ca948
fc39b300
04ddae18
fa57ec18
fc3fe484
ffae1538
047fd7e8
fa9d6968
02cd2228
03155ad8
fda51060
0443b468
067fd5e8
02410bb8
03df5f28
069f3fb8
0658a6f8
06c40ed8
01cb00c8
fdf269a8
f9e7f180
040e82e8
fe6df228
06282998
021d5bb8
fb3dd780
fca0ddc0
fad2b580
012d8da8
fdae3680
046db768
020f7ec8
0128e678
02150798
0456b8a8
f9445580
0710a258
01258cc8
05718488
fba07180
ffaf8f60
040c92b8
f9428ea0
fe8d9ce0
fb7d5d60
f9572d78
fb636aa8
0012fed8
fe98eaf0
01aa9fd8
fb235a18
059b9b18
ff230d30
06de3868
fdb62b90
fca04ff0
fac12278
fd0235b8
ff66de10
fe9b39c0
fb2c1680
03adba78
03f32438
f9f9fb40
f9dc7be8
fcb90fac
f9293030
fbeaf2d0
fc717800
fa91b4b8
fff830e8
fe847450
0651f448
fa0ae790
06d64bf8
f99c8490
fff04568
f9308a70
00a05858
fbb6fb90
fdca6fc8
fa13ef48
ffc34890
fee683b8
069ed5a8
02950c48
038f6f38
04091cf8
032e98b8
ff0217e0
00c29760
020ad0d8
0253a478
fccd9c14
fbc5fd00
fa63ea10
fe552330
01e85e08
fa33cdf8
01b48838
02de4268
05256358
f9cdcb10
00e5f668
fb705b30
04c8d8f8
0385a0d8
fa39f698
069c0738
fbdce790
fa34e2d0
03d9c418
fa3948e8
06bd8178
05c0db38
03a72e18
0481c088
06640dd8
03fef588
0656eac8
fb94d460
fd4ec330
fa2ad408
fa368f10
fc4458d4
01d48ea8
052974e8
fe8abe08
ff18dce0
feabb1d0
0506de78
fa4ea8a8
f9516970
fb9aa2d0
02a8f2e8
fcd685cc
04f48938
fa0ec2f0
fd75e608
010781f8
03c2c128
ffa286a0
ffe952e0
0444a178
05749d08
fb448aa0
fe093418
f9b6bb50
fdd54b60
0056bed0
03f59638
033f60a8
062e89d8
fa2fc560
060fa678
014fb858
037643d8
faaa3c80
06d29cd8
faa7b108
feda6738
fe548e28
fd166010
04e87178
fa4c5250
fa4bfc38
ff057888
fd188b18
018f8528
035dc258
fb1ce348
07164628
06b5f0b8
070672f8
fc8bac34
f94c0d60
fef87060
ff7a8308
06496f38
02a8a808
ffff4688
044345f8
0309acb8
ff47a3b8
02810128
025cda98
fc0ea990
fa6ecd88
fcf73110
06cd4418
018cb0a8
fac10f08
04525a08
ffc9a3d0
0025a708
fcd3f0ec
05b4f418
0122b388
0156a588
fbd08dc0
063b8e58
fb4287c0
038ad3d8
03bc62a8
fec8e3f8
fc1bb6f4
fe9c2cc0
