mix_id,mix_label,n_tasks,goal,rank,excluded,scheduler,dispatch_order,goal_value,makespan_cycles,mean_turnaround_cycles,mean_wait_cycles,max_turnaround_cycles,max_wait_cycles,weighted_score,luts,ffs,power_dynamic_w,fmax_mhz_post_synth,mean_turnaround_us,throughput_tasks_per_s,energy_uJ,hw_status,timing_source,hw_source,note
mix1,Workload mix 1,3,makespan,1,False,HRRN,T0->T2->T1,58596.000000,58596,26322.7,6790.7,58596,15888,3.0000,2941,1002,0.126,6.5,4049.64,332.8,1135.861,ok,model,measured (Vivado 2025.2 OOC),
mix1,Workload mix 1,3,makespan,2,False,SJF,T0->T2->T1,58596.000000,58596,26322.7,6790.7,58596,15888,3.0000,1999,1050,0.018,20.3,1296.68,1039.3,51.957,ok,model,measured (Vivado 2025.2 OOC),
mix1,Workload mix 1,3,makespan,3,False,SRTF,T0->T2->T1,58596.000000,58596,26322.7,6790.7,58596,15888,3.0000,1854,490,0.018,21.1,1247.52,1080.3,49.987,ok,model,measured (Vivado 2025.2 OOC),
mix1,Workload mix 1,3,makespan,4,False,AIMT,T0->T1->T2,58596.000000,58596,36757.3,17225.3,58596,47192,4.9330,3417,6565,0.025,86.7,423.96,4438.9,16.896,ok,model,measured (Vivado 2025.2 OOC),164 CRITICAL WARNING(s) in synthesis -- see AIMT_vivado.log
mix1,Workload mix 1,3,makespan,5,False,BATCHDNN,T0->T1->T2,58596.000000,58596,36757.3,17225.3,58596,47192,4.9330,4657,6529,0.079,10.7,3435.26,547.8,432.625,ok,model,measured (Vivado 2025.2 OOC),200 CRITICAL WARNING(s) in synthesis -- see BATCHDNN_vivado.log
mix1,Workload mix 1,3,makespan,6,False,BATCHDNN_PP,T0->T1->T2,58596.000000,58596,36757.3,17225.3,58596,47192,4.9330,,,,,,,,unavailable,model,measured (Vivado 2025.2 OOC),"STALE: last successful synthesis (2026-07-28 17:31) predates the multi-driven-reset fix; that netlist had current_batch/slice_remaining tied to GND, so its numbers do not describe the current RTL. Re-synthesis OOM-killed 4x on this machine: sampled peak was 14.9/15GB RAM with swap fully exhausted, i.e. Vivado needs ~12GB for this module. Re-run scripts/synth_scheduler_hw.py --only BATCHDNN_PP on a host with more swap."
mix1,Workload mix 1,3,makespan,7,False,EDF,T0->T1->T2,58596.000000,58596,36757.3,17225.3,58596,47192,4.9330,2374,1050,0.024,19.0,1934.60,972.8,74.016,ok,model,measured (Vivado 2025.2 OOC),
mix1,Workload mix 1,3,makespan,8,False,FIFO,T0->T1->T2,58596.000000,58596,36757.3,17225.3,58596,47192,4.9330,1501,1050,0.011,106.6,344.82,5457.7,6.046,ok,model,measured (Vivado 2025.2 OOC),
mix1,Workload mix 1,3,makespan,9,False,LRU,T0->T1->T2,58596.000000,58596,36757.3,17225.3,58596,47192,4.9330,3035,1594,0.027,19.2,1914.44,983.0,82.401,ok,model,measured (Vivado 2025.2 OOC),
mix1,Workload mix 1,3,makespan,10,False,MLFQ,T0->T1->T2,58596.000000,58596,36757.3,17225.3,58596,47192,4.9330,2295,1044,0.024,90.9,404.37,4653.9,15.471,ok,model,measured (Vivado 2025.2 OOC),
mix1,Workload mix 1,3,makespan,11,False,MLQ,T0->T1->T2,58596.000000,58596,36757.3,17225.3,58596,47192,4.9330,755,490,0.008,112.4,327.02,5754.7,4.171,ok,model,measured (Vivado 2025.2 OOC),
mix1,Workload mix 1,3,makespan,12,False,RR,T0->T1->T2,58596.000000,58596,36757.3,17225.3,58596,47192,4.9330,1594,1070,0.013,93.4,393.55,4781.9,8.156,ok,model,measured (Vivado 2025.2 OOC),
mix1,Workload mix 1,3,makespan,13,False,LIFO,T2->T1->T0,58596.000000,58596,41370.7,21838.7,58596,54112,5.7877,1516,1050,0.012,111.1,372.37,5688.1,6.329,ok,model,measured (Vivado 2025.2 OOC),
mix1,Workload mix 1,3,makespan,14,False,PRI,T2->T1->T0,58596.000000,58596,41370.7,21838.7,58596,54112,5.7877,1663,1050,0.020,41.7,992.10,2135.0,28.104,ok,model,measured (Vivado 2025.2 OOC),
mix1,Workload mix 1,3,turnaround,1,False,HRRN,T0->T2->T1,26322.666667,58596,26322.7,6790.7,58596,15888,3.0000,2941,1002,0.126,6.5,4049.64,332.8,1135.861,ok,model,measured (Vivado 2025.2 OOC),
mix1,Workload mix 1,3,turnaround,2,False,SJF,T0->T2->T1,26322.666667,58596,26322.7,6790.7,58596,15888,3.0000,1999,1050,0.018,20.3,1296.68,1039.3,51.957,ok,model,measured (Vivado 2025.2 OOC),
mix1,Workload mix 1,3,turnaround,3,False,SRTF,T0->T2->T1,26322.666667,58596,26322.7,6790.7,58596,15888,3.0000,1854,490,0.018,21.1,1247.52,1080.3,49.987,ok,model,measured (Vivado 2025.2 OOC),
mix1,Workload mix 1,3,turnaround,4,False,AIMT,T0->T1->T2,36757.333333,58596,36757.3,17225.3,58596,47192,4.9330,3417,6565,0.025,86.7,423.96,4438.9,16.896,ok,model,measured (Vivado 2025.2 OOC),164 CRITICAL WARNING(s) in synthesis -- see AIMT_vivado.log
mix1,Workload mix 1,3,turnaround,5,False,BATCHDNN,T0->T1->T2,36757.333333,58596,36757.3,17225.3,58596,47192,4.9330,4657,6529,0.079,10.7,3435.26,547.8,432.625,ok,model,measured (Vivado 2025.2 OOC),200 CRITICAL WARNING(s) in synthesis -- see BATCHDNN_vivado.log
mix1,Workload mix 1,3,turnaround,6,False,BATCHDNN_PP,T0->T1->T2,36757.333333,58596,36757.3,17225.3,58596,47192,4.9330,,,,,,,,unavailable,model,measured (Vivado 2025.2 OOC),"STALE: last successful synthesis (2026-07-28 17:31) predates the multi-driven-reset fix; that netlist had current_batch/slice_remaining tied to GND, so its numbers do not describe the current RTL. Re-synthesis OOM-killed 4x on this machine: sampled peak was 14.9/15GB RAM with swap fully exhausted, i.e. Vivado needs ~12GB for this module. Re-run scripts/synth_scheduler_hw.py --only BATCHDNN_PP on a host with more swap."
mix1,Workload mix 1,3,turnaround,7,False,EDF,T0->T1->T2,36757.333333,58596,36757.3,17225.3,58596,47192,4.9330,2374,1050,0.024,19.0,1934.60,972.8,74.016,ok,model,measured (Vivado 2025.2 OOC),
mix1,Workload mix 1,3,turnaround,8,False,FIFO,T0->T1->T2,36757.333333,58596,36757.3,17225.3,58596,47192,4.9330,1501,1050,0.011,106.6,344.82,5457.7,6.046,ok,model,measured (Vivado 2025.2 OOC),
mix1,Workload mix 1,3,turnaround,9,False,LRU,T0->T1->T2,36757.333333,58596,36757.3,17225.3,58596,47192,4.9330,3035,1594,0.027,19.2,1914.44,983.0,82.401,ok,model,measured (Vivado 2025.2 OOC),
mix1,Workload mix 1,3,turnaround,10,False,MLFQ,T0->T1->T2,36757.333333,58596,36757.3,17225.3,58596,47192,4.9330,2295,1044,0.024,90.9,404.37,4653.9,15.471,ok,model,measured (Vivado 2025.2 OOC),
mix1,Workload mix 1,3,turnaround,11,False,MLQ,T0->T1->T2,36757.333333,58596,36757.3,17225.3,58596,47192,4.9330,755,490,0.008,112.4,327.02,5754.7,4.171,ok,model,measured (Vivado 2025.2 OOC),
mix1,Workload mix 1,3,turnaround,12,False,RR,T0->T1->T2,36757.333333,58596,36757.3,17225.3,58596,47192,4.9330,1594,1070,0.013,93.4,393.55,4781.9,8.156,ok,model,measured (Vivado 2025.2 OOC),
mix1,Workload mix 1,3,turnaround,13,False,LIFO,T2->T1->T0,41370.666667,58596,41370.7,21838.7,58596,54112,5.7877,1516,1050,0.012,111.1,372.37,5688.1,6.329,ok,model,measured (Vivado 2025.2 OOC),
mix1,Workload mix 1,3,turnaround,14,False,PRI,T2->T1->T0,41370.666667,58596,41370.7,21838.7,58596,54112,5.7877,1663,1050,0.020,41.7,992.10,2135.0,28.104,ok,model,measured (Vivado 2025.2 OOC),
mix1,Workload mix 1,3,turnaround_us,1,False,MLQ,T0->T1->T2,327.022539,58596,36757.3,17225.3,58596,47192,4.9330,755,490,0.008,112.4,327.02,5754.7,4.171,ok,model,measured (Vivado 2025.2 OOC),
mix1,Workload mix 1,3,turnaround_us,2,False,FIFO,T0->T1->T2,344.815510,58596,36757.3,17225.3,58596,47192,4.9330,1501,1050,0.011,106.6,344.82,5457.7,6.046,ok,model,measured (Vivado 2025.2 OOC),
mix1,Workload mix 1,3,turnaround_us,3,False,LIFO,T2->T1->T0,372.373237,58596,41370.7,21838.7,58596,54112,5.7877,1516,1050,0.012,111.1,372.37,5688.1,6.329,ok,model,measured (Vivado 2025.2 OOC),
mix1,Workload mix 1,3,turnaround_us,4,False,RR,T0->T1->T2,393.547466,58596,36757.3,17225.3,58596,47192,4.9330,1594,1070,0.013,93.4,393.55,4781.9,8.156,ok,model,measured (Vivado 2025.2 OOC),
mix1,Workload mix 1,3,turnaround_us,5,False,MLFQ,T0->T1->T2,404.371104,58596,36757.3,17225.3,58596,47192,4.9330,2295,1044,0.024,90.9,404.37,4653.9,15.471,ok,model,measured (Vivado 2025.2 OOC),
mix1,Workload mix 1,3,turnaround_us,6,False,AIMT,T0->T1->T2,423.960015,58596,36757.3,17225.3,58596,47192,4.9330,3417,6565,0.025,86.7,423.96,4438.9,16.896,ok,model,measured (Vivado 2025.2 OOC),164 CRITICAL WARNING(s) in synthesis -- see AIMT_vivado.log
mix1,Workload mix 1,3,turnaround_us,7,False,PRI,T2->T1->T0,992.102318,58596,41370.7,21838.7,58596,54112,5.7877,1663,1050,0.020,41.7,992.10,2135.0,28.104,ok,model,measured (Vivado 2025.2 OOC),
mix1,Workload mix 1,3,turnaround_us,8,False,SRTF,T0->T2->T1,1247.519747,58596,26322.7,6790.7,58596,15888,3.0000,1854,490,0.018,21.1,1247.52,1080.3,49.987,ok,model,measured (Vivado 2025.2 OOC),
mix1,Workload mix 1,3,turnaround_us,9,False,SJF,T0->T2->T1,1296.683087,58596,26322.7,6790.7,58596,15888,3.0000,1999,1050,0.018,20.3,1296.68,1039.3,51.957,ok,model,measured (Vivado 2025.2 OOC),
mix1,Workload mix 1,3,turnaround_us,10,False,LRU,T0->T1->T2,1914.444444,58596,36757.3,17225.3,58596,47192,4.9330,3035,1594,0.027,19.2,1914.44,983.0,82.401,ok,model,measured (Vivado 2025.2 OOC),
mix1,Workload mix 1,3,turnaround_us,11,False,EDF,T0->T1->T2,1934.596491,58596,36757.3,17225.3,58596,47192,4.9330,2374,1050,0.024,19.0,1934.60,972.8,74.016,ok,model,measured (Vivado 2025.2 OOC),
mix1,Workload mix 1,3,turnaround_us,12,False,BATCHDNN,T0->T1->T2,3435.264798,58596,36757.3,17225.3,58596,47192,4.9330,4657,6529,0.079,10.7,3435.26,547.8,432.625,ok,model,measured (Vivado 2025.2 OOC),200 CRITICAL WARNING(s) in synthesis -- see BATCHDNN_vivado.log
mix1,Workload mix 1,3,turnaround_us,13,False,HRRN,T0->T2->T1,4049.641026,58596,26322.7,6790.7,58596,15888,3.0000,2941,1002,0.126,6.5,4049.64,332.8,1135.861,ok,model,measured (Vivado 2025.2 OOC),
mix1,Workload mix 1,3,turnaround_us,,True,BATCHDNN_PP,T0->T1->T2,,58596,36757.3,17225.3,58596,47192,4.9330,,,,,,,,unavailable,model,measured (Vivado 2025.2 OOC),"STALE: last successful synthesis (2026-07-28 17:31) predates the multi-driven-reset fix; that netlist had current_batch/slice_remaining tied to GND, so its numbers do not describe the current RTL. Re-synthesis OOM-killed 4x on this machine: sampled peak was 14.9/15GB RAM with swap fully exhausted, i.e. Vivado needs ~12GB for this module. Re-run scripts/synth_scheduler_hw.py --only BATCHDNN_PP on a host with more swap."
mix1,Workload mix 1,3,wait,1,False,HRRN,T0->T2->T1,6790.666667,58596,26322.7,6790.7,58596,15888,3.0000,2941,1002,0.126,6.5,4049.64,332.8,1135.861,ok,model,measured (Vivado 2025.2 OOC),
mix1,Workload mix 1,3,wait,2,False,SJF,T0->T2->T1,6790.666667,58596,26322.7,6790.7,58596,15888,3.0000,1999,1050,0.018,20.3,1296.68,1039.3,51.957,ok,model,measured (Vivado 2025.2 OOC),
mix1,Workload mix 1,3,wait,3,False,SRTF,T0->T2->T1,6790.666667,58596,26322.7,6790.7,58596,15888,3.0000,1854,490,0.018,21.1,1247.52,1080.3,49.987,ok,model,measured (Vivado 2025.2 OOC),
mix1,Workload mix 1,3,wait,4,False,AIMT,T0->T1->T2,17225.333333,58596,36757.3,17225.3,58596,47192,4.9330,3417,6565,0.025,86.7,423.96,4438.9,16.896,ok,model,measured (Vivado 2025.2 OOC),164 CRITICAL WARNING(s) in synthesis -- see AIMT_vivado.log
mix1,Workload mix 1,3,wait,5,False,BATCHDNN,T0->T1->T2,17225.333333,58596,36757.3,17225.3,58596,47192,4.9330,4657,6529,0.079,10.7,3435.26,547.8,432.625,ok,model,measured (Vivado 2025.2 OOC),200 CRITICAL WARNING(s) in synthesis -- see BATCHDNN_vivado.log
mix1,Workload mix 1,3,wait,6,False,BATCHDNN_PP,T0->T1->T2,17225.333333,58596,36757.3,17225.3,58596,47192,4.9330,,,,,,,,unavailable,model,measured (Vivado 2025.2 OOC),"STALE: last successful synthesis (2026-07-28 17:31) predates the multi-driven-reset fix; that netlist had current_batch/slice_remaining tied to GND, so its numbers do not describe the current RTL. Re-synthesis OOM-killed 4x on this machine: sampled peak was 14.9/15GB RAM with swap fully exhausted, i.e. Vivado needs ~12GB for this module. Re-run scripts/synth_scheduler_hw.py --only BATCHDNN_PP on a host with more swap."
mix1,Workload mix 1,3,wait,7,False,EDF,T0->T1->T2,17225.333333,58596,36757.3,17225.3,58596,47192,4.9330,2374,1050,0.024,19.0,1934.60,972.8,74.016,ok,model,measured (Vivado 2025.2 OOC),
mix1,Workload mix 1,3,wait,8,False,FIFO,T0->T1->T2,17225.333333,58596,36757.3,17225.3,58596,47192,4.9330,1501,1050,0.011,106.6,344.82,5457.7,6.046,ok,model,measured (Vivado 2025.2 OOC),
mix1,Workload mix 1,3,wait,9,False,LRU,T0->T1->T2,17225.333333,58596,36757.3,17225.3,58596,47192,4.9330,3035,1594,0.027,19.2,1914.44,983.0,82.401,ok,model,measured (Vivado 2025.2 OOC),
mix1,Workload mix 1,3,wait,10,False,MLFQ,T0->T1->T2,17225.333333,58596,36757.3,17225.3,58596,47192,4.9330,2295,1044,0.024,90.9,404.37,4653.9,15.471,ok,model,measured (Vivado 2025.2 OOC),
mix1,Workload mix 1,3,wait,11,False,MLQ,T0->T1->T2,17225.333333,58596,36757.3,17225.3,58596,47192,4.9330,755,490,0.008,112.4,327.02,5754.7,4.171,ok,model,measured (Vivado 2025.2 OOC),
mix1,Workload mix 1,3,wait,12,False,RR,T0->T1->T2,17225.333333,58596,36757.3,17225.3,58596,47192,4.9330,1594,1070,0.013,93.4,393.55,4781.9,8.156,ok,model,measured (Vivado 2025.2 OOC),
mix1,Workload mix 1,3,wait,13,False,LIFO,T2->T1->T0,21838.666667,58596,41370.7,21838.7,58596,54112,5.7877,1516,1050,0.012,111.1,372.37,5688.1,6.329,ok,model,measured (Vivado 2025.2 OOC),
mix1,Workload mix 1,3,wait,14,False,PRI,T2->T1->T0,21838.666667,58596,41370.7,21838.7,58596,54112,5.7877,1663,1050,0.020,41.7,992.10,2135.0,28.104,ok,model,measured (Vivado 2025.2 OOC),
mix1,Workload mix 1,3,throughput,1,False,MLQ,T0->T1->T2,5754.659021,58596,36757.3,17225.3,58596,47192,4.9330,755,490,0.008,112.4,327.02,5754.7,4.171,ok,model,measured (Vivado 2025.2 OOC),
mix1,Workload mix 1,3,throughput,2,False,LIFO,T2->T1->T0,5688.101577,58596,41370.7,21838.7,58596,54112,5.7877,1516,1050,0.012,111.1,372.37,5688.1,6.329,ok,model,measured (Vivado 2025.2 OOC),
mix1,Workload mix 1,3,throughput,3,False,FIFO,T0->T1->T2,5457.710424,58596,36757.3,17225.3,58596,47192,4.9330,1501,1050,0.011,106.6,344.82,5457.7,6.046,ok,model,measured (Vivado 2025.2 OOC),
mix1,Workload mix 1,3,throughput,4,False,RR,T0->T1->T2,4781.896375,58596,36757.3,17225.3,58596,47192,4.9330,1594,1070,0.013,93.4,393.55,4781.9,8.156,ok,model,measured (Vivado 2025.2 OOC),
mix1,Workload mix 1,3,throughput,5,False,MLFQ,T0->T1->T2,4653.901290,58596,36757.3,17225.3,58596,47192,4.9330,2295,1044,0.024,90.9,404.37,4653.9,15.471,ok,model,measured (Vivado 2025.2 OOC),
mix1,Workload mix 1,3,throughput,6,False,AIMT,T0->T1->T2,4438.869547,58596,36757.3,17225.3,58596,47192,4.9330,3417,6565,0.025,86.7,423.96,4438.9,16.896,ok,model,measured (Vivado 2025.2 OOC),164 CRITICAL WARNING(s) in synthesis -- see AIMT_vivado.log
mix1,Workload mix 1,3,throughput,7,False,PRI,T2->T1->T0,2134.958018,58596,41370.7,21838.7,58596,54112,5.7877,1663,1050,0.020,41.7,992.10,2135.0,28.104,ok,model,measured (Vivado 2025.2 OOC),
mix1,Workload mix 1,3,throughput,8,False,SRTF,T0->T2->T1,1080.278517,58596,26322.7,6790.7,58596,15888,3.0000,1854,490,0.018,21.1,1247.52,1080.3,49.987,ok,model,measured (Vivado 2025.2 OOC),
mix1,Workload mix 1,3,throughput,9,False,SJF,T0->T2->T1,1039.320090,58596,26322.7,6790.7,58596,15888,3.0000,1999,1050,0.018,20.3,1296.68,1039.3,51.957,ok,model,measured (Vivado 2025.2 OOC),
mix1,Workload mix 1,3,throughput,10,False,LRU,T0->T1->T2,983.002253,58596,36757.3,17225.3,58596,47192,4.9330,3035,1594,0.027,19.2,1914.44,983.0,82.401,ok,model,measured (Vivado 2025.2 OOC),
mix1,Workload mix 1,3,throughput,11,False,EDF,T0->T1->T2,972.762646,58596,36757.3,17225.3,58596,47192,4.9330,2374,1050,0.024,19.0,1934.60,972.8,74.016,ok,model,measured (Vivado 2025.2 OOC),
mix1,Workload mix 1,3,throughput,12,False,BATCHDNN,T0->T1->T2,547.818964,58596,36757.3,17225.3,58596,47192,4.9330,4657,6529,0.079,10.7,3435.26,547.8,432.625,ok,model,measured (Vivado 2025.2 OOC),200 CRITICAL WARNING(s) in synthesis -- see BATCHDNN_vivado.log
mix1,Workload mix 1,3,throughput,13,False,HRRN,T0->T2->T1,332.787221,58596,26322.7,6790.7,58596,15888,3.0000,2941,1002,0.126,6.5,4049.64,332.8,1135.861,ok,model,measured (Vivado 2025.2 OOC),
mix1,Workload mix 1,3,throughput,,True,BATCHDNN_PP,T0->T1->T2,,58596,36757.3,17225.3,58596,47192,4.9330,,,,,,,,unavailable,model,measured (Vivado 2025.2 OOC),"STALE: last successful synthesis (2026-07-28 17:31) predates the multi-driven-reset fix; that netlist had current_batch/slice_remaining tied to GND, so its numbers do not describe the current RTL. Re-synthesis OOM-killed 4x on this machine: sampled peak was 14.9/15GB RAM with swap fully exhausted, i.e. Vivado needs ~12GB for this module. Re-run scripts/synth_scheduler_hw.py --only BATCHDNN_PP on a host with more swap."
mix1,Workload mix 1,3,area,1,False,MLQ,T0->T1->T2,755.000000,58596,36757.3,17225.3,58596,47192,4.9330,755,490,0.008,112.4,327.02,5754.7,4.171,ok,model,measured (Vivado 2025.2 OOC),
mix1,Workload mix 1,3,area,2,False,FIFO,T0->T1->T2,1501.000000,58596,36757.3,17225.3,58596,47192,4.9330,1501,1050,0.011,106.6,344.82,5457.7,6.046,ok,model,measured (Vivado 2025.2 OOC),
mix1,Workload mix 1,3,area,3,False,LIFO,T2->T1->T0,1516.000000,58596,41370.7,21838.7,58596,54112,5.7877,1516,1050,0.012,111.1,372.37,5688.1,6.329,ok,model,measured (Vivado 2025.2 OOC),
mix1,Workload mix 1,3,area,4,False,RR,T0->T1->T2,1594.000000,58596,36757.3,17225.3,58596,47192,4.9330,1594,1070,0.013,93.4,393.55,4781.9,8.156,ok,model,measured (Vivado 2025.2 OOC),
mix1,Workload mix 1,3,area,5,False,PRI,T2->T1->T0,1663.000000,58596,41370.7,21838.7,58596,54112,5.7877,1663,1050,0.020,41.7,992.10,2135.0,28.104,ok,model,measured (Vivado 2025.2 OOC),
mix1,Workload mix 1,3,area,6,False,SRTF,T0->T2->T1,1854.000000,58596,26322.7,6790.7,58596,15888,3.0000,1854,490,0.018,21.1,1247.52,1080.3,49.987,ok,model,measured (Vivado 2025.2 OOC),
mix1,Workload mix 1,3,area,7,False,SJF,T0->T2->T1,1999.000000,58596,26322.7,6790.7,58596,15888,3.0000,1999,1050,0.018,20.3,1296.68,1039.3,51.957,ok,model,measured (Vivado 2025.2 OOC),
mix1,Workload mix 1,3,area,8,False,MLFQ,T0->T1->T2,2295.000000,58596,36757.3,17225.3,58596,47192,4.9330,2295,1044,0.024,90.9,404.37,4653.9,15.471,ok,model,measured (Vivado 2025.2 OOC),
mix1,Workload mix 1,3,area,9,False,EDF,T0->T1->T2,2374.000000,58596,36757.3,17225.3,58596,47192,4.9330,2374,1050,0.024,19.0,1934.60,972.8,74.016,ok,model,measured (Vivado 2025.2 OOC),
mix1,Workload mix 1,3,area,10,False,HRRN,T0->T2->T1,2941.000000,58596,26322.7,6790.7,58596,15888,3.0000,2941,1002,0.126,6.5,4049.64,332.8,1135.861,ok,model,measured (Vivado 2025.2 OOC),
mix1,Workload mix 1,3,area,11,False,LRU,T0->T1->T2,3035.000000,58596,36757.3,17225.3,58596,47192,4.9330,3035,1594,0.027,19.2,1914.44,983.0,82.401,ok,model,measured (Vivado 2025.2 OOC),
mix1,Workload mix 1,3,area,12,False,AIMT,T0->T1->T2,3417.000000,58596,36757.3,17225.3,58596,47192,4.9330,3417,6565,0.025,86.7,423.96,4438.9,16.896,ok,model,measured (Vivado 2025.2 OOC),164 CRITICAL WARNING(s) in synthesis -- see AIMT_vivado.log
mix1,Workload mix 1,3,area,13,False,BATCHDNN,T0->T1->T2,4657.000000,58596,36757.3,17225.3,58596,47192,4.9330,4657,6529,0.079,10.7,3435.26,547.8,432.625,ok,model,measured (Vivado 2025.2 OOC),200 CRITICAL WARNING(s) in synthesis -- see BATCHDNN_vivado.log
mix1,Workload mix 1,3,area,,True,BATCHDNN_PP,T0->T1->T2,,58596,36757.3,17225.3,58596,47192,4.9330,,,,,,,,unavailable,model,measured (Vivado 2025.2 OOC),"STALE: last successful synthesis (2026-07-28 17:31) predates the multi-driven-reset fix; that netlist had current_batch/slice_remaining tied to GND, so its numbers do not describe the current RTL. Re-synthesis OOM-killed 4x on this machine: sampled peak was 14.9/15GB RAM with swap fully exhausted, i.e. Vivado needs ~12GB for this module. Re-run scripts/synth_scheduler_hw.py --only BATCHDNN_PP on a host with more swap."
mix1,Workload mix 1,3,power,1,False,MLQ,T0->T1->T2,0.008000,58596,36757.3,17225.3,58596,47192,4.9330,755,490,0.008,112.4,327.02,5754.7,4.171,ok,model,measured (Vivado 2025.2 OOC),
mix1,Workload mix 1,3,power,2,False,FIFO,T0->T1->T2,0.011000,58596,36757.3,17225.3,58596,47192,4.9330,1501,1050,0.011,106.6,344.82,5457.7,6.046,ok,model,measured (Vivado 2025.2 OOC),
mix1,Workload mix 1,3,power,3,False,LIFO,T2->T1->T0,0.012000,58596,41370.7,21838.7,58596,54112,5.7877,1516,1050,0.012,111.1,372.37,5688.1,6.329,ok,model,measured (Vivado 2025.2 OOC),
mix1,Workload mix 1,3,power,4,False,RR,T0->T1->T2,0.013000,58596,36757.3,17225.3,58596,47192,4.9330,1594,1070,0.013,93.4,393.55,4781.9,8.156,ok,model,measured (Vivado 2025.2 OOC),
mix1,Workload mix 1,3,power,5,False,SJF,T0->T2->T1,0.018000,58596,26322.7,6790.7,58596,15888,3.0000,1999,1050,0.018,20.3,1296.68,1039.3,51.957,ok,model,measured (Vivado 2025.2 OOC),
mix1,Workload mix 1,3,power,6,False,SRTF,T0->T2->T1,0.018000,58596,26322.7,6790.7,58596,15888,3.0000,1854,490,0.018,21.1,1247.52,1080.3,49.987,ok,model,measured (Vivado 2025.2 OOC),
mix1,Workload mix 1,3,power,7,False,PRI,T2->T1->T0,0.020000,58596,41370.7,21838.7,58596,54112,5.7877,1663,1050,0.020,41.7,992.10,2135.0,28.104,ok,model,measured (Vivado 2025.2 OOC),
mix1,Workload mix 1,3,power,8,False,EDF,T0->T1->T2,0.024000,58596,36757.3,17225.3,58596,47192,4.9330,2374,1050,0.024,19.0,1934.60,972.8,74.016,ok,model,measured (Vivado 2025.2 OOC),
mix1,Workload mix 1,3,power,9,False,MLFQ,T0->T1->T2,0.024000,58596,36757.3,17225.3,58596,47192,4.9330,2295,1044,0.024,90.9,404.37,4653.9,15.471,ok,model,measured (Vivado 2025.2 OOC),
mix1,Workload mix 1,3,power,10,False,AIMT,T0->T1->T2,0.025000,58596,36757.3,17225.3,58596,47192,4.9330,3417,6565,0.025,86.7,423.96,4438.9,16.896,ok,model,measured (Vivado 2025.2 OOC),164 CRITICAL WARNING(s) in synthesis -- see AIMT_vivado.log
mix1,Workload mix 1,3,power,11,False,LRU,T0->T1->T2,0.027000,58596,36757.3,17225.3,58596,47192,4.9330,3035,1594,0.027,19.2,1914.44,983.0,82.401,ok,model,measured (Vivado 2025.2 OOC),
mix1,Workload mix 1,3,power,12,False,BATCHDNN,T0->T1->T2,0.079000,58596,36757.3,17225.3,58596,47192,4.9330,4657,6529,0.079,10.7,3435.26,547.8,432.625,ok,model,measured (Vivado 2025.2 OOC),200 CRITICAL WARNING(s) in synthesis -- see BATCHDNN_vivado.log
mix1,Workload mix 1,3,power,13,False,HRRN,T0->T2->T1,0.126000,58596,26322.7,6790.7,58596,15888,3.0000,2941,1002,0.126,6.5,4049.64,332.8,1135.861,ok,model,measured (Vivado 2025.2 OOC),
mix1,Workload mix 1,3,power,,True,BATCHDNN_PP,T0->T1->T2,,58596,36757.3,17225.3,58596,47192,4.9330,,,,,,,,unavailable,model,measured (Vivado 2025.2 OOC),"STALE: last successful synthesis (2026-07-28 17:31) predates the multi-driven-reset fix; that netlist had current_batch/slice_remaining tied to GND, so its numbers do not describe the current RTL. Re-synthesis OOM-killed 4x on this machine: sampled peak was 14.9/15GB RAM with swap fully exhausted, i.e. Vivado needs ~12GB for this module. Re-run scripts/synth_scheduler_hw.py --only BATCHDNN_PP on a host with more swap."
mix1,Workload mix 1,3,weighted,1,False,HRRN,T0->T2->T1,3.000000,58596,26322.7,6790.7,58596,15888,3.0000,2941,1002,0.126,6.5,4049.64,332.8,1135.861,ok,model,measured (Vivado 2025.2 OOC),
mix1,Workload mix 1,3,weighted,2,False,SJF,T0->T2->T1,3.000000,58596,26322.7,6790.7,58596,15888,3.0000,1999,1050,0.018,20.3,1296.68,1039.3,51.957,ok,model,measured (Vivado 2025.2 OOC),
mix1,Workload mix 1,3,weighted,3,False,SRTF,T0->T2->T1,3.000000,58596,26322.7,6790.7,58596,15888,3.0000,1854,490,0.018,21.1,1247.52,1080.3,49.987,ok,model,measured (Vivado 2025.2 OOC),
mix1,Workload mix 1,3,weighted,4,False,AIMT,T0->T1->T2,4.933033,58596,36757.3,17225.3,58596,47192,4.9330,3417,6565,0.025,86.7,423.96,4438.9,16.896,ok,model,measured (Vivado 2025.2 OOC),164 CRITICAL WARNING(s) in synthesis -- see AIMT_vivado.log
mix1,Workload mix 1,3,weighted,5,False,BATCHDNN,T0->T1->T2,4.933033,58596,36757.3,17225.3,58596,47192,4.9330,4657,6529,0.079,10.7,3435.26,547.8,432.625,ok,model,measured (Vivado 2025.2 OOC),200 CRITICAL WARNING(s) in synthesis -- see BATCHDNN_vivado.log
mix1,Workload mix 1,3,weighted,6,False,BATCHDNN_PP,T0->T1->T2,4.933033,58596,36757.3,17225.3,58596,47192,4.9330,,,,,,,,unavailable,model,measured (Vivado 2025.2 OOC),"STALE: last successful synthesis (2026-07-28 17:31) predates the multi-driven-reset fix; that netlist had current_batch/slice_remaining tied to GND, so its numbers do not describe the current RTL. Re-synthesis OOM-killed 4x on this machine: sampled peak was 14.9/15GB RAM with swap fully exhausted, i.e. Vivado needs ~12GB for this module. Re-run scripts/synth_scheduler_hw.py --only BATCHDNN_PP on a host with more swap."
mix1,Workload mix 1,3,weighted,7,False,EDF,T0->T1->T2,4.933033,58596,36757.3,17225.3,58596,47192,4.9330,2374,1050,0.024,19.0,1934.60,972.8,74.016,ok,model,measured (Vivado 2025.2 OOC),
mix1,Workload mix 1,3,weighted,8,False,FIFO,T0->T1->T2,4.933033,58596,36757.3,17225.3,58596,47192,4.9330,1501,1050,0.011,106.6,344.82,5457.7,6.046,ok,model,measured (Vivado 2025.2 OOC),
mix1,Workload mix 1,3,weighted,9,False,LRU,T0->T1->T2,4.933033,58596,36757.3,17225.3,58596,47192,4.9330,3035,1594,0.027,19.2,1914.44,983.0,82.401,ok,model,measured (Vivado 2025.2 OOC),
mix1,Workload mix 1,3,weighted,10,False,MLFQ,T0->T1->T2,4.933033,58596,36757.3,17225.3,58596,47192,4.9330,2295,1044,0.024,90.9,404.37,4653.9,15.471,ok,model,measured (Vivado 2025.2 OOC),
mix1,Workload mix 1,3,weighted,11,False,MLQ,T0->T1->T2,4.933033,58596,36757.3,17225.3,58596,47192,4.9330,755,490,0.008,112.4,327.02,5754.7,4.171,ok,model,measured (Vivado 2025.2 OOC),
mix1,Workload mix 1,3,weighted,12,False,RR,T0->T1->T2,4.933033,58596,36757.3,17225.3,58596,47192,4.9330,1594,1070,0.013,93.4,393.55,4781.9,8.156,ok,model,measured (Vivado 2025.2 OOC),
mix1,Workload mix 1,3,weighted,13,False,LIFO,T2->T1->T0,5.787657,58596,41370.7,21838.7,58596,54112,5.7877,1516,1050,0.012,111.1,372.37,5688.1,6.329,ok,model,measured (Vivado 2025.2 OOC),
mix1,Workload mix 1,3,weighted,14,False,PRI,T2->T1->T0,5.787657,58596,41370.7,21838.7,58596,54112,5.7877,1663,1050,0.020,41.7,992.10,2135.0,28.104,ok,model,measured (Vivado 2025.2 OOC),
mix2,Workload mix 2,4,makespan,1,False,SJF,T1->T3->T0->T2,84037.000000,84037,28268.5,7259.2,84037,18865,3.0000,1999,1050,0.018,20.3,1392.54,966.2,74.516,ok,model,measured (Vivado 2025.2 OOC),
mix2,Workload mix 2,4,makespan,2,False,SRTF,T1->T3->T0->T2,84037.000000,84037,28268.5,7259.2,84037,18865,3.0000,1854,490,0.018,21.1,1339.74,1004.3,71.690,ok,model,measured (Vivado 2025.2 OOC),
mix2,Workload mix 2,4,makespan,3,False,HRRN,T0->T1->T3->T2,84037.000000,84037,31479.0,10469.8,84037,18865,3.5558,2941,1002,0.126,6.5,4842.92,309.4,1629.025,ok,model,measured (Vivado 2025.2 OOC),
mix2,Workload mix 2,4,makespan,4,False,AIMT,T0->T1->T2->T3,84037.000000,84037,46167.0,25157.8,84037,77617,6.0988,3417,6565,0.025,86.7,532.49,4126.8,24.232,ok,model,measured (Vivado 2025.2 OOC),164 CRITICAL WARNING(s) in synthesis -- see AIMT_vivado.log
mix2,Workload mix 2,4,makespan,5,False,BATCHDNN,T0->T1->T2->T3,84037.000000,84037,46167.0,25157.8,84037,77617,6.0988,4657,6529,0.079,10.7,4314.67,509.3,620.460,ok,model,measured (Vivado 2025.2 OOC),200 CRITICAL WARNING(s) in synthesis -- see BATCHDNN_vivado.log
mix2,Workload mix 2,4,makespan,6,False,BATCHDNN_PP,T0->T1->T2->T3,84037.000000,84037,46167.0,25157.8,84037,77617,6.0988,,,,,,,,unavailable,model,measured (Vivado 2025.2 OOC),"STALE: last successful synthesis (2026-07-28 17:31) predates the multi-driven-reset fix; that netlist had current_batch/slice_remaining tied to GND, so its numbers do not describe the current RTL. Re-synthesis OOM-killed 4x on this machine: sampled peak was 14.9/15GB RAM with swap fully exhausted, i.e. Vivado needs ~12GB for this module. Re-run scripts/synth_scheduler_hw.py --only BATCHDNN_PP on a host with more swap."
mix2,Workload mix 2,4,makespan,7,False,EDF,T0->T1->T2->T3,84037.000000,84037,46167.0,25157.8,84037,77617,6.0988,2374,1050,0.024,19.0,2429.84,904.4,106.152,ok,model,measured (Vivado 2025.2 OOC),
mix2,Workload mix 2,4,makespan,8,False,FIFO,T0->T1->T2->T3,84037.000000,84037,46167.0,25157.8,84037,77617,6.0988,1501,1050,0.011,106.6,433.09,5074.0,8.672,ok,model,measured (Vivado 2025.2 OOC),
mix2,Workload mix 2,4,makespan,9,False,LRU,T0->T1->T2->T3,84037.000000,84037,46167.0,25157.8,84037,77617,6.0988,3035,1594,0.027,19.2,2404.53,913.9,118.177,ok,model,measured (Vivado 2025.2 OOC),
mix2,Workload mix 2,4,makespan,10,False,MLFQ,T0->T1->T2->T3,84037.000000,84037,46167.0,25157.8,84037,77617,6.0988,2295,1044,0.024,90.9,507.89,4326.7,22.188,ok,model,measured (Vivado 2025.2 OOC),
mix2,Workload mix 2,4,makespan,11,False,MLQ,T0->T1->T2->T3,84037.000000,84037,46167.0,25157.8,84037,77617,6.0988,755,490,0.008,112.4,410.74,5350.0,5.981,ok,model,measured (Vivado 2025.2 OOC),
mix2,Workload mix 2,4,makespan,12,False,RR,T0->T1->T2->T3,84037.000000,84037,46167.0,25157.8,84037,77617,6.0988,1594,1070,0.013,93.4,494.29,4445.7,11.697,ok,model,measured (Vivado 2025.2 OOC),
mix2,Workload mix 2,4,makespan,13,False,LIFO,T3->T2->T1->T0,84037.000000,84037,58879.2,37870.0,84037,73468,8.2996,1516,1050,0.012,111.1,529.97,5288.1,9.077,ok,model,measured (Vivado 2025.2 OOC),
mix2,Workload mix 2,4,makespan,14,False,PRI,T3->T2->T1->T0,84037.000000,84037,58879.2,37870.0,84037,73468,8.2996,1663,1050,0.020,41.7,1411.97,1984.8,40.306,ok,model,measured (Vivado 2025.2 OOC),
mix2,Workload mix 2,4,turnaround,1,False,SJF,T1->T3->T0->T2,28268.500000,84037,28268.5,7259.2,84037,18865,3.0000,1999,1050,0.018,20.3,1392.54,966.2,74.516,ok,model,measured (Vivado 2025.2 OOC),
mix2,Workload mix 2,4,turnaround,2,False,SRTF,T1->T3->T0->T2,28268.500000,84037,28268.5,7259.2,84037,18865,3.0000,1854,490,0.018,21.1,1339.74,1004.3,71.690,ok,model,measured (Vivado 2025.2 OOC),
mix2,Workload mix 2,4,turnaround,3,False,HRRN,T0->T1->T3->T2,31479.000000,84037,31479.0,10469.8,84037,18865,3.5558,2941,1002,0.126,6.5,4842.92,309.4,1629.025,ok,model,measured (Vivado 2025.2 OOC),
mix2,Workload mix 2,4,turnaround,4,False,AIMT,T0->T1->T2->T3,46167.000000,84037,46167.0,25157.8,84037,77617,6.0988,3417,6565,0.025,86.7,532.49,4126.8,24.232,ok,model,measured (Vivado 2025.2 OOC),164 CRITICAL WARNING(s) in synthesis -- see AIMT_vivado.log
mix2,Workload mix 2,4,turnaround,5,False,BATCHDNN,T0->T1->T2->T3,46167.000000,84037,46167.0,25157.8,84037,77617,6.0988,4657,6529,0.079,10.7,4314.67,509.3,620.460,ok,model,measured (Vivado 2025.2 OOC),200 CRITICAL WARNING(s) in synthesis -- see BATCHDNN_vivado.log
mix2,Workload mix 2,4,turnaround,6,False,BATCHDNN_PP,T0->T1->T2->T3,46167.000000,84037,46167.0,25157.8,84037,77617,6.0988,,,,,,,,unavailable,model,measured (Vivado 2025.2 OOC),"STALE: last successful synthesis (2026-07-28 17:31) predates the multi-driven-reset fix; that netlist had current_batch/slice_remaining tied to GND, so its numbers do not describe the current RTL. Re-synthesis OOM-killed 4x on this machine: sampled peak was 14.9/15GB RAM with swap fully exhausted, i.e. Vivado needs ~12GB for this module. Re-run scripts/synth_scheduler_hw.py --only BATCHDNN_PP on a host with more swap."
mix2,Workload mix 2,4,turnaround,7,False,EDF,T0->T1->T2->T3,46167.000000,84037,46167.0,25157.8,84037,77617,6.0988,2374,1050,0.024,19.0,2429.84,904.4,106.152,ok,model,measured (Vivado 2025.2 OOC),
mix2,Workload mix 2,4,turnaround,8,False,FIFO,T0->T1->T2->T3,46167.000000,84037,46167.0,25157.8,84037,77617,6.0988,1501,1050,0.011,106.6,433.09,5074.0,8.672,ok,model,measured (Vivado 2025.2 OOC),
mix2,Workload mix 2,4,turnaround,9,False,LRU,T0->T1->T2->T3,46167.000000,84037,46167.0,25157.8,84037,77617,6.0988,3035,1594,0.027,19.2,2404.53,913.9,118.177,ok,model,measured (Vivado 2025.2 OOC),
mix2,Workload mix 2,4,turnaround,10,False,MLFQ,T0->T1->T2->T3,46167.000000,84037,46167.0,25157.8,84037,77617,6.0988,2295,1044,0.024,90.9,507.89,4326.7,22.188,ok,model,measured (Vivado 2025.2 OOC),
mix2,Workload mix 2,4,turnaround,11,False,MLQ,T0->T1->T2->T3,46167.000000,84037,46167.0,25157.8,84037,77617,6.0988,755,490,0.008,112.4,410.74,5350.0,5.981,ok,model,measured (Vivado 2025.2 OOC),
mix2,Workload mix 2,4,turnaround,12,False,RR,T0->T1->T2->T3,46167.000000,84037,46167.0,25157.8,84037,77617,6.0988,1594,1070,0.013,93.4,494.29,4445.7,11.697,ok,model,measured (Vivado 2025.2 OOC),
mix2,Workload mix 2,4,turnaround,13,False,LIFO,T3->T2->T1->T0,58879.250000,84037,58879.2,37870.0,84037,73468,8.2996,1516,1050,0.012,111.1,529.97,5288.1,9.077,ok,model,measured (Vivado 2025.2 OOC),
mix2,Workload mix 2,4,turnaround,14,False,PRI,T3->T2->T1->T0,58879.250000,84037,58879.2,37870.0,84037,73468,8.2996,1663,1050,0.020,41.7,1411.97,1984.8,40.306,ok,model,measured (Vivado 2025.2 OOC),
mix2,Workload mix 2,4,turnaround_us,1,False,MLQ,T0->T1->T2->T3,410.738434,84037,46167.0,25157.8,84037,77617,6.0988,755,490,0.008,112.4,410.74,5350.0,5.981,ok,model,measured (Vivado 2025.2 OOC),
mix2,Workload mix 2,4,turnaround_us,2,False,FIFO,T0->T1->T2->T3,433.086304,84037,46167.0,25157.8,84037,77617,6.0988,1501,1050,0.011,106.6,433.09,5074.0,8.672,ok,model,measured (Vivado 2025.2 OOC),
mix2,Workload mix 2,4,turnaround_us,3,False,RR,T0->T1->T2->T3,494.293362,84037,46167.0,25157.8,84037,77617,6.0988,1594,1070,0.013,93.4,494.29,4445.7,11.697,ok,model,measured (Vivado 2025.2 OOC),
mix2,Workload mix 2,4,turnaround_us,4,False,MLFQ,T0->T1->T2->T3,507.887789,84037,46167.0,25157.8,84037,77617,6.0988,2295,1044,0.024,90.9,507.89,4326.7,22.188,ok,model,measured (Vivado 2025.2 OOC),
mix2,Workload mix 2,4,turnaround_us,5,False,LIFO,T3->T2->T1->T0,529.966247,84037,58879.2,37870.0,84037,73468,8.2996,1516,1050,0.012,111.1,529.97,5288.1,9.077,ok,model,measured (Vivado 2025.2 OOC),
mix2,Workload mix 2,4,turnaround_us,6,False,AIMT,T0->T1->T2->T3,532.491349,84037,46167.0,25157.8,84037,77617,6.0988,3417,6565,0.025,86.7,532.49,4126.8,24.232,ok,model,measured (Vivado 2025.2 OOC),164 CRITICAL WARNING(s) in synthesis -- see AIMT_vivado.log
mix2,Workload mix 2,4,turnaround_us,7,False,SRTF,T1->T3->T0->T2,1339.739336,84037,28268.5,7259.2,84037,18865,3.0000,1854,490,0.018,21.1,1339.74,1004.3,71.690,ok,model,measured (Vivado 2025.2 OOC),
mix2,Workload mix 2,4,turnaround_us,8,False,SJF,T1->T3->T0->T2,1392.536946,84037,28268.5,7259.2,84037,18865,3.0000,1999,1050,0.018,20.3,1392.54,966.2,74.516,ok,model,measured (Vivado 2025.2 OOC),
mix2,Workload mix 2,4,turnaround_us,9,False,PRI,T3->T2->T1->T0,1411.972422,84037,58879.2,37870.0,84037,73468,8.2996,1663,1050,0.020,41.7,1411.97,1984.8,40.306,ok,model,measured (Vivado 2025.2 OOC),
mix2,Workload mix 2,4,turnaround_us,10,False,LRU,T0->T1->T2->T3,2404.531250,84037,46167.0,25157.8,84037,77617,6.0988,3035,1594,0.027,19.2,2404.53,913.9,118.177,ok,model,measured (Vivado 2025.2 OOC),
mix2,Workload mix 2,4,turnaround_us,11,False,EDF,T0->T1->T2->T3,2429.842105,84037,46167.0,25157.8,84037,77617,6.0988,2374,1050,0.024,19.0,2429.84,904.4,106.152,ok,model,measured (Vivado 2025.2 OOC),
mix2,Workload mix 2,4,turnaround_us,12,False,BATCHDNN,T0->T1->T2->T3,4314.672897,84037,46167.0,25157.8,84037,77617,6.0988,4657,6529,0.079,10.7,4314.67,509.3,620.460,ok,model,measured (Vivado 2025.2 OOC),200 CRITICAL WARNING(s) in synthesis -- see BATCHDNN_vivado.log
mix2,Workload mix 2,4,turnaround_us,13,False,HRRN,T0->T1->T3->T2,4842.923077,84037,31479.0,10469.8,84037,18865,3.5558,2941,1002,0.126,6.5,4842.92,309.4,1629.025,ok,model,measured (Vivado 2025.2 OOC),
mix2,Workload mix 2,4,turnaround_us,,True,BATCHDNN_PP,T0->T1->T2->T3,,84037,46167.0,25157.8,84037,77617,6.0988,,,,,,,,unavailable,model,measured (Vivado 2025.2 OOC),"STALE: last successful synthesis (2026-07-28 17:31) predates the multi-driven-reset fix; that netlist had current_batch/slice_remaining tied to GND, so its numbers do not describe the current RTL. Re-synthesis OOM-killed 4x on this machine: sampled peak was 14.9/15GB RAM with swap fully exhausted, i.e. Vivado needs ~12GB for this module. Re-run scripts/synth_scheduler_hw.py --only BATCHDNN_PP on a host with more swap."
mix2,Workload mix 2,4,wait,1,False,SJF,T1->T3->T0->T2,7259.250000,84037,28268.5,7259.2,84037,18865,3.0000,1999,1050,0.018,20.3,1392.54,966.2,74.516,ok,model,measured (Vivado 2025.2 OOC),
mix2,Workload mix 2,4,wait,2,False,SRTF,T1->T3->T0->T2,7259.250000,84037,28268.5,7259.2,84037,18865,3.0000,1854,490,0.018,21.1,1339.74,1004.3,71.690,ok,model,measured (Vivado 2025.2 OOC),
mix2,Workload mix 2,4,wait,3,False,HRRN,T0->T1->T3->T2,10469.750000,84037,31479.0,10469.8,84037,18865,3.5558,2941,1002,0.126,6.5,4842.92,309.4,1629.025,ok,model,measured (Vivado 2025.2 OOC),
mix2,Workload mix 2,4,wait,4,False,AIMT,T0->T1->T2->T3,25157.750000,84037,46167.0,25157.8,84037,77617,6.0988,3417,6565,0.025,86.7,532.49,4126.8,24.232,ok,model,measured (Vivado 2025.2 OOC),164 CRITICAL WARNING(s) in synthesis -- see AIMT_vivado.log
mix2,Workload mix 2,4,wait,5,False,BATCHDNN,T0->T1->T2->T3,25157.750000,84037,46167.0,25157.8,84037,77617,6.0988,4657,6529,0.079,10.7,4314.67,509.3,620.460,ok,model,measured (Vivado 2025.2 OOC),200 CRITICAL WARNING(s) in synthesis -- see BATCHDNN_vivado.log
mix2,Workload mix 2,4,wait,6,False,BATCHDNN_PP,T0->T1->T2->T3,25157.750000,84037,46167.0,25157.8,84037,77617,6.0988,,,,,,,,unavailable,model,measured (Vivado 2025.2 OOC),"STALE: last successful synthesis (2026-07-28 17:31) predates the multi-driven-reset fix; that netlist had current_batch/slice_remaining tied to GND, so its numbers do not describe the current RTL. Re-synthesis OOM-killed 4x on this machine: sampled peak was 14.9/15GB RAM with swap fully exhausted, i.e. Vivado needs ~12GB for this module. Re-run scripts/synth_scheduler_hw.py --only BATCHDNN_PP on a host with more swap."
mix2,Workload mix 2,4,wait,7,False,EDF,T0->T1->T2->T3,25157.750000,84037,46167.0,25157.8,84037,77617,6.0988,2374,1050,0.024,19.0,2429.84,904.4,106.152,ok,model,measured (Vivado 2025.2 OOC),
mix2,Workload mix 2,4,wait,8,False,FIFO,T0->T1->T2->T3,25157.750000,84037,46167.0,25157.8,84037,77617,6.0988,1501,1050,0.011,106.6,433.09,5074.0,8.672,ok,model,measured (Vivado 2025.2 OOC),
mix2,Workload mix 2,4,wait,9,False,LRU,T0->T1->T2->T3,25157.750000,84037,46167.0,25157.8,84037,77617,6.0988,3035,1594,0.027,19.2,2404.53,913.9,118.177,ok,model,measured (Vivado 2025.2 OOC),
mix2,Workload mix 2,4,wait,10,False,MLFQ,T0->T1->T2->T3,25157.750000,84037,46167.0,25157.8,84037,77617,6.0988,2295,1044,0.024,90.9,507.89,4326.7,22.188,ok,model,measured (Vivado 2025.2 OOC),
mix2,Workload mix 2,4,wait,11,False,MLQ,T0->T1->T2->T3,25157.750000,84037,46167.0,25157.8,84037,77617,6.0988,755,490,0.008,112.4,410.74,5350.0,5.981,ok,model,measured (Vivado 2025.2 OOC),
mix2,Workload mix 2,4,wait,12,False,RR,T0->T1->T2->T3,25157.750000,84037,46167.0,25157.8,84037,77617,6.0988,1594,1070,0.013,93.4,494.29,4445.7,11.697,ok,model,measured (Vivado 2025.2 OOC),
mix2,Workload mix 2,4,wait,13,False,LIFO,T3->T2->T1->T0,37870.000000,84037,58879.2,37870.0,84037,73468,8.2996,1516,1050,0.012,111.1,529.97,5288.1,9.077,ok,model,measured (Vivado 2025.2 OOC),
mix2,Workload mix 2,4,wait,14,False,PRI,T3->T2->T1->T0,37870.000000,84037,58879.2,37870.0,84037,73468,8.2996,1663,1050,0.020,41.7,1411.97,1984.8,40.306,ok,model,measured (Vivado 2025.2 OOC),
mix2,Workload mix 2,4,throughput,1,False,MLQ,T0->T1->T2->T3,5350.024394,84037,46167.0,25157.8,84037,77617,6.0988,755,490,0.008,112.4,410.74,5350.0,5.981,ok,model,measured (Vivado 2025.2 OOC),
mix2,Workload mix 2,4,throughput,2,False,LIFO,T3->T2->T1->T0,5288.146888,84037,58879.2,37870.0,84037,73468,8.2996,1516,1050,0.012,111.1,529.97,5288.1,9.077,ok,model,measured (Vivado 2025.2 OOC),
mix2,Workload mix 2,4,throughput,3,False,FIFO,T0->T1->T2->T3,5073.955520,84037,46167.0,25157.8,84037,77617,6.0988,1501,1050,0.011,106.6,433.09,5074.0,8.672,ok,model,measured (Vivado 2025.2 OOC),
mix2,Workload mix 2,4,throughput,4,False,RR,T0->T1->T2->T3,4445.660840,84037,46167.0,25157.8,84037,77617,6.0988,1594,1070,0.013,93.4,494.29,4445.7,11.697,ok,model,measured (Vivado 2025.2 OOC),
mix2,Workload mix 2,4,throughput,5,False,MLFQ,T0->T1->T2->T3,4326.665635,84037,46167.0,25157.8,84037,77617,6.0988,2295,1044,0.024,90.9,507.89,4326.7,22.188,ok,model,measured (Vivado 2025.2 OOC),
mix2,Workload mix 2,4,throughput,6,False,AIMT,T0->T1->T2->T3,4126.753692,84037,46167.0,25157.8,84037,77617,6.0988,3417,6565,0.025,86.7,532.49,4126.8,24.232,ok,model,measured (Vivado 2025.2 OOC),164 CRITICAL WARNING(s) in synthesis -- see AIMT_vivado.log
mix2,Workload mix 2,4,throughput,7,False,PRI,T3->T2->T1->T0,1984.840011,84037,58879.2,37870.0,84037,73468,8.2996,1663,1050,0.020,41.7,1411.97,1984.8,40.306,ok,model,measured (Vivado 2025.2 OOC),
mix2,Workload mix 2,4,throughput,8,False,SRTF,T1->T3->T0->T2,1004.319526,84037,28268.5,7259.2,84037,18865,3.0000,1854,490,0.018,21.1,1339.74,1004.3,71.690,ok,model,measured (Vivado 2025.2 OOC),
mix2,Workload mix 2,4,throughput,9,False,SJF,T1->T3->T0->T2,966.241060,84037,28268.5,7259.2,84037,18865,3.0000,1999,1050,0.018,20.3,1392.54,966.2,74.516,ok,model,measured (Vivado 2025.2 OOC),
mix2,Workload mix 2,4,throughput,10,False,LRU,T0->T1->T2->T3,913.883171,84037,46167.0,25157.8,84037,77617,6.0988,3035,1594,0.027,19.2,2404.53,913.9,118.177,ok,model,measured (Vivado 2025.2 OOC),
mix2,Workload mix 2,4,throughput,11,False,EDF,T0->T1->T2->T3,904.363554,84037,46167.0,25157.8,84037,77617,6.0988,2374,1050,0.024,19.0,2429.84,904.4,106.152,ok,model,measured (Vivado 2025.2 OOC),
mix2,Workload mix 2,4,throughput,12,False,BATCHDNN,T0->T1->T2->T3,509.299475,84037,46167.0,25157.8,84037,77617,6.0988,4657,6529,0.079,10.7,4314.67,509.3,620.460,ok,model,measured (Vivado 2025.2 OOC),200 CRITICAL WARNING(s) in synthesis -- see BATCHDNN_vivado.log
mix2,Workload mix 2,4,throughput,13,False,HRRN,T0->T1->T3->T2,309.387532,84037,31479.0,10469.8,84037,18865,3.5558,2941,1002,0.126,6.5,4842.92,309.4,1629.025,ok,model,measured (Vivado 2025.2 OOC),
mix2,Workload mix 2,4,throughput,,True,BATCHDNN_PP,T0->T1->T2->T3,,84037,46167.0,25157.8,84037,77617,6.0988,,,,,,,,unavailable,model,measured (Vivado 2025.2 OOC),"STALE: last successful synthesis (2026-07-28 17:31) predates the multi-driven-reset fix; that netlist had current_batch/slice_remaining tied to GND, so its numbers do not describe the current RTL. Re-synthesis OOM-killed 4x on this machine: sampled peak was 14.9/15GB RAM with swap fully exhausted, i.e. Vivado needs ~12GB for this module. Re-run scripts/synth_scheduler_hw.py --only BATCHDNN_PP on a host with more swap."
mix2,Workload mix 2,4,area,1,False,MLQ,T0->T1->T2->T3,755.000000,84037,46167.0,25157.8,84037,77617,6.0988,755,490,0.008,112.4,410.74,5350.0,5.981,ok,model,measured (Vivado 2025.2 OOC),
mix2,Workload mix 2,4,area,2,False,FIFO,T0->T1->T2->T3,1501.000000,84037,46167.0,25157.8,84037,77617,6.0988,1501,1050,0.011,106.6,433.09,5074.0,8.672,ok,model,measured (Vivado 2025.2 OOC),
mix2,Workload mix 2,4,area,3,False,LIFO,T3->T2->T1->T0,1516.000000,84037,58879.2,37870.0,84037,73468,8.2996,1516,1050,0.012,111.1,529.97,5288.1,9.077,ok,model,measured (Vivado 2025.2 OOC),
mix2,Workload mix 2,4,area,4,False,RR,T0->T1->T2->T3,1594.000000,84037,46167.0,25157.8,84037,77617,6.0988,1594,1070,0.013,93.4,494.29,4445.7,11.697,ok,model,measured (Vivado 2025.2 OOC),
mix2,Workload mix 2,4,area,5,False,PRI,T3->T2->T1->T0,1663.000000,84037,58879.2,37870.0,84037,73468,8.2996,1663,1050,0.020,41.7,1411.97,1984.8,40.306,ok,model,measured (Vivado 2025.2 OOC),
mix2,Workload mix 2,4,area,6,False,SRTF,T1->T3->T0->T2,1854.000000,84037,28268.5,7259.2,84037,18865,3.0000,1854,490,0.018,21.1,1339.74,1004.3,71.690,ok,model,measured (Vivado 2025.2 OOC),
mix2,Workload mix 2,4,area,7,False,SJF,T1->T3->T0->T2,1999.000000,84037,28268.5,7259.2,84037,18865,3.0000,1999,1050,0.018,20.3,1392.54,966.2,74.516,ok,model,measured (Vivado 2025.2 OOC),
mix2,Workload mix 2,4,area,8,False,MLFQ,T0->T1->T2->T3,2295.000000,84037,46167.0,25157.8,84037,77617,6.0988,2295,1044,0.024,90.9,507.89,4326.7,22.188,ok,model,measured (Vivado 2025.2 OOC),
mix2,Workload mix 2,4,area,9,False,EDF,T0->T1->T2->T3,2374.000000,84037,46167.0,25157.8,84037,77617,6.0988,2374,1050,0.024,19.0,2429.84,904.4,106.152,ok,model,measured (Vivado 2025.2 OOC),
mix2,Workload mix 2,4,area,10,False,HRRN,T0->T1->T3->T2,2941.000000,84037,31479.0,10469.8,84037,18865,3.5558,2941,1002,0.126,6.5,4842.92,309.4,1629.025,ok,model,measured (Vivado 2025.2 OOC),
mix2,Workload mix 2,4,area,11,False,LRU,T0->T1->T2->T3,3035.000000,84037,46167.0,25157.8,84037,77617,6.0988,3035,1594,0.027,19.2,2404.53,913.9,118.177,ok,model,measured (Vivado 2025.2 OOC),
mix2,Workload mix 2,4,area,12,False,AIMT,T0->T1->T2->T3,3417.000000,84037,46167.0,25157.8,84037,77617,6.0988,3417,6565,0.025,86.7,532.49,4126.8,24.232,ok,model,measured (Vivado 2025.2 OOC),164 CRITICAL WARNING(s) in synthesis -- see AIMT_vivado.log
mix2,Workload mix 2,4,area,13,False,BATCHDNN,T0->T1->T2->T3,4657.000000,84037,46167.0,25157.8,84037,77617,6.0988,4657,6529,0.079,10.7,4314.67,509.3,620.460,ok,model,measured (Vivado 2025.2 OOC),200 CRITICAL WARNING(s) in synthesis -- see BATCHDNN_vivado.log
mix2,Workload mix 2,4,area,,True,BATCHDNN_PP,T0->T1->T2->T3,,84037,46167.0,25157.8,84037,77617,6.0988,,,,,,,,unavailable,model,measured (Vivado 2025.2 OOC),"STALE: last successful synthesis (2026-07-28 17:31) predates the multi-driven-reset fix; that netlist had current_batch/slice_remaining tied to GND, so its numbers do not describe the current RTL. Re-synthesis OOM-killed 4x on this machine: sampled peak was 14.9/15GB RAM with swap fully exhausted, i.e. Vivado needs ~12GB for this module. Re-run scripts/synth_scheduler_hw.py --only BATCHDNN_PP on a host with more swap."
mix2,Workload mix 2,4,power,1,False,MLQ,T0->T1->T2->T3,0.008000,84037,46167.0,25157.8,84037,77617,6.0988,755,490,0.008,112.4,410.74,5350.0,5.981,ok,model,measured (Vivado 2025.2 OOC),
mix2,Workload mix 2,4,power,2,False,FIFO,T0->T1->T2->T3,0.011000,84037,46167.0,25157.8,84037,77617,6.0988,1501,1050,0.011,106.6,433.09,5074.0,8.672,ok,model,measured (Vivado 2025.2 OOC),
mix2,Workload mix 2,4,power,3,False,LIFO,T3->T2->T1->T0,0.012000,84037,58879.2,37870.0,84037,73468,8.2996,1516,1050,0.012,111.1,529.97,5288.1,9.077,ok,model,measured (Vivado 2025.2 OOC),
mix2,Workload mix 2,4,power,4,False,RR,T0->T1->T2->T3,0.013000,84037,46167.0,25157.8,84037,77617,6.0988,1594,1070,0.013,93.4,494.29,4445.7,11.697,ok,model,measured (Vivado 2025.2 OOC),
mix2,Workload mix 2,4,power,5,False,SJF,T1->T3->T0->T2,0.018000,84037,28268.5,7259.2,84037,18865,3.0000,1999,1050,0.018,20.3,1392.54,966.2,74.516,ok,model,measured (Vivado 2025.2 OOC),
mix2,Workload mix 2,4,power,6,False,SRTF,T1->T3->T0->T2,0.018000,84037,28268.5,7259.2,84037,18865,3.0000,1854,490,0.018,21.1,1339.74,1004.3,71.690,ok,model,measured (Vivado 2025.2 OOC),
mix2,Workload mix 2,4,power,7,False,PRI,T3->T2->T1->T0,0.020000,84037,58879.2,37870.0,84037,73468,8.2996,1663,1050,0.020,41.7,1411.97,1984.8,40.306,ok,model,measured (Vivado 2025.2 OOC),
mix2,Workload mix 2,4,power,8,False,EDF,T0->T1->T2->T3,0.024000,84037,46167.0,25157.8,84037,77617,6.0988,2374,1050,0.024,19.0,2429.84,904.4,106.152,ok,model,measured (Vivado 2025.2 OOC),
mix2,Workload mix 2,4,power,9,False,MLFQ,T0->T1->T2->T3,0.024000,84037,46167.0,25157.8,84037,77617,6.0988,2295,1044,0.024,90.9,507.89,4326.7,22.188,ok,model,measured (Vivado 2025.2 OOC),
mix2,Workload mix 2,4,power,10,False,AIMT,T0->T1->T2->T3,0.025000,84037,46167.0,25157.8,84037,77617,6.0988,3417,6565,0.025,86.7,532.49,4126.8,24.232,ok,model,measured (Vivado 2025.2 OOC),164 CRITICAL WARNING(s) in synthesis -- see AIMT_vivado.log
mix2,Workload mix 2,4,power,11,False,LRU,T0->T1->T2->T3,0.027000,84037,46167.0,25157.8,84037,77617,6.0988,3035,1594,0.027,19.2,2404.53,913.9,118.177,ok,model,measured (Vivado 2025.2 OOC),
mix2,Workload mix 2,4,power,12,False,BATCHDNN,T0->T1->T2->T3,0.079000,84037,46167.0,25157.8,84037,77617,6.0988,4657,6529,0.079,10.7,4314.67,509.3,620.460,ok,model,measured (Vivado 2025.2 OOC),200 CRITICAL WARNING(s) in synthesis -- see BATCHDNN_vivado.log
mix2,Workload mix 2,4,power,13,False,HRRN,T0->T1->T3->T2,0.126000,84037,31479.0,10469.8,84037,18865,3.5558,2941,1002,0.126,6.5,4842.92,309.4,1629.025,ok,model,measured (Vivado 2025.2 OOC),
mix2,Workload mix 2,4,power,,True,BATCHDNN_PP,T0->T1->T2->T3,,84037,46167.0,25157.8,84037,77617,6.0988,,,,,,,,unavailable,model,measured (Vivado 2025.2 OOC),"STALE: last successful synthesis (2026-07-28 17:31) predates the multi-driven-reset fix; that netlist had current_batch/slice_remaining tied to GND, so its numbers do not describe the current RTL. Re-synthesis OOM-killed 4x on this machine: sampled peak was 14.9/15GB RAM with swap fully exhausted, i.e. Vivado needs ~12GB for this module. Re-run scripts/synth_scheduler_hw.py --only BATCHDNN_PP on a host with more swap."
mix2,Workload mix 2,4,weighted,1,False,SJF,T1->T3->T0->T2,3.000000,84037,28268.5,7259.2,84037,18865,3.0000,1999,1050,0.018,20.3,1392.54,966.2,74.516,ok,model,measured (Vivado 2025.2 OOC),
mix2,Workload mix 2,4,weighted,2,False,SRTF,T1->T3->T0->T2,3.000000,84037,28268.5,7259.2,84037,18865,3.0000,1854,490,0.018,21.1,1339.74,1004.3,71.690,ok,model,measured (Vivado 2025.2 OOC),
mix2,Workload mix 2,4,weighted,3,False,HRRN,T0->T1->T3->T2,3.555835,84037,31479.0,10469.8,84037,18865,3.5558,2941,1002,0.126,6.5,4842.92,309.4,1629.025,ok,model,measured (Vivado 2025.2 OOC),
mix2,Workload mix 2,4,weighted,4,False,AIMT,T0->T1->T2->T3,6.098773,84037,46167.0,25157.8,84037,77617,6.0988,3417,6565,0.025,86.7,532.49,4126.8,24.232,ok,model,measured (Vivado 2025.2 OOC),164 CRITICAL WARNING(s) in synthesis -- see AIMT_vivado.log
mix2,Workload mix 2,4,weighted,5,False,BATCHDNN,T0->T1->T2->T3,6.098773,84037,46167.0,25157.8,84037,77617,6.0988,4657,6529,0.079,10.7,4314.67,509.3,620.460,ok,model,measured (Vivado 2025.2 OOC),200 CRITICAL WARNING(s) in synthesis -- see BATCHDNN_vivado.log
mix2,Workload mix 2,4,weighted,6,False,BATCHDNN_PP,T0->T1->T2->T3,6.098773,84037,46167.0,25157.8,84037,77617,6.0988,,,,,,,,unavailable,model,measured (Vivado 2025.2 OOC),"STALE: last successful synthesis (2026-07-28 17:31) predates the multi-driven-reset fix; that netlist had current_batch/slice_remaining tied to GND, so its numbers do not describe the current RTL. Re-synthesis OOM-killed 4x on this machine: sampled peak was 14.9/15GB RAM with swap fully exhausted, i.e. Vivado needs ~12GB for this module. Re-run scripts/synth_scheduler_hw.py --only BATCHDNN_PP on a host with more swap."
mix2,Workload mix 2,4,weighted,7,False,EDF,T0->T1->T2->T3,6.098773,84037,46167.0,25157.8,84037,77617,6.0988,2374,1050,0.024,19.0,2429.84,904.4,106.152,ok,model,measured (Vivado 2025.2 OOC),
mix2,Workload mix 2,4,weighted,8,False,FIFO,T0->T1->T2->T3,6.098773,84037,46167.0,25157.8,84037,77617,6.0988,1501,1050,0.011,106.6,433.09,5074.0,8.672,ok,model,measured (Vivado 2025.2 OOC),
mix2,Workload mix 2,4,weighted,9,False,LRU,T0->T1->T2->T3,6.098773,84037,46167.0,25157.8,84037,77617,6.0988,3035,1594,0.027,19.2,2404.53,913.9,118.177,ok,model,measured (Vivado 2025.2 OOC),
mix2,Workload mix 2,4,weighted,10,False,MLFQ,T0->T1->T2->T3,6.098773,84037,46167.0,25157.8,84037,77617,6.0988,2295,1044,0.024,90.9,507.89,4326.7,22.188,ok,model,measured (Vivado 2025.2 OOC),
mix2,Workload mix 2,4,weighted,11,False,MLQ,T0->T1->T2->T3,6.098773,84037,46167.0,25157.8,84037,77617,6.0988,755,490,0.008,112.4,410.74,5350.0,5.981,ok,model,measured (Vivado 2025.2 OOC),
mix2,Workload mix 2,4,weighted,12,False,RR,T0->T1->T2->T3,6.098773,84037,46167.0,25157.8,84037,77617,6.0988,1594,1070,0.013,93.4,494.29,4445.7,11.697,ok,model,measured (Vivado 2025.2 OOC),
mix2,Workload mix 2,4,weighted,13,False,LIFO,T3->T2->T1->T0,8.299650,84037,58879.2,37870.0,84037,73468,8.2996,1516,1050,0.012,111.1,529.97,5288.1,9.077,ok,model,measured (Vivado 2025.2 OOC),
mix2,Workload mix 2,4,weighted,14,False,PRI,T3->T2->T1->T0,8.299650,84037,58879.2,37870.0,84037,73468,8.2996,1663,1050,0.020,41.7,1411.97,1984.8,40.306,ok,model,measured (Vivado 2025.2 OOC),
mix3,Workload mix 3,3,makespan,1,False,SJF,T1->T0->T2,199612.000000,199612,90493.3,23956.0,199612,68200,3.0000,1999,1050,0.018,20.3,4457.80,305.1,176.996,ok,model,measured (Vivado 2025.2 OOC),
mix3,Workload mix 3,3,makespan,2,False,SRTF,T1->T0->T2,199612.000000,199612,90493.3,23956.0,199612,68200,3.0000,1854,490,0.018,21.1,4288.78,317.1,170.285,ok,model,measured (Vivado 2025.2 OOC),
mix3,Workload mix 3,3,makespan,3,False,AIMT,T0->T1->T2,199612.000000,199612,110781.3,44244.0,199612,68200,4.0711,3417,6565,0.025,86.7,1277.75,1303.0,57.558,ok,model,measured (Vivado 2025.2 OOC),164 CRITICAL WARNING(s) in synthesis -- see AIMT_vivado.log
mix3,Workload mix 3,3,makespan,4,False,BATCHDNN,T0->T1->T2,199612.000000,199612,110781.3,44244.0,199612,68200,4.0711,4657,6529,0.079,10.7,10353.40,160.8,1473.771,ok,model,measured (Vivado 2025.2 OOC),200 CRITICAL WARNING(s) in synthesis -- see BATCHDNN_vivado.log
mix3,Workload mix 3,3,makespan,5,False,BATCHDNN_PP,T0->T1->T2,199612.000000,199612,110781.3,44244.0,199612,68200,4.0711,,,,,,,,unavailable,model,measured (Vivado 2025.2 OOC),"STALE: last successful synthesis (2026-07-28 17:31) predates the multi-driven-reset fix; that netlist had current_batch/slice_remaining tied to GND, so its numbers do not describe the current RTL. Re-synthesis OOM-killed 4x on this machine: sampled peak was 14.9/15GB RAM with swap fully exhausted, i.e. Vivado needs ~12GB for this module. Re-run scripts/synth_scheduler_hw.py --only BATCHDNN_PP on a host with more swap."
mix3,Workload mix 3,3,makespan,6,False,EDF,T0->T1->T2,199612.000000,199612,110781.3,44244.0,199612,68200,4.0711,2374,1050,0.024,19.0,5830.60,285.6,252.141,ok,model,measured (Vivado 2025.2 OOC),
mix3,Workload mix 3,3,makespan,7,False,FIFO,T0->T1->T2,199612.000000,199612,110781.3,44244.0,199612,68200,4.0711,1501,1050,0.011,106.6,1039.22,1602.1,20.598,ok,model,measured (Vivado 2025.2 OOC),
mix3,Workload mix 3,3,makespan,8,False,HRRN,T0->T1->T2,199612.000000,199612,110781.3,44244.0,199612,68200,4.0711,2941,1002,0.126,6.5,17043.28,97.7,3869.402,ok,model,measured (Vivado 2025.2 OOC),
mix3,Workload mix 3,3,makespan,9,False,LRU,T0->T1->T2,199612.000000,199612,110781.3,44244.0,199612,68200,4.0711,3035,1594,0.027,19.2,5769.86,288.6,280.704,ok,model,measured (Vivado 2025.2 OOC),
mix3,Workload mix 3,3,makespan,10,False,MLFQ,T0->T1->T2,199612.000000,199612,110781.3,44244.0,199612,68200,4.0711,2295,1044,0.024,90.9,1218.72,1366.2,52.703,ok,model,measured (Vivado 2025.2 OOC),
mix3,Workload mix 3,3,makespan,11,False,MLQ,T0->T1->T2,199612.000000,199612,110781.3,44244.0,199612,68200,4.0711,755,490,0.008,112.4,985.60,1689.3,14.207,ok,model,measured (Vivado 2025.2 OOC),
mix3,Workload mix 3,3,makespan,12,False,RR,T0->T1->T2,199612.000000,199612,110781.3,44244.0,199612,68200,4.0711,1594,1070,0.013,93.4,1186.10,1403.7,27.783,ok,model,measured (Vivado 2025.2 OOC),
mix3,Workload mix 3,3,makespan,13,False,LIFO,T2->T1->T0,199612.000000,199612,155368.0,88830.7,199612,135080,6.4250,1516,1050,0.012,111.1,1398.45,1669.7,21.560,ok,model,measured (Vivado 2025.2 OOC),
mix3,Workload mix 3,3,makespan,14,False,PRI,T2->T1->T0,199612.000000,199612,155368.0,88830.7,199612,135080,6.4250,1663,1050,0.020,41.7,3725.85,626.7,95.737,ok,model,measured (Vivado 2025.2 OOC),
mix3,Workload mix 3,3,turnaround,1,False,SJF,T1->T0->T2,90493.333333,199612,90493.3,23956.0,199612,68200,3.0000,1999,1050,0.018,20.3,4457.80,305.1,176.996,ok,model,measured (Vivado 2025.2 OOC),
mix3,Workload mix 3,3,turnaround,2,False,SRTF,T1->T0->T2,90493.333333,199612,90493.3,23956.0,199612,68200,3.0000,1854,490,0.018,21.1,4288.78,317.1,170.285,ok,model,measured (Vivado 2025.2 OOC),
mix3,Workload mix 3,3,turnaround,3,False,AIMT,T0->T1->T2,110781.333333,199612,110781.3,44244.0,199612,68200,4.0711,3417,6565,0.025,86.7,1277.75,1303.0,57.558,ok,model,measured (Vivado 2025.2 OOC),164 CRITICAL WARNING(s) in synthesis -- see AIMT_vivado.log
mix3,Workload mix 3,3,turnaround,4,False,BATCHDNN,T0->T1->T2,110781.333333,199612,110781.3,44244.0,199612,68200,4.0711,4657,6529,0.079,10.7,10353.40,160.8,1473.771,ok,model,measured (Vivado 2025.2 OOC),200 CRITICAL WARNING(s) in synthesis -- see BATCHDNN_vivado.log
mix3,Workload mix 3,3,turnaround,5,False,BATCHDNN_PP,T0->T1->T2,110781.333333,199612,110781.3,44244.0,199612,68200,4.0711,,,,,,,,unavailable,model,measured (Vivado 2025.2 OOC),"STALE: last successful synthesis (2026-07-28 17:31) predates the multi-driven-reset fix; that netlist had current_batch/slice_remaining tied to GND, so its numbers do not describe the current RTL. Re-synthesis OOM-killed 4x on this machine: sampled peak was 14.9/15GB RAM with swap fully exhausted, i.e. Vivado needs ~12GB for this module. Re-run scripts/synth_scheduler_hw.py --only BATCHDNN_PP on a host with more swap."
mix3,Workload mix 3,3,turnaround,6,False,EDF,T0->T1->T2,110781.333333,199612,110781.3,44244.0,199612,68200,4.0711,2374,1050,0.024,19.0,5830.60,285.6,252.141,ok,model,measured (Vivado 2025.2 OOC),
mix3,Workload mix 3,3,turnaround,7,False,FIFO,T0->T1->T2,110781.333333,199612,110781.3,44244.0,199612,68200,4.0711,1501,1050,0.011,106.6,1039.22,1602.1,20.598,ok,model,measured (Vivado 2025.2 OOC),
mix3,Workload mix 3,3,turnaround,8,False,HRRN,T0->T1->T2,110781.333333,199612,110781.3,44244.0,199612,68200,4.0711,2941,1002,0.126,6.5,17043.28,97.7,3869.402,ok,model,measured (Vivado 2025.2 OOC),
mix3,Workload mix 3,3,turnaround,9,False,LRU,T0->T1->T2,110781.333333,199612,110781.3,44244.0,199612,68200,4.0711,3035,1594,0.027,19.2,5769.86,288.6,280.704,ok,model,measured (Vivado 2025.2 OOC),
mix3,Workload mix 3,3,turnaround,10,False,MLFQ,T0->T1->T2,110781.333333,199612,110781.3,44244.0,199612,68200,4.0711,2295,1044,0.024,90.9,1218.72,1366.2,52.703,ok,model,measured (Vivado 2025.2 OOC),
mix3,Workload mix 3,3,turnaround,11,False,MLQ,T0->T1->T2,110781.333333,199612,110781.3,44244.0,199612,68200,4.0711,755,490,0.008,112.4,985.60,1689.3,14.207,ok,model,measured (Vivado 2025.2 OOC),
mix3,Workload mix 3,3,turnaround,12,False,RR,T0->T1->T2,110781.333333,199612,110781.3,44244.0,199612,68200,4.0711,1594,1070,0.013,93.4,1186.10,1403.7,27.783,ok,model,measured (Vivado 2025.2 OOC),
mix3,Workload mix 3,3,turnaround,13,False,LIFO,T2->T1->T0,155368.000000,199612,155368.0,88830.7,199612,135080,6.4250,1516,1050,0.012,111.1,1398.45,1669.7,21.560,ok,model,measured (Vivado 2025.2 OOC),
mix3,Workload mix 3,3,turnaround,14,False,PRI,T2->T1->T0,155368.000000,199612,155368.0,88830.7,199612,135080,6.4250,1663,1050,0.020,41.7,3725.85,626.7,95.737,ok,model,measured (Vivado 2025.2 OOC),
mix3,Workload mix 3,3,turnaround_us,1,False,MLQ,T0->T1->T2,985.599051,199612,110781.3,44244.0,199612,68200,4.0711,755,490,0.008,112.4,985.60,1689.3,14.207,ok,model,measured (Vivado 2025.2 OOC),
mix3,Workload mix 3,3,turnaround_us,2,False,FIFO,T0->T1->T2,1039.224515,199612,110781.3,44244.0,199612,68200,4.0711,1501,1050,0.011,106.6,1039.22,1602.1,20.598,ok,model,measured (Vivado 2025.2 OOC),
mix3,Workload mix 3,3,turnaround_us,3,False,RR,T0->T1->T2,1186.095646,199612,110781.3,44244.0,199612,68200,4.0711,1594,1070,0.013,93.4,1186.10,1403.7,27.783,ok,model,measured (Vivado 2025.2 OOC),
mix3,Workload mix 3,3,turnaround_us,4,False,MLFQ,T0->T1->T2,1218.716538,199612,110781.3,44244.0,199612,68200,4.0711,2295,1044,0.024,90.9,1218.72,1366.2,52.703,ok,model,measured (Vivado 2025.2 OOC),
mix3,Workload mix 3,3,turnaround_us,5,False,AIMT,T0->T1->T2,1277.754710,199612,110781.3,44244.0,199612,68200,4.0711,3417,6565,0.025,86.7,1277.75,1303.0,57.558,ok,model,measured (Vivado 2025.2 OOC),164 CRITICAL WARNING(s) in synthesis -- see AIMT_vivado.log
mix3,Workload mix 3,3,turnaround_us,6,False,LIFO,T2->T1->T0,1398.451845,199612,155368.0,88830.7,199612,135080,6.4250,1516,1050,0.012,111.1,1398.45,1669.7,21.560,ok,model,measured (Vivado 2025.2 OOC),
mix3,Workload mix 3,3,turnaround_us,7,False,PRI,T2->T1->T0,3725.851319,199612,155368.0,88830.7,199612,135080,6.4250,1663,1050,0.020,41.7,3725.85,626.7,95.737,ok,model,measured (Vivado 2025.2 OOC),
mix3,Workload mix 3,3,turnaround_us,8,False,SRTF,T1->T0->T2,4288.783570,199612,90493.3,23956.0,199612,68200,3.0000,1854,490,0.018,21.1,4288.78,317.1,170.285,ok,model,measured (Vivado 2025.2 OOC),
mix3,Workload mix 3,3,turnaround_us,9,False,SJF,T1->T0->T2,4457.799672,199612,90493.3,23956.0,199612,68200,3.0000,1999,1050,0.018,20.3,4457.80,305.1,176.996,ok,model,measured (Vivado 2025.2 OOC),
mix3,Workload mix 3,3,turnaround_us,10,False,LRU,T0->T1->T2,5769.861111,199612,110781.3,44244.0,199612,68200,4.0711,3035,1594,0.027,19.2,5769.86,288.6,280.704,ok,model,measured (Vivado 2025.2 OOC),
mix3,Workload mix 3,3,turnaround_us,11,False,EDF,T0->T1->T2,5830.596491,199612,110781.3,44244.0,199612,68200,4.0711,2374,1050,0.024,19.0,5830.60,285.6,252.141,ok,model,measured (Vivado 2025.2 OOC),
mix3,Workload mix 3,3,turnaround_us,12,False,BATCHDNN,T0->T1->T2,10353.395639,199612,110781.3,44244.0,199612,68200,4.0711,4657,6529,0.079,10.7,10353.40,160.8,1473.771,ok,model,measured (Vivado 2025.2 OOC),200 CRITICAL WARNING(s) in synthesis -- see BATCHDNN_vivado.log
mix3,Workload mix 3,3,turnaround_us,13,False,HRRN,T0->T1->T2,17043.282051,199612,110781.3,44244.0,199612,68200,4.0711,2941,1002,0.126,6.5,17043.28,97.7,3869.402,ok,model,measured (Vivado 2025.2 OOC),
mix3,Workload mix 3,3,turnaround_us,,True,BATCHDNN_PP,T0->T1->T2,,199612,110781.3,44244.0,199612,68200,4.0711,,,,,,,,unavailable,model,measured (Vivado 2025.2 OOC),"STALE: last successful synthesis (2026-07-28 17:31) predates the multi-driven-reset fix; that netlist had current_batch/slice_remaining tied to GND, so its numbers do not describe the current RTL. Re-synthesis OOM-killed 4x on this machine: sampled peak was 14.9/15GB RAM with swap fully exhausted, i.e. Vivado needs ~12GB for this module. Re-run scripts/synth_scheduler_hw.py --only BATCHDNN_PP on a host with more swap."
mix3,Workload mix 3,3,wait,1,False,SJF,T1->T0->T2,23956.000000,199612,90493.3,23956.0,199612,68200,3.0000,1999,1050,0.018,20.3,4457.80,305.1,176.996,ok,model,measured (Vivado 2025.2 OOC),
mix3,Workload mix 3,3,wait,2,False,SRTF,T1->T0->T2,23956.000000,199612,90493.3,23956.0,199612,68200,3.0000,1854,490,0.018,21.1,4288.78,317.1,170.285,ok,model,measured (Vivado 2025.2 OOC),
mix3,Workload mix 3,3,wait,3,False,AIMT,T0->T1->T2,44244.000000,199612,110781.3,44244.0,199612,68200,4.0711,3417,6565,0.025,86.7,1277.75,1303.0,57.558,ok,model,measured (Vivado 2025.2 OOC),164 CRITICAL WARNING(s) in synthesis -- see AIMT_vivado.log
mix3,Workload mix 3,3,wait,4,False,BATCHDNN,T0->T1->T2,44244.000000,199612,110781.3,44244.0,199612,68200,4.0711,4657,6529,0.079,10.7,10353.40,160.8,1473.771,ok,model,measured (Vivado 2025.2 OOC),200 CRITICAL WARNING(s) in synthesis -- see BATCHDNN_vivado.log
mix3,Workload mix 3,3,wait,5,False,BATCHDNN_PP,T0->T1->T2,44244.000000,199612,110781.3,44244.0,199612,68200,4.0711,,,,,,,,unavailable,model,measured (Vivado 2025.2 OOC),"STALE: last successful synthesis (2026-07-28 17:31) predates the multi-driven-reset fix; that netlist had current_batch/slice_remaining tied to GND, so its numbers do not describe the current RTL. Re-synthesis OOM-killed 4x on this machine: sampled peak was 14.9/15GB RAM with swap fully exhausted, i.e. Vivado needs ~12GB for this module. Re-run scripts/synth_scheduler_hw.py --only BATCHDNN_PP on a host with more swap."
mix3,Workload mix 3,3,wait,6,False,EDF,T0->T1->T2,44244.000000,199612,110781.3,44244.0,199612,68200,4.0711,2374,1050,0.024,19.0,5830.60,285.6,252.141,ok,model,measured (Vivado 2025.2 OOC),
mix3,Workload mix 3,3,wait,7,False,FIFO,T0->T1->T2,44244.000000,199612,110781.3,44244.0,199612,68200,4.0711,1501,1050,0.011,106.6,1039.22,1602.1,20.598,ok,model,measured (Vivado 2025.2 OOC),
mix3,Workload mix 3,3,wait,8,False,HRRN,T0->T1->T2,44244.000000,199612,110781.3,44244.0,199612,68200,4.0711,2941,1002,0.126,6.5,17043.28,97.7,3869.402,ok,model,measured (Vivado 2025.2 OOC),
mix3,Workload mix 3,3,wait,9,False,LRU,T0->T1->T2,44244.000000,199612,110781.3,44244.0,199612,68200,4.0711,3035,1594,0.027,19.2,5769.86,288.6,280.704,ok,model,measured (Vivado 2025.2 OOC),
mix3,Workload mix 3,3,wait,10,False,MLFQ,T0->T1->T2,44244.000000,199612,110781.3,44244.0,199612,68200,4.0711,2295,1044,0.024,90.9,1218.72,1366.2,52.703,ok,model,measured (Vivado 2025.2 OOC),
mix3,Workload mix 3,3,wait,11,False,MLQ,T0->T1->T2,44244.000000,199612,110781.3,44244.0,199612,68200,4.0711,755,490,0.008,112.4,985.60,1689.3,14.207,ok,model,measured (Vivado 2025.2 OOC),
mix3,Workload mix 3,3,wait,12,False,RR,T0->T1->T2,44244.000000,199612,110781.3,44244.0,199612,68200,4.0711,1594,1070,0.013,93.4,1186.10,1403.7,27.783,ok,model,measured (Vivado 2025.2 OOC),
mix3,Workload mix 3,3,wait,13,False,LIFO,T2->T1->T0,88830.666667,199612,155368.0,88830.7,199612,135080,6.4250,1516,1050,0.012,111.1,1398.45,1669.7,21.560,ok,model,measured (Vivado 2025.2 OOC),
mix3,Workload mix 3,3,wait,14,False,PRI,T2->T1->T0,88830.666667,199612,155368.0,88830.7,199612,135080,6.4250,1663,1050,0.020,41.7,3725.85,626.7,95.737,ok,model,measured (Vivado 2025.2 OOC),
mix3,Workload mix 3,3,throughput,1,False,MLQ,T0->T1->T2,1689.277198,199612,110781.3,44244.0,199612,68200,4.0711,755,490,0.008,112.4,985.60,1689.3,14.207,ok,model,measured (Vivado 2025.2 OOC),
mix3,Workload mix 3,3,throughput,2,False,LIFO,T2->T1->T0,1669.739294,199612,155368.0,88830.7,199612,135080,6.4250,1516,1050,0.012,111.1,1398.45,1669.7,21.560,ok,model,measured (Vivado 2025.2 OOC),
mix3,Workload mix 3,3,throughput,3,False,FIFO,T0->T1->T2,1602.108090,199612,110781.3,44244.0,199612,68200,4.0711,1501,1050,0.011,106.6,1039.22,1602.1,20.598,ok,model,measured (Vivado 2025.2 OOC),
mix3,Workload mix 3,3,throughput,4,False,RR,T0->T1->T2,1403.723223,199612,110781.3,44244.0,199612,68200,4.0711,1594,1070,0.013,93.4,1186.10,1403.7,27.783,ok,model,measured (Vivado 2025.2 OOC),
mix3,Workload mix 3,3,throughput,5,False,MLFQ,T0->T1->T2,1366.150332,199612,110781.3,44244.0,199612,68200,4.0711,2295,1044,0.024,90.9,1218.72,1366.2,52.703,ok,model,measured (Vivado 2025.2 OOC),
mix3,Workload mix 3,3,throughput,6,False,AIMT,T0->T1->T2,1303.027874,199612,110781.3,44244.0,199612,68200,4.0711,3417,6565,0.025,86.7,1277.75,1303.0,57.558,ok,model,measured (Vivado 2025.2 OOC),164 CRITICAL WARNING(s) in synthesis -- see AIMT_vivado.log
mix3,Workload mix 3,3,throughput,7,False,PRI,T2->T1->T0,626.715829,199612,155368.0,88830.7,199612,135080,6.4250,1663,1050,0.020,41.7,3725.85,626.7,95.737,ok,model,measured (Vivado 2025.2 OOC),
mix3,Workload mix 3,3,throughput,8,False,SRTF,T1->T0->T2,317.115203,199612,90493.3,23956.0,199612,68200,3.0000,1854,490,0.018,21.1,4288.78,317.1,170.285,ok,model,measured (Vivado 2025.2 OOC),
mix3,Workload mix 3,3,throughput,9,False,SJF,T1->T0->T2,305.091878,199612,90493.3,23956.0,199612,68200,3.0000,1999,1050,0.018,20.3,4457.80,305.1,176.996,ok,model,measured (Vivado 2025.2 OOC),
mix3,Workload mix 3,3,throughput,10,False,LRU,T0->T1->T2,288.559806,199612,110781.3,44244.0,199612,68200,4.0711,3035,1594,0.027,19.2,5769.86,288.6,280.704,ok,model,measured (Vivado 2025.2 OOC),
mix3,Workload mix 3,3,throughput,11,False,EDF,T0->T1->T2,285.553975,199612,110781.3,44244.0,199612,68200,4.0711,2374,1050,0.024,19.0,5830.60,285.6,252.141,ok,model,measured (Vivado 2025.2 OOC),
mix3,Workload mix 3,3,throughput,12,False,BATCHDNN,T0->T1->T2,160.811975,199612,110781.3,44244.0,199612,68200,4.0711,4657,6529,0.079,10.7,10353.40,160.8,1473.771,ok,model,measured (Vivado 2025.2 OOC),200 CRITICAL WARNING(s) in synthesis -- see BATCHDNN_vivado.log
mix3,Workload mix 3,3,throughput,13,False,HRRN,T0->T1->T2,97.689518,199612,110781.3,44244.0,199612,68200,4.0711,2941,1002,0.126,6.5,17043.28,97.7,3869.402,ok,model,measured (Vivado 2025.2 OOC),
mix3,Workload mix 3,3,throughput,,True,BATCHDNN_PP,T0->T1->T2,,199612,110781.3,44244.0,199612,68200,4.0711,,,,,,,,unavailable,model,measured (Vivado 2025.2 OOC),"STALE: last successful synthesis (2026-07-28 17:31) predates the multi-driven-reset fix; that netlist had current_batch/slice_remaining tied to GND, so its numbers do not describe the current RTL. Re-synthesis OOM-killed 4x on this machine: sampled peak was 14.9/15GB RAM with swap fully exhausted, i.e. Vivado needs ~12GB for this module. Re-run scripts/synth_scheduler_hw.py --only BATCHDNN_PP on a host with more swap."
mix3,Workload mix 3,3,area,1,False,MLQ,T0->T1->T2,755.000000,199612,110781.3,44244.0,199612,68200,4.0711,755,490,0.008,112.4,985.60,1689.3,14.207,ok,model,measured (Vivado 2025.2 OOC),
mix3,Workload mix 3,3,area,2,False,FIFO,T0->T1->T2,1501.000000,199612,110781.3,44244.0,199612,68200,4.0711,1501,1050,0.011,106.6,1039.22,1602.1,20.598,ok,model,measured (Vivado 2025.2 OOC),
mix3,Workload mix 3,3,area,3,False,LIFO,T2->T1->T0,1516.000000,199612,155368.0,88830.7,199612,135080,6.4250,1516,1050,0.012,111.1,1398.45,1669.7,21.560,ok,model,measured (Vivado 2025.2 OOC),
mix3,Workload mix 3,3,area,4,False,RR,T0->T1->T2,1594.000000,199612,110781.3,44244.0,199612,68200,4.0711,1594,1070,0.013,93.4,1186.10,1403.7,27.783,ok,model,measured (Vivado 2025.2 OOC),
mix3,Workload mix 3,3,area,5,False,PRI,T2->T1->T0,1663.000000,199612,155368.0,88830.7,199612,135080,6.4250,1663,1050,0.020,41.7,3725.85,626.7,95.737,ok,model,measured (Vivado 2025.2 OOC),
mix3,Workload mix 3,3,area,6,False,SRTF,T1->T0->T2,1854.000000,199612,90493.3,23956.0,199612,68200,3.0000,1854,490,0.018,21.1,4288.78,317.1,170.285,ok,model,measured (Vivado 2025.2 OOC),
mix3,Workload mix 3,3,area,7,False,SJF,T1->T0->T2,1999.000000,199612,90493.3,23956.0,199612,68200,3.0000,1999,1050,0.018,20.3,4457.80,305.1,176.996,ok,model,measured (Vivado 2025.2 OOC),
mix3,Workload mix 3,3,area,8,False,MLFQ,T0->T1->T2,2295.000000,199612,110781.3,44244.0,199612,68200,4.0711,2295,1044,0.024,90.9,1218.72,1366.2,52.703,ok,model,measured (Vivado 2025.2 OOC),
mix3,Workload mix 3,3,area,9,False,EDF,T0->T1->T2,2374.000000,199612,110781.3,44244.0,199612,68200,4.0711,2374,1050,0.024,19.0,5830.60,285.6,252.141,ok,model,measured (Vivado 2025.2 OOC),
mix3,Workload mix 3,3,area,10,False,HRRN,T0->T1->T2,2941.000000,199612,110781.3,44244.0,199612,68200,4.0711,2941,1002,0.126,6.5,17043.28,97.7,3869.402,ok,model,measured (Vivado 2025.2 OOC),
mix3,Workload mix 3,3,area,11,False,LRU,T0->T1->T2,3035.000000,199612,110781.3,44244.0,199612,68200,4.0711,3035,1594,0.027,19.2,5769.86,288.6,280.704,ok,model,measured (Vivado 2025.2 OOC),
mix3,Workload mix 3,3,area,12,False,AIMT,T0->T1->T2,3417.000000,199612,110781.3,44244.0,199612,68200,4.0711,3417,6565,0.025,86.7,1277.75,1303.0,57.558,ok,model,measured (Vivado 2025.2 OOC),164 CRITICAL WARNING(s) in synthesis -- see AIMT_vivado.log
mix3,Workload mix 3,3,area,13,False,BATCHDNN,T0->T1->T2,4657.000000,199612,110781.3,44244.0,199612,68200,4.0711,4657,6529,0.079,10.7,10353.40,160.8,1473.771,ok,model,measured (Vivado 2025.2 OOC),200 CRITICAL WARNING(s) in synthesis -- see BATCHDNN_vivado.log
mix3,Workload mix 3,3,area,,True,BATCHDNN_PP,T0->T1->T2,,199612,110781.3,44244.0,199612,68200,4.0711,,,,,,,,unavailable,model,measured (Vivado 2025.2 OOC),"STALE: last successful synthesis (2026-07-28 17:31) predates the multi-driven-reset fix; that netlist had current_batch/slice_remaining tied to GND, so its numbers do not describe the current RTL. Re-synthesis OOM-killed 4x on this machine: sampled peak was 14.9/15GB RAM with swap fully exhausted, i.e. Vivado needs ~12GB for this module. Re-run scripts/synth_scheduler_hw.py --only BATCHDNN_PP on a host with more swap."
mix3,Workload mix 3,3,power,1,False,MLQ,T0->T1->T2,0.008000,199612,110781.3,44244.0,199612,68200,4.0711,755,490,0.008,112.4,985.60,1689.3,14.207,ok,model,measured (Vivado 2025.2 OOC),
mix3,Workload mix 3,3,power,2,False,FIFO,T0->T1->T2,0.011000,199612,110781.3,44244.0,199612,68200,4.0711,1501,1050,0.011,106.6,1039.22,1602.1,20.598,ok,model,measured (Vivado 2025.2 OOC),
mix3,Workload mix 3,3,power,3,False,LIFO,T2->T1->T0,0.012000,199612,155368.0,88830.7,199612,135080,6.4250,1516,1050,0.012,111.1,1398.45,1669.7,21.560,ok,model,measured (Vivado 2025.2 OOC),
mix3,Workload mix 3,3,power,4,False,RR,T0->T1->T2,0.013000,199612,110781.3,44244.0,199612,68200,4.0711,1594,1070,0.013,93.4,1186.10,1403.7,27.783,ok,model,measured (Vivado 2025.2 OOC),
mix3,Workload mix 3,3,power,5,False,SJF,T1->T0->T2,0.018000,199612,90493.3,23956.0,199612,68200,3.0000,1999,1050,0.018,20.3,4457.80,305.1,176.996,ok,model,measured (Vivado 2025.2 OOC),
mix3,Workload mix 3,3,power,6,False,SRTF,T1->T0->T2,0.018000,199612,90493.3,23956.0,199612,68200,3.0000,1854,490,0.018,21.1,4288.78,317.1,170.285,ok,model,measured (Vivado 2025.2 OOC),
mix3,Workload mix 3,3,power,7,False,PRI,T2->T1->T0,0.020000,199612,155368.0,88830.7,199612,135080,6.4250,1663,1050,0.020,41.7,3725.85,626.7,95.737,ok,model,measured (Vivado 2025.2 OOC),
mix3,Workload mix 3,3,power,8,False,EDF,T0->T1->T2,0.024000,199612,110781.3,44244.0,199612,68200,4.0711,2374,1050,0.024,19.0,5830.60,285.6,252.141,ok,model,measured (Vivado 2025.2 OOC),
mix3,Workload mix 3,3,power,9,False,MLFQ,T0->T1->T2,0.024000,199612,110781.3,44244.0,199612,68200,4.0711,2295,1044,0.024,90.9,1218.72,1366.2,52.703,ok,model,measured (Vivado 2025.2 OOC),
mix3,Workload mix 3,3,power,10,False,AIMT,T0->T1->T2,0.025000,199612,110781.3,44244.0,199612,68200,4.0711,3417,6565,0.025,86.7,1277.75,1303.0,57.558,ok,model,measured (Vivado 2025.2 OOC),164 CRITICAL WARNING(s) in synthesis -- see AIMT_vivado.log
mix3,Workload mix 3,3,power,11,False,LRU,T0->T1->T2,0.027000,199612,110781.3,44244.0,199612,68200,4.0711,3035,1594,0.027,19.2,5769.86,288.6,280.704,ok,model,measured (Vivado 2025.2 OOC),
mix3,Workload mix 3,3,power,12,False,BATCHDNN,T0->T1->T2,0.079000,199612,110781.3,44244.0,199612,68200,4.0711,4657,6529,0.079,10.7,10353.40,160.8,1473.771,ok,model,measured (Vivado 2025.2 OOC),200 CRITICAL WARNING(s) in synthesis -- see BATCHDNN_vivado.log
mix3,Workload mix 3,3,power,13,False,HRRN,T0->T1->T2,0.126000,199612,110781.3,44244.0,199612,68200,4.0711,2941,1002,0.126,6.5,17043.28,97.7,3869.402,ok,model,measured (Vivado 2025.2 OOC),
mix3,Workload mix 3,3,power,,True,BATCHDNN_PP,T0->T1->T2,,199612,110781.3,44244.0,199612,68200,4.0711,,,,,,,,unavailable,model,measured (Vivado 2025.2 OOC),"STALE: last successful synthesis (2026-07-28 17:31) predates the multi-driven-reset fix; that netlist had current_batch/slice_remaining tied to GND, so its numbers do not describe the current RTL. Re-synthesis OOM-killed 4x on this machine: sampled peak was 14.9/15GB RAM with swap fully exhausted, i.e. Vivado needs ~12GB for this module. Re-run scripts/synth_scheduler_hw.py --only BATCHDNN_PP on a host with more swap."
mix3,Workload mix 3,3,weighted,1,False,SJF,T1->T0->T2,3.000000,199612,90493.3,23956.0,199612,68200,3.0000,1999,1050,0.018,20.3,4457.80,305.1,176.996,ok,model,measured (Vivado 2025.2 OOC),
mix3,Workload mix 3,3,weighted,2,False,SRTF,T1->T0->T2,3.000000,199612,90493.3,23956.0,199612,68200,3.0000,1854,490,0.018,21.1,4288.78,317.1,170.285,ok,model,measured (Vivado 2025.2 OOC),
mix3,Workload mix 3,3,weighted,3,False,AIMT,T0->T1->T2,4.071079,199612,110781.3,44244.0,199612,68200,4.0711,3417,6565,0.025,86.7,1277.75,1303.0,57.558,ok,model,measured (Vivado 2025.2 OOC),164 CRITICAL WARNING(s) in synthesis -- see AIMT_vivado.log
mix3,Workload mix 3,3,weighted,4,False,BATCHDNN,T0->T1->T2,4.071079,199612,110781.3,44244.0,199612,68200,4.0711,4657,6529,0.079,10.7,10353.40,160.8,1473.771,ok,model,measured (Vivado 2025.2 OOC),200 CRITICAL WARNING(s) in synthesis -- see BATCHDNN_vivado.log
mix3,Workload mix 3,3,weighted,5,False,BATCHDNN_PP,T0->T1->T2,4.071079,199612,110781.3,44244.0,199612,68200,4.0711,,,,,,,,unavailable,model,measured (Vivado 2025.2 OOC),"STALE: last successful synthesis (2026-07-28 17:31) predates the multi-driven-reset fix; that netlist had current_batch/slice_remaining tied to GND, so its numbers do not describe the current RTL. Re-synthesis OOM-killed 4x on this machine: sampled peak was 14.9/15GB RAM with swap fully exhausted, i.e. Vivado needs ~12GB for this module. Re-run scripts/synth_scheduler_hw.py --only BATCHDNN_PP on a host with more swap."
mix3,Workload mix 3,3,weighted,6,False,EDF,T0->T1->T2,4.071079,199612,110781.3,44244.0,199612,68200,4.0711,2374,1050,0.024,19.0,5830.60,285.6,252.141,ok,model,measured (Vivado 2025.2 OOC),
mix3,Workload mix 3,3,weighted,7,False,FIFO,T0->T1->T2,4.071079,199612,110781.3,44244.0,199612,68200,4.0711,1501,1050,0.011,106.6,1039.22,1602.1,20.598,ok,model,measured (Vivado 2025.2 OOC),
mix3,Workload mix 3,3,weighted,8,False,HRRN,T0->T1->T2,4.071079,199612,110781.3,44244.0,199612,68200,4.0711,2941,1002,0.126,6.5,17043.28,97.7,3869.402,ok,model,measured (Vivado 2025.2 OOC),
mix3,Workload mix 3,3,weighted,9,False,LRU,T0->T1->T2,4.071079,199612,110781.3,44244.0,199612,68200,4.0711,3035,1594,0.027,19.2,5769.86,288.6,280.704,ok,model,measured (Vivado 2025.2 OOC),
mix3,Workload mix 3,3,weighted,10,False,MLFQ,T0->T1->T2,4.071079,199612,110781.3,44244.0,199612,68200,4.0711,2295,1044,0.024,90.9,1218.72,1366.2,52.703,ok,model,measured (Vivado 2025.2 OOC),
mix3,Workload mix 3,3,weighted,11,False,MLQ,T0->T1->T2,4.071079,199612,110781.3,44244.0,199612,68200,4.0711,755,490,0.008,112.4,985.60,1689.3,14.207,ok,model,measured (Vivado 2025.2 OOC),
mix3,Workload mix 3,3,weighted,12,False,RR,T0->T1->T2,4.071079,199612,110781.3,44244.0,199612,68200,4.0711,1594,1070,0.013,93.4,1186.10,1403.7,27.783,ok,model,measured (Vivado 2025.2 OOC),
mix3,Workload mix 3,3,weighted,13,False,LIFO,T2->T1->T0,6.424976,199612,155368.0,88830.7,199612,135080,6.4250,1516,1050,0.012,111.1,1398.45,1669.7,21.560,ok,model,measured (Vivado 2025.2 OOC),
mix3,Workload mix 3,3,weighted,14,False,PRI,T2->T1->T0,6.424976,199612,155368.0,88830.7,199612,135080,6.4250,1663,1050,0.020,41.7,3725.85,626.7,95.737,ok,model,measured (Vivado 2025.2 OOC),
mix4,Workload mix 4,4,makespan,1,False,SJF,T1->T2->T3->T0,66064.000000,66064,20034.0,3518.0,66064,8956,3.0000,1999,1050,0.018,20.3,986.90,1229.1,58.579,ok,model,measured (Vivado 2025.2 OOC),
mix4,Workload mix 4,4,makespan,2,False,SRTF,T1->T2->T3->T0,66064.000000,66064,20034.0,3518.0,66064,8956,3.0000,1854,490,0.018,21.1,949.48,1277.5,56.358,ok,model,measured (Vivado 2025.2 OOC),
mix4,Workload mix 4,4,makespan,3,False,LIFO,T3->T2->T1->T0,66064.000000,66064,21954.0,5438.0,66064,8956,3.6416,1516,1050,0.012,111.1,197.61,6726.8,7.136,ok,model,measured (Vivado 2025.2 OOC),
mix4,Workload mix 4,4,makespan,4,False,PRI,T3->T2->T1->T0,66064.000000,66064,21954.0,5438.0,66064,8956,3.6416,1663,1050,0.020,41.7,526.47,2524.8,31.685,ok,model,measured (Vivado 2025.2 OOC),
mix4,Workload mix 4,4,makespan,5,False,AIMT,T0->T1->T2->T3,66064.000000,66064,60626.0,44110.0,66064,60604,16.5645,3417,6565,0.025,86.7,699.26,5249.5,19.050,ok,model,measured (Vivado 2025.2 OOC),164 CRITICAL WARNING(s) in synthesis -- see AIMT_vivado.log
mix4,Workload mix 4,4,makespan,6,False,BATCHDNN,T0->T1->T2->T3,66064.000000,66064,60626.0,44110.0,66064,60604,16.5645,4657,6529,0.079,10.7,5665.98,647.9,487.762,ok,model,measured (Vivado 2025.2 OOC),200 CRITICAL WARNING(s) in synthesis -- see BATCHDNN_vivado.log
mix4,Workload mix 4,4,makespan,7,False,BATCHDNN_PP,T0->T1->T2->T3,66064.000000,66064,60626.0,44110.0,66064,60604,16.5645,,,,,,,,unavailable,model,measured (Vivado 2025.2 OOC),"STALE: last successful synthesis (2026-07-28 17:31) predates the multi-driven-reset fix; that netlist had current_batch/slice_remaining tied to GND, so its numbers do not describe the current RTL. Re-synthesis OOM-killed 4x on this machine: sampled peak was 14.9/15GB RAM with swap fully exhausted, i.e. Vivado needs ~12GB for this module. Re-run scripts/synth_scheduler_hw.py --only BATCHDNN_PP on a host with more swap."
mix4,Workload mix 4,4,makespan,8,False,EDF,T0->T1->T2->T3,66064.000000,66064,60626.0,44110.0,66064,60604,16.5645,2374,1050,0.024,19.0,3190.84,1150.4,83.449,ok,model,measured (Vivado 2025.2 OOC),
mix4,Workload mix 4,4,makespan,9,False,FIFO,T0->T1->T2->T3,66064.000000,66064,60626.0,44110.0,66064,60604,16.5645,1501,1050,0.011,106.6,568.72,6454.3,6.817,ok,model,measured (Vivado 2025.2 OOC),
mix4,Workload mix 4,4,makespan,10,False,HRRN,T0->T1->T2->T3,66064.000000,66064,60626.0,44110.0,66064,60604,16.5645,2941,1002,0.126,6.5,9327.08,393.6,1280.625,ok,model,measured (Vivado 2025.2 OOC),
mix4,Workload mix 4,4,makespan,11,False,LRU,T0->T1->T2->T3,66064.000000,66064,60626.0,44110.0,66064,60604,16.5645,3035,1594,0.027,19.2,3157.60,1162.5,92.903,ok,model,measured (Vivado 2025.2 OOC),
mix4,Workload mix 4,4,makespan,12,False,MLFQ,T0->T1->T2->T3,66064.000000,66064,60626.0,44110.0,66064,60604,16.5645,2295,1044,0.024,90.9,666.95,5503.8,17.443,ok,model,measured (Vivado 2025.2 OOC),
mix4,Workload mix 4,4,makespan,13,False,MLQ,T0->T1->T2->T3,66064.000000,66064,60626.0,44110.0,66064,60604,16.5645,755,490,0.008,112.4,539.38,6805.5,4.702,ok,model,measured (Vivado 2025.2 OOC),
mix4,Workload mix 4,4,makespan,14,False,RR,T0->T1->T2->T3,66064.000000,66064,60626.0,44110.0,66064,60604,16.5645,1594,1070,0.013,93.4,649.10,5655.1,9.195,ok,model,measured (Vivado 2025.2 OOC),
mix4,Workload mix 4,4,turnaround,1,False,SJF,T1->T2->T3->T0,20034.000000,66064,20034.0,3518.0,66064,8956,3.0000,1999,1050,0.018,20.3,986.90,1229.1,58.579,ok,model,measured (Vivado 2025.2 OOC),
mix4,Workload mix 4,4,turnaround,2,False,SRTF,T1->T2->T3->T0,20034.000000,66064,20034.0,3518.0,66064,8956,3.0000,1854,490,0.018,21.1,949.48,1277.5,56.358,ok,model,measured (Vivado 2025.2 OOC),
mix4,Workload mix 4,4,turnaround,3,False,LIFO,T3->T2->T1->T0,21954.000000,66064,21954.0,5438.0,66064,8956,3.6416,1516,1050,0.012,111.1,197.61,6726.8,7.136,ok,model,measured (Vivado 2025.2 OOC),
mix4,Workload mix 4,4,turnaround,4,False,PRI,T3->T2->T1->T0,21954.000000,66064,21954.0,5438.0,66064,8956,3.6416,1663,1050,0.020,41.7,526.47,2524.8,31.685,ok,model,measured (Vivado 2025.2 OOC),
mix4,Workload mix 4,4,turnaround,5,False,AIMT,T0->T1->T2->T3,60626.000000,66064,60626.0,44110.0,66064,60604,16.5645,3417,6565,0.025,86.7,699.26,5249.5,19.050,ok,model,measured (Vivado 2025.2 OOC),164 CRITICAL WARNING(s) in synthesis -- see AIMT_vivado.log
mix4,Workload mix 4,4,turnaround,6,False,BATCHDNN,T0->T1->T2->T3,60626.000000,66064,60626.0,44110.0,66064,60604,16.5645,4657,6529,0.079,10.7,5665.98,647.9,487.762,ok,model,measured (Vivado 2025.2 OOC),200 CRITICAL WARNING(s) in synthesis -- see BATCHDNN_vivado.log
mix4,Workload mix 4,4,turnaround,7,False,BATCHDNN_PP,T0->T1->T2->T3,60626.000000,66064,60626.0,44110.0,66064,60604,16.5645,,,,,,,,unavailable,model,measured (Vivado 2025.2 OOC),"STALE: last successful synthesis (2026-07-28 17:31) predates the multi-driven-reset fix; that netlist had current_batch/slice_remaining tied to GND, so its numbers do not describe the current RTL. Re-synthesis OOM-killed 4x on this machine: sampled peak was 14.9/15GB RAM with swap fully exhausted, i.e. Vivado needs ~12GB for this module. Re-run scripts/synth_scheduler_hw.py --only BATCHDNN_PP on a host with more swap."
mix4,Workload mix 4,4,turnaround,8,False,EDF,T0->T1->T2->T3,60626.000000,66064,60626.0,44110.0,66064,60604,16.5645,2374,1050,0.024,19.0,3190.84,1150.4,83.449,ok,model,measured (Vivado 2025.2 OOC),
mix4,Workload mix 4,4,turnaround,9,False,FIFO,T0->T1->T2->T3,60626.000000,66064,60626.0,44110.0,66064,60604,16.5645,1501,1050,0.011,106.6,568.72,6454.3,6.817,ok,model,measured (Vivado 2025.2 OOC),
mix4,Workload mix 4,4,turnaround,10,False,HRRN,T0->T1->T2->T3,60626.000000,66064,60626.0,44110.0,66064,60604,16.5645,2941,1002,0.126,6.5,9327.08,393.6,1280.625,ok,model,measured (Vivado 2025.2 OOC),
mix4,Workload mix 4,4,turnaround,11,False,LRU,T0->T1->T2->T3,60626.000000,66064,60626.0,44110.0,66064,60604,16.5645,3035,1594,0.027,19.2,3157.60,1162.5,92.903,ok,model,measured (Vivado 2025.2 OOC),
mix4,Workload mix 4,4,turnaround,12,False,MLFQ,T0->T1->T2->T3,60626.000000,66064,60626.0,44110.0,66064,60604,16.5645,2295,1044,0.024,90.9,666.95,5503.8,17.443,ok,model,measured (Vivado 2025.2 OOC),
mix4,Workload mix 4,4,turnaround,13,False,MLQ,T0->T1->T2->T3,60626.000000,66064,60626.0,44110.0,66064,60604,16.5645,755,490,0.008,112.4,539.38,6805.5,4.702,ok,model,measured (Vivado 2025.2 OOC),
mix4,Workload mix 4,4,turnaround,14,False,RR,T0->T1->T2->T3,60626.000000,66064,60626.0,44110.0,66064,60604,16.5645,1594,1070,0.013,93.4,649.10,5655.1,9.195,ok,model,measured (Vivado 2025.2 OOC),
mix4,Workload mix 4,4,turnaround_us,1,False,LIFO,T3->T2->T1->T0,197.605761,66064,21954.0,5438.0,66064,8956,3.6416,1516,1050,0.012,111.1,197.61,6726.8,7.136,ok,model,measured (Vivado 2025.2 OOC),
mix4,Workload mix 4,4,turnaround_us,2,False,PRI,T3->T2->T1->T0,526.474820,66064,21954.0,5438.0,66064,8956,3.6416,1663,1050,0.020,41.7,526.47,2524.8,31.685,ok,model,measured (Vivado 2025.2 OOC),
mix4,Workload mix 4,4,turnaround_us,3,False,MLQ,T0->T1->T2->T3,539.377224,66064,60626.0,44110.0,66064,60604,16.5645,755,490,0.008,112.4,539.38,6805.5,4.702,ok,model,measured (Vivado 2025.2 OOC),
mix4,Workload mix 4,4,turnaround_us,4,False,FIFO,T0->T1->T2->T3,568.724203,66064,60626.0,44110.0,66064,60604,16.5645,1501,1050,0.011,106.6,568.72,6454.3,6.817,ok,model,measured (Vivado 2025.2 OOC),
mix4,Workload mix 4,4,turnaround_us,5,False,RR,T0->T1->T2->T3,649.100642,66064,60626.0,44110.0,66064,60604,16.5645,1594,1070,0.013,93.4,649.10,5655.1,9.195,ok,model,measured (Vivado 2025.2 OOC),
mix4,Workload mix 4,4,turnaround_us,6,False,MLFQ,T0->T1->T2->T3,666.952695,66064,60626.0,44110.0,66064,60604,16.5645,2295,1044,0.024,90.9,666.95,5503.8,17.443,ok,model,measured (Vivado 2025.2 OOC),
mix4,Workload mix 4,4,turnaround_us,7,False,AIMT,T0->T1->T2->T3,699.261822,66064,60626.0,44110.0,66064,60604,16.5645,3417,6565,0.025,86.7,699.26,5249.5,19.050,ok,model,measured (Vivado 2025.2 OOC),164 CRITICAL WARNING(s) in synthesis -- see AIMT_vivado.log
mix4,Workload mix 4,4,turnaround_us,8,False,SRTF,T1->T2->T3->T0,949.478673,66064,20034.0,3518.0,66064,8956,3.0000,1854,490,0.018,21.1,949.48,1277.5,56.358,ok,model,measured (Vivado 2025.2 OOC),
mix4,Workload mix 4,4,turnaround_us,9,False,SJF,T1->T2->T3->T0,986.896552,66064,20034.0,3518.0,66064,8956,3.0000,1999,1050,0.018,20.3,986.90,1229.1,58.579,ok,model,measured (Vivado 2025.2 OOC),
mix4,Workload mix 4,4,turnaround_us,10,False,LRU,T0->T1->T2->T3,3157.604167,66064,60626.0,44110.0,66064,60604,16.5645,3035,1594,0.027,19.2,3157.60,1162.5,92.903,ok,model,measured (Vivado 2025.2 OOC),
mix4,Workload mix 4,4,turnaround_us,11,False,EDF,T0->T1->T2->T3,3190.842105,66064,60626.0,44110.0,66064,60604,16.5645,2374,1050,0.024,19.0,3190.84,1150.4,83.449,ok,model,measured (Vivado 2025.2 OOC),
mix4,Workload mix 4,4,turnaround_us,12,False,BATCHDNN,T0->T1->T2->T3,5665.981308,66064,60626.0,44110.0,66064,60604,16.5645,4657,6529,0.079,10.7,5665.98,647.9,487.762,ok,model,measured (Vivado 2025.2 OOC),200 CRITICAL WARNING(s) in synthesis -- see BATCHDNN_vivado.log
mix4,Workload mix 4,4,turnaround_us,13,False,HRRN,T0->T1->T2->T3,9327.076923,66064,60626.0,44110.0,66064,60604,16.5645,2941,1002,0.126,6.5,9327.08,393.6,1280.625,ok,model,measured (Vivado 2025.2 OOC),
mix4,Workload mix 4,4,turnaround_us,,True,BATCHDNN_PP,T0->T1->T2->T3,,66064,60626.0,44110.0,66064,60604,16.5645,,,,,,,,unavailable,model,measured (Vivado 2025.2 OOC),"STALE: last successful synthesis (2026-07-28 17:31) predates the multi-driven-reset fix; that netlist had current_batch/slice_remaining tied to GND, so its numbers do not describe the current RTL. Re-synthesis OOM-killed 4x on this machine: sampled peak was 14.9/15GB RAM with swap fully exhausted, i.e. Vivado needs ~12GB for this module. Re-run scripts/synth_scheduler_hw.py --only BATCHDNN_PP on a host with more swap."
mix4,Workload mix 4,4,wait,1,False,SJF,T1->T2->T3->T0,3518.000000,66064,20034.0,3518.0,66064,8956,3.0000,1999,1050,0.018,20.3,986.90,1229.1,58.579,ok,model,measured (Vivado 2025.2 OOC),
mix4,Workload mix 4,4,wait,2,False,SRTF,T1->T2->T3->T0,3518.000000,66064,20034.0,3518.0,66064,8956,3.0000,1854,490,0.018,21.1,949.48,1277.5,56.358,ok,model,measured (Vivado 2025.2 OOC),
mix4,Workload mix 4,4,wait,3,False,LIFO,T3->T2->T1->T0,5438.000000,66064,21954.0,5438.0,66064,8956,3.6416,1516,1050,0.012,111.1,197.61,6726.8,7.136,ok,model,measured (Vivado 2025.2 OOC),
mix4,Workload mix 4,4,wait,4,False,PRI,T3->T2->T1->T0,5438.000000,66064,21954.0,5438.0,66064,8956,3.6416,1663,1050,0.020,41.7,526.47,2524.8,31.685,ok,model,measured (Vivado 2025.2 OOC),
mix4,Workload mix 4,4,wait,5,False,AIMT,T0->T1->T2->T3,44110.000000,66064,60626.0,44110.0,66064,60604,16.5645,3417,6565,0.025,86.7,699.26,5249.5,19.050,ok,model,measured (Vivado 2025.2 OOC),164 CRITICAL WARNING(s) in synthesis -- see AIMT_vivado.log
mix4,Workload mix 4,4,wait,6,False,BATCHDNN,T0->T1->T2->T3,44110.000000,66064,60626.0,44110.0,66064,60604,16.5645,4657,6529,0.079,10.7,5665.98,647.9,487.762,ok,model,measured (Vivado 2025.2 OOC),200 CRITICAL WARNING(s) in synthesis -- see BATCHDNN_vivado.log
mix4,Workload mix 4,4,wait,7,False,BATCHDNN_PP,T0->T1->T2->T3,44110.000000,66064,60626.0,44110.0,66064,60604,16.5645,,,,,,,,unavailable,model,measured (Vivado 2025.2 OOC),"STALE: last successful synthesis (2026-07-28 17:31) predates the multi-driven-reset fix; that netlist had current_batch/slice_remaining tied to GND, so its numbers do not describe the current RTL. Re-synthesis OOM-killed 4x on this machine: sampled peak was 14.9/15GB RAM with swap fully exhausted, i.e. Vivado needs ~12GB for this module. Re-run scripts/synth_scheduler_hw.py --only BATCHDNN_PP on a host with more swap."
mix4,Workload mix 4,4,wait,8,False,EDF,T0->T1->T2->T3,44110.000000,66064,60626.0,44110.0,66064,60604,16.5645,2374,1050,0.024,19.0,3190.84,1150.4,83.449,ok,model,measured (Vivado 2025.2 OOC),
mix4,Workload mix 4,4,wait,9,False,FIFO,T0->T1->T2->T3,44110.000000,66064,60626.0,44110.0,66064,60604,16.5645,1501,1050,0.011,106.6,568.72,6454.3,6.817,ok,model,measured (Vivado 2025.2 OOC),
mix4,Workload mix 4,4,wait,10,False,HRRN,T0->T1->T2->T3,44110.000000,66064,60626.0,44110.0,66064,60604,16.5645,2941,1002,0.126,6.5,9327.08,393.6,1280.625,ok,model,measured (Vivado 2025.2 OOC),
mix4,Workload mix 4,4,wait,11,False,LRU,T0->T1->T2->T3,44110.000000,66064,60626.0,44110.0,66064,60604,16.5645,3035,1594,0.027,19.2,3157.60,1162.5,92.903,ok,model,measured (Vivado 2025.2 OOC),
mix4,Workload mix 4,4,wait,12,False,MLFQ,T0->T1->T2->T3,44110.000000,66064,60626.0,44110.0,66064,60604,16.5645,2295,1044,0.024,90.9,666.95,5503.8,17.443,ok,model,measured (Vivado 2025.2 OOC),
mix4,Workload mix 4,4,wait,13,False,MLQ,T0->T1->T2->T3,44110.000000,66064,60626.0,44110.0,66064,60604,16.5645,755,490,0.008,112.4,539.38,6805.5,4.702,ok,model,measured (Vivado 2025.2 OOC),
mix4,Workload mix 4,4,wait,14,False,RR,T0->T1->T2->T3,44110.000000,66064,60626.0,44110.0,66064,60604,16.5645,1594,1070,0.013,93.4,649.10,5655.1,9.195,ok,model,measured (Vivado 2025.2 OOC),
mix4,Workload mix 4,4,throughput,1,False,MLQ,T0->T1->T2->T3,6805.521918,66064,60626.0,44110.0,66064,60604,16.5645,755,490,0.008,112.4,539.38,6805.5,4.702,ok,model,measured (Vivado 2025.2 OOC),
mix4,Workload mix 4,4,throughput,2,False,LIFO,T3->T2->T1->T0,6726.810366,66064,21954.0,5438.0,66064,8956,3.6416,1516,1050,0.012,111.1,197.61,6726.8,7.136,ok,model,measured (Vivado 2025.2 OOC),
mix4,Workload mix 4,4,throughput,3,False,FIFO,T0->T1->T2->T3,6454.347300,66064,60626.0,44110.0,66064,60604,16.5645,1501,1050,0.011,106.6,568.72,6454.3,6.817,ok,model,measured (Vivado 2025.2 OOC),
mix4,Workload mix 4,4,throughput,4,False,RR,T0->T1->T2->T3,5655.122306,66064,60626.0,44110.0,66064,60604,16.5645,1594,1070,0.013,93.4,649.10,5655.1,9.195,ok,model,measured (Vivado 2025.2 OOC),
mix4,Workload mix 4,4,throughput,5,False,MLFQ,T0->T1->T2->T3,5503.753936,66064,60626.0,44110.0,66064,60604,16.5645,2295,1044,0.024,90.9,666.95,5503.8,17.443,ok,model,measured (Vivado 2025.2 OOC),
mix4,Workload mix 4,4,throughput,6,False,AIMT,T0->T1->T2->T3,5249.455074,66064,60626.0,44110.0,66064,60604,16.5645,3417,6565,0.025,86.7,699.26,5249.5,19.050,ok,model,measured (Vivado 2025.2 OOC),164 CRITICAL WARNING(s) in synthesis -- see AIMT_vivado.log
mix4,Workload mix 4,4,throughput,7,False,PRI,T3->T2->T1->T0,2524.824413,66064,21954.0,5438.0,66064,8956,3.6416,1663,1050,0.020,41.7,526.47,2524.8,31.685,ok,model,measured (Vivado 2025.2 OOC),
mix4,Workload mix 4,4,throughput,8,False,SRTF,T1->T2->T3->T0,1277.549043,66064,20034.0,3518.0,66064,8956,3.0000,1854,490,0.018,21.1,949.48,1277.5,56.358,ok,model,measured (Vivado 2025.2 OOC),
mix4,Workload mix 4,4,throughput,9,False,SJF,T1->T2->T3->T0,1229.111165,66064,20034.0,3518.0,66064,8956,3.0000,1999,1050,0.018,20.3,986.90,1229.1,58.579,ok,model,measured (Vivado 2025.2 OOC),
mix4,Workload mix 4,4,throughput,10,False,LRU,T0->T1->T2->T3,1162.509082,66064,60626.0,44110.0,66064,60604,16.5645,3035,1594,0.027,19.2,3157.60,1162.5,92.903,ok,model,measured (Vivado 2025.2 OOC),
mix4,Workload mix 4,4,throughput,11,False,EDF,T0->T1->T2->T3,1150.399612,66064,60626.0,44110.0,66064,60604,16.5645,2374,1050,0.024,19.0,3190.84,1150.4,83.449,ok,model,measured (Vivado 2025.2 OOC),
mix4,Workload mix 4,4,throughput,12,False,BATCHDNN,T0->T1->T2->T3,647.856624,66064,60626.0,44110.0,66064,60604,16.5645,4657,6529,0.079,10.7,5665.98,647.9,487.762,ok,model,measured (Vivado 2025.2 OOC),200 CRITICAL WARNING(s) in synthesis -- see BATCHDNN_vivado.log
mix4,Workload mix 4,4,throughput,13,False,HRRN,T0->T1->T2->T3,393.557762,66064,60626.0,44110.0,66064,60604,16.5645,2941,1002,0.126,6.5,9327.08,393.6,1280.625,ok,model,measured (Vivado 2025.2 OOC),
mix4,Workload mix 4,4,throughput,,True,BATCHDNN_PP,T0->T1->T2->T3,,66064,60626.0,44110.0,66064,60604,16.5645,,,,,,,,unavailable,model,measured (Vivado 2025.2 OOC),"STALE: last successful synthesis (2026-07-28 17:31) predates the multi-driven-reset fix; that netlist had current_batch/slice_remaining tied to GND, so its numbers do not describe the current RTL. Re-synthesis OOM-killed 4x on this machine: sampled peak was 14.9/15GB RAM with swap fully exhausted, i.e. Vivado needs ~12GB for this module. Re-run scripts/synth_scheduler_hw.py --only BATCHDNN_PP on a host with more swap."
mix4,Workload mix 4,4,area,1,False,MLQ,T0->T1->T2->T3,755.000000,66064,60626.0,44110.0,66064,60604,16.5645,755,490,0.008,112.4,539.38,6805.5,4.702,ok,model,measured (Vivado 2025.2 OOC),
mix4,Workload mix 4,4,area,2,False,FIFO,T0->T1->T2->T3,1501.000000,66064,60626.0,44110.0,66064,60604,16.5645,1501,1050,0.011,106.6,568.72,6454.3,6.817,ok,model,measured (Vivado 2025.2 OOC),
mix4,Workload mix 4,4,area,3,False,LIFO,T3->T2->T1->T0,1516.000000,66064,21954.0,5438.0,66064,8956,3.6416,1516,1050,0.012,111.1,197.61,6726.8,7.136,ok,model,measured (Vivado 2025.2 OOC),
mix4,Workload mix 4,4,area,4,False,RR,T0->T1->T2->T3,1594.000000,66064,60626.0,44110.0,66064,60604,16.5645,1594,1070,0.013,93.4,649.10,5655.1,9.195,ok,model,measured (Vivado 2025.2 OOC),
mix4,Workload mix 4,4,area,5,False,PRI,T3->T2->T1->T0,1663.000000,66064,21954.0,5438.0,66064,8956,3.6416,1663,1050,0.020,41.7,526.47,2524.8,31.685,ok,model,measured (Vivado 2025.2 OOC),
mix4,Workload mix 4,4,area,6,False,SRTF,T1->T2->T3->T0,1854.000000,66064,20034.0,3518.0,66064,8956,3.0000,1854,490,0.018,21.1,949.48,1277.5,56.358,ok,model,measured (Vivado 2025.2 OOC),
mix4,Workload mix 4,4,area,7,False,SJF,T1->T2->T3->T0,1999.000000,66064,20034.0,3518.0,66064,8956,3.0000,1999,1050,0.018,20.3,986.90,1229.1,58.579,ok,model,measured (Vivado 2025.2 OOC),
mix4,Workload mix 4,4,area,8,False,MLFQ,T0->T1->T2->T3,2295.000000,66064,60626.0,44110.0,66064,60604,16.5645,2295,1044,0.024,90.9,666.95,5503.8,17.443,ok,model,measured (Vivado 2025.2 OOC),
mix4,Workload mix 4,4,area,9,False,EDF,T0->T1->T2->T3,2374.000000,66064,60626.0,44110.0,66064,60604,16.5645,2374,1050,0.024,19.0,3190.84,1150.4,83.449,ok,model,measured (Vivado 2025.2 OOC),
mix4,Workload mix 4,4,area,10,False,HRRN,T0->T1->T2->T3,2941.000000,66064,60626.0,44110.0,66064,60604,16.5645,2941,1002,0.126,6.5,9327.08,393.6,1280.625,ok,model,measured (Vivado 2025.2 OOC),
mix4,Workload mix 4,4,area,11,False,LRU,T0->T1->T2->T3,3035.000000,66064,60626.0,44110.0,66064,60604,16.5645,3035,1594,0.027,19.2,3157.60,1162.5,92.903,ok,model,measured (Vivado 2025.2 OOC),
mix4,Workload mix 4,4,area,12,False,AIMT,T0->T1->T2->T3,3417.000000,66064,60626.0,44110.0,66064,60604,16.5645,3417,6565,0.025,86.7,699.26,5249.5,19.050,ok,model,measured (Vivado 2025.2 OOC),164 CRITICAL WARNING(s) in synthesis -- see AIMT_vivado.log
mix4,Workload mix 4,4,area,13,False,BATCHDNN,T0->T1->T2->T3,4657.000000,66064,60626.0,44110.0,66064,60604,16.5645,4657,6529,0.079,10.7,5665.98,647.9,487.762,ok,model,measured (Vivado 2025.2 OOC),200 CRITICAL WARNING(s) in synthesis -- see BATCHDNN_vivado.log
mix4,Workload mix 4,4,area,,True,BATCHDNN_PP,T0->T1->T2->T3,,66064,60626.0,44110.0,66064,60604,16.5645,,,,,,,,unavailable,model,measured (Vivado 2025.2 OOC),"STALE: last successful synthesis (2026-07-28 17:31) predates the multi-driven-reset fix; that netlist had current_batch/slice_remaining tied to GND, so its numbers do not describe the current RTL. Re-synthesis OOM-killed 4x on this machine: sampled peak was 14.9/15GB RAM with swap fully exhausted, i.e. Vivado needs ~12GB for this module. Re-run scripts/synth_scheduler_hw.py --only BATCHDNN_PP on a host with more swap."
mix4,Workload mix 4,4,power,1,False,MLQ,T0->T1->T2->T3,0.008000,66064,60626.0,44110.0,66064,60604,16.5645,755,490,0.008,112.4,539.38,6805.5,4.702,ok,model,measured (Vivado 2025.2 OOC),
mix4,Workload mix 4,4,power,2,False,FIFO,T0->T1->T2->T3,0.011000,66064,60626.0,44110.0,66064,60604,16.5645,1501,1050,0.011,106.6,568.72,6454.3,6.817,ok,model,measured (Vivado 2025.2 OOC),
mix4,Workload mix 4,4,power,3,False,LIFO,T3->T2->T1->T0,0.012000,66064,21954.0,5438.0,66064,8956,3.6416,1516,1050,0.012,111.1,197.61,6726.8,7.136,ok,model,measured (Vivado 2025.2 OOC),
mix4,Workload mix 4,4,power,4,False,RR,T0->T1->T2->T3,0.013000,66064,60626.0,44110.0,66064,60604,16.5645,1594,1070,0.013,93.4,649.10,5655.1,9.195,ok,model,measured (Vivado 2025.2 OOC),
mix4,Workload mix 4,4,power,5,False,SJF,T1->T2->T3->T0,0.018000,66064,20034.0,3518.0,66064,8956,3.0000,1999,1050,0.018,20.3,986.90,1229.1,58.579,ok,model,measured (Vivado 2025.2 OOC),
mix4,Workload mix 4,4,power,6,False,SRTF,T1->T2->T3->T0,0.018000,66064,20034.0,3518.0,66064,8956,3.0000,1854,490,0.018,21.1,949.48,1277.5,56.358,ok,model,measured (Vivado 2025.2 OOC),
mix4,Workload mix 4,4,power,7,False,PRI,T3->T2->T1->T0,0.020000,66064,21954.0,5438.0,66064,8956,3.6416,1663,1050,0.020,41.7,526.47,2524.8,31.685,ok,model,measured (Vivado 2025.2 OOC),
mix4,Workload mix 4,4,power,8,False,EDF,T0->T1->T2->T3,0.024000,66064,60626.0,44110.0,66064,60604,16.5645,2374,1050,0.024,19.0,3190.84,1150.4,83.449,ok,model,measured (Vivado 2025.2 OOC),
mix4,Workload mix 4,4,power,9,False,MLFQ,T0->T1->T2->T3,0.024000,66064,60626.0,44110.0,66064,60604,16.5645,2295,1044,0.024,90.9,666.95,5503.8,17.443,ok,model,measured (Vivado 2025.2 OOC),
mix4,Workload mix 4,4,power,10,False,AIMT,T0->T1->T2->T3,0.025000,66064,60626.0,44110.0,66064,60604,16.5645,3417,6565,0.025,86.7,699.26,5249.5,19.050,ok,model,measured (Vivado 2025.2 OOC),164 CRITICAL WARNING(s) in synthesis -- see AIMT_vivado.log
mix4,Workload mix 4,4,power,11,False,LRU,T0->T1->T2->T3,0.027000,66064,60626.0,44110.0,66064,60604,16.5645,3035,1594,0.027,19.2,3157.60,1162.5,92.903,ok,model,measured (Vivado 2025.2 OOC),
mix4,Workload mix 4,4,power,12,False,BATCHDNN,T0->T1->T2->T3,0.079000,66064,60626.0,44110.0,66064,60604,16.5645,4657,6529,0.079,10.7,5665.98,647.9,487.762,ok,model,measured (Vivado 2025.2 OOC),200 CRITICAL WARNING(s) in synthesis -- see BATCHDNN_vivado.log
mix4,Workload mix 4,4,power,13,False,HRRN,T0->T1->T2->T3,0.126000,66064,60626.0,44110.0,66064,60604,16.5645,2941,1002,0.126,6.5,9327.08,393.6,1280.625,ok,model,measured (Vivado 2025.2 OOC),
mix4,Workload mix 4,4,power,,True,BATCHDNN_PP,T0->T1->T2->T3,,66064,60626.0,44110.0,66064,60604,16.5645,,,,,,,,unavailable,model,measured (Vivado 2025.2 OOC),"STALE: last successful synthesis (2026-07-28 17:31) predates the multi-driven-reset fix; that netlist had current_batch/slice_remaining tied to GND, so its numbers do not describe the current RTL. Re-synthesis OOM-killed 4x on this machine: sampled peak was 14.9/15GB RAM with swap fully exhausted, i.e. Vivado needs ~12GB for this module. Re-run scripts/synth_scheduler_hw.py --only BATCHDNN_PP on a host with more swap."
mix4,Workload mix 4,4,weighted,1,False,SJF,T1->T2->T3->T0,3.000000,66064,20034.0,3518.0,66064,8956,3.0000,1999,1050,0.018,20.3,986.90,1229.1,58.579,ok,model,measured (Vivado 2025.2 OOC),
mix4,Workload mix 4,4,weighted,2,False,SRTF,T1->T2->T3->T0,3.000000,66064,20034.0,3518.0,66064,8956,3.0000,1854,490,0.018,21.1,949.48,1277.5,56.358,ok,model,measured (Vivado 2025.2 OOC),
mix4,Workload mix 4,4,weighted,3,False,LIFO,T3->T2->T1->T0,3.641602,66064,21954.0,5438.0,66064,8956,3.6416,1516,1050,0.012,111.1,197.61,6726.8,7.136,ok,model,measured (Vivado 2025.2 OOC),
mix4,Workload mix 4,4,weighted,4,False,PRI,T3->T2->T1->T0,3.641602,66064,21954.0,5438.0,66064,8956,3.6416,1663,1050,0.020,41.7,526.47,2524.8,31.685,ok,model,measured (Vivado 2025.2 OOC),
mix4,Workload mix 4,4,weighted,5,False,AIMT,T0->T1->T2->T3,16.564530,66064,60626.0,44110.0,66064,60604,16.5645,3417,6565,0.025,86.7,699.26,5249.5,19.050,ok,model,measured (Vivado 2025.2 OOC),164 CRITICAL WARNING(s) in synthesis -- see AIMT_vivado.log
mix4,Workload mix 4,4,weighted,6,False,BATCHDNN,T0->T1->T2->T3,16.564530,66064,60626.0,44110.0,66064,60604,16.5645,4657,6529,0.079,10.7,5665.98,647.9,487.762,ok,model,measured (Vivado 2025.2 OOC),200 CRITICAL WARNING(s) in synthesis -- see BATCHDNN_vivado.log
mix4,Workload mix 4,4,weighted,7,False,BATCHDNN_PP,T0->T1->T2->T3,16.564530,66064,60626.0,44110.0,66064,60604,16.5645,,,,,,,,unavailable,model,measured (Vivado 2025.2 OOC),"STALE: last successful synthesis (2026-07-28 17:31) predates the multi-driven-reset fix; that netlist had current_batch/slice_remaining tied to GND, so its numbers do not describe the current RTL. Re-synthesis OOM-killed 4x on this machine: sampled peak was 14.9/15GB RAM with swap fully exhausted, i.e. Vivado needs ~12GB for this module. Re-run scripts/synth_scheduler_hw.py --only BATCHDNN_PP on a host with more swap."
mix4,Workload mix 4,4,weighted,8,False,EDF,T0->T1->T2->T3,16.564530,66064,60626.0,44110.0,66064,60604,16.5645,2374,1050,0.024,19.0,3190.84,1150.4,83.449,ok,model,measured (Vivado 2025.2 OOC),
mix4,Workload mix 4,4,weighted,9,False,FIFO,T0->T1->T2->T3,16.564530,66064,60626.0,44110.0,66064,60604,16.5645,1501,1050,0.011,106.6,568.72,6454.3,6.817,ok,model,measured (Vivado 2025.2 OOC),
mix4,Workload mix 4,4,weighted,10,False,HRRN,T0->T1->T2->T3,16.564530,66064,60626.0,44110.0,66064,60604,16.5645,2941,1002,0.126,6.5,9327.08,393.6,1280.625,ok,model,measured (Vivado 2025.2 OOC),
mix4,Workload mix 4,4,weighted,11,False,LRU,T0->T1->T2->T3,16.564530,66064,60626.0,44110.0,66064,60604,16.5645,3035,1594,0.027,19.2,3157.60,1162.5,92.903,ok,model,measured (Vivado 2025.2 OOC),
mix4,Workload mix 4,4,weighted,12,False,MLFQ,T0->T1->T2->T3,16.564530,66064,60626.0,44110.0,66064,60604,16.5645,2295,1044,0.024,90.9,666.95,5503.8,17.443,ok,model,measured (Vivado 2025.2 OOC),
mix4,Workload mix 4,4,weighted,13,False,MLQ,T0->T1->T2->T3,16.564530,66064,60626.0,44110.0,66064,60604,16.5645,755,490,0.008,112.4,539.38,6805.5,4.702,ok,model,measured (Vivado 2025.2 OOC),
mix4,Workload mix 4,4,weighted,14,False,RR,T0->T1->T2->T3,16.564530,66064,60626.0,44110.0,66064,60604,16.5645,1594,1070,0.013,93.4,649.10,5655.1,9.195,ok,model,measured (Vivado 2025.2 OOC),
